route_id,day_of_week,hour,sample_count,avg_delay_seconds,max_delay_seconds
17325_700,Friday,21,373,7.7,180.0
17457_700,Friday,21,454,-13.2,180.0
17464_700,Friday,21,122,9.3,60.0
27276_700,Friday,21,15,744.0,840.0
17459_900,Friday,21,739,65.8,420.0
17381_700,Friday,21,119,12.1,60.0
17296_700,Friday,21,100,22.2,120.0
17461_700,Friday,21,420,7.7,120.0
17311_700,Friday,21,464,19.0,180.0
17314_700,Friday,21,285,-0.2,60.0
17455_700,Friday,21,631,5.6,180.0
17460_900,Friday,21,1172,25.6,540.0
23414_700,Friday,21,181,-32.8,0.0
17348_700,Friday,21,264,-12.3,120.0
17373_700,Friday,21,283,18.8,60.0
17407_700,Friday,21,45,-4.0,0.0
17454_700,Friday,21,126,18.6,180.0
17514_400,Friday,21,1164,12.4,360.0
17315_700,Friday,21,106,29.4,240.0
17363_700,Friday,21,106,7.3,120.0
17525_400,Friday,21,569,8.1,120.0
17299_700,Friday,21,285,52.6,180.0
17367_700,Friday,21,388,-10.4,120.0
17445_700,Friday,21,131,0.9,60.0
17518_400,Friday,21,436,8.4,60.0
17297_700,Friday,21,261,8.7,120.0
17375_700,Friday,21,45,13.3,60.0
17281_700,Friday,21,140,6.0,180.0
17313_700,Friday,21,120,0.0,0.0
17320_700,Friday,21,602,-22.8,120.0
17339_700,Friday,21,427,32.2,180.0
17341_700,Friday,21,459,3.5,60.0
17377_700,Friday,21,152,-7.5,120.0
17354_700,Friday,21,148,53.1,120.0
17280_700,Friday,21,136,577.0,3540.0
17521_400,Friday,21,518,-2.2,60.0
17419_900,Friday,21,175,0.0,0.0
17305_700,Friday,21,748,3.1,180.0
17441_700,Friday,21,916,40.3,240.0
17450_700,Friday,21,198,11.8,120.0
17527_700,Friday,21,19,22.1,180.0
17328_700,Friday,21,219,511.2,1620.0
17537_700,Friday,21,84,7.1,60.0
17516_400,Friday,21,60,0.0,0.0
17355_700,Friday,21,335,5.9,180.0
17452_900,Friday,21,825,2.0,420.0
17744_700,Friday,21,62,12.6,120.0
23154_700,Friday,21,46,0.0,0.0
17331_700,Friday,21,96,10.6,120.0
17329_700,Friday,21,264,18.7,180.0
17343_700,Friday,21,103,9.3,60.0
17370_700,Friday,21,175,27.1,120.0
17378_700,Friday,21,230,-15.7,60.0
17442_900,Friday,21,810,20.4,240.0
17333_700,Friday,21,196,3.1,60.0
17334_700,Friday,21,723,447.8,3300.0
17342_700,Friday,21,566,41.5,300.0
17364_700,Friday,21,192,15.3,180.0
1549_700,Friday,21,164,55.5,141.0
1547_700,Friday,21,273,8.2,224.0
24052_100,Friday,21,36,126.7,420.0
17422_900,Friday,21,403,11.8,240.0
17438_900,Friday,21,332,13.5,120.0
24053_100,Friday,21,134,141.5,900.0
22804_700,Friday,21,110,21.1,125.0
28411_109,Friday,21,22,10.9,120.0
17421_900,Friday,21,53,15.8,120.0
3713_700,Friday,21,15,-23.1,21.0
17330_700,Friday,21,582,23.7,180.0
17361_700,Friday,21,263,26.0,180.0
22754_700,Friday,21,298,16.5,180.0
10229_109,Friday,21,52,55.4,240.0
18937_700,Friday,21,144,35.0,65.0
17359_700,Friday,21,120,258.5,360.0
17398_700,Friday,21,67,0.0,0.0
17290_700,Friday,21,667,4.3,120.0
28109_700,Friday,21,14,0.0,0.0
27275_700,Friday,21,99,0.0,0.0
17515_400,Friday,21,624,24.9,240.0
28571_109,Friday,21,18,40.0,240.0
17356_700,Friday,21,386,11.9,120.0
17523_400,Friday,21,1320,6.7,240.0
19058_100,Friday,21,418,65.3,960.0
11537_109,Friday,21,89,13.5,240.0
10157_109,Friday,21,292,27.1,240.0
10160_109,Friday,21,73,9.0,60.0
336_700,Friday,21,226,38.1,217.0
18931_700,Friday,21,72,174.8,399.0
17306_700,Friday,21,1004,-1.9,180.0
18939_700,Friday,21,45,40.4,73.0
17538_700,Friday,21,420,17.4,300.0
24050_100,Friday,21,116,373.5,3720.0
10145_109,Friday,21,397,53.5,360.0
17294_700,Friday,21,279,53.3,240.0
13133_700,Friday,21,48,185.0,199.0
17349_700,Friday,21,614,487.2,3540.0
5249_700,Friday,21,150,121.4,304.0
17449_700,Friday,21,665,45.9,480.0
17465_700,Friday,21,532,97.8,780.0
17532_700,Friday,21,246,-19.0,60.0
17336_700,Friday,21,68,19.4,60.0
17321_700,Friday,21,89,14.1,120.0
10143_109,Friday,21,494,26.0,240.0
1556_900,Friday,21,396,0.8,71.0
17440_900,Friday,21,1059,49.3,780.0
10226_109,Friday,21,449,42.4,540.0
26783_106,Friday,21,45,95.8,252.0
18923_700,Friday,21,39,23.8,62.0
17310_700,Friday,21,404,-13.7,60.0
18374_700,Friday,21,367,9.8,120.0
17417_900,Friday,21,374,28.1,180.0
17463_900,Friday,21,456,48.5,1140.0
17366_700,Friday,21,159,294.7,600.0
10163_109,Friday,21,125,146.4,480.0
4281_700,Friday,21,113,102.4,215.0
17289_700,Friday,21,161,58.5,300.0
17303_700,Friday,21,571,190.6,1020.0
17316_700,Friday,21,368,6.2,180.0
23415_700,Friday,21,563,89.1,360.0
17456_700,Friday,21,765,31.2,240.0
17437_700,Friday,21,89,22.9,120.0
24042_100,Friday,21,170,1358.8,11940.0
17301_900,Friday,21,308,21.0,480.0
10144_109,Friday,21,55,27.3,120.0
10148_109,Friday,21,570,63.4,300.0
17446_900,Friday,21,174,1.7,180.0
18922_700,Friday,21,46,14.0,81.0
17300_700,Friday,21,248,8.7,120.0
17541_700,Friday,21,165,54.8,267.0
1548_700,Friday,21,622,5.7,224.0
17458_700,Friday,21,619,60.0,420.0
7361_700,Friday,21,285,17.3,234.0
24046_100,Friday,21,26,687.7,1560.0
17420_900,Friday,21,164,-5.5,120.0
5635_900,Friday,21,775,29.2,368.0
17340_700,Friday,21,309,21.0,120.0
22390_700,Friday,21,128,15.9,120.0
17526_400,Friday,21,280,8.4,120.0
17374_900,Friday,21,668,33.9,240.0
15959_700,Friday,21,113,-22.5,129.0
10162_109,Friday,21,542,24.2,180.0
23945_100,Friday,21,78,183.8,1200.0
1923_700,Friday,21,168,12.9,76.0
10167_109,Friday,21,83,-0.0,60.0
10170_109,Friday,21,79,44.1,240.0
17304_700,Friday,21,693,-24.8,120.0
17308_700,Friday,21,147,29.0,120.0
17346_700,Friday,21,158,12.9,120.0
17347_700,Friday,21,435,4.7,240.0
24759_700,Friday,21,125,3.7,60.0
17424_900,Friday,21,514,162.6,840.0
24045_100,Friday,21,193,621.5,2160.0
13136_700,Friday,21,20,199.0,199.0
17312_700,Friday,21,147,7.8,120.0
17360_700,Friday,21,450,70.1,300.0
17309_700,Friday,21,249,18.3,120.0
24043_100,Friday,21,68,2186.5,5400.0
5633_900,Friday,21,580,23.1,364.0
17302_700,Friday,21,243,22.7,180.0
10165_109,Friday,21,89,25.0,240.0
19705_700,Friday,21,25,-52.8,0.0
26788_106,Friday,21,84,10.0,71.0
17319_700,Friday,21,393,60.1,420.0
17435_700,Friday,21,94,45.3,180.0
17344_700,Friday,21,13,60.0,60.0
17418_900,Friday,21,240,10.7,180.0
26785_106,Friday,21,79,4.0,194.0
17350_700,Friday,21,344,89.3,420.0
10149_109,Friday,21,407,25.4,240.0
17295_700,Friday,21,132,-9.1,120.0
17540_700,Friday,21,75,78.6,183.0
5238_700,Friday,21,50,190.0,210.0
17365_700,Friday,21,172,38.4,180.0
17372_700,Friday,21,222,23.5,240.0
17448_700,Friday,21,525,36.0,300.0
17451_700,Friday,21,252,-20.7,60.0
17530_700,Friday,21,135,10.7,240.0
12193_700,Friday,21,6,3.0,150.0
18929_700,Friday,21,18,106.1,136.0
22240_109,Friday,21,37,6.5,60.0
4259_700,Friday,21,58,120.3,232.0
15274_700,Friday,21,399,18.6,197.0
21284_700,Friday,21,209,89.8,300.0
17447_700,Friday,21,306,-16.8,60.0
16915_700,Friday,21,150,21.2,106.0
21619_700,Friday,21,20,64.1,161.0
17409_700,Friday,21,92,16.3,180.0
15276_700,Friday,21,100,12.5,79.0
1938_700,Friday,21,84,47.2,213.0
28412_109,Friday,21,93,23.2,120.0
17307_700,Friday,21,82,92.9,360.0
17345_700,Friday,21,112,2.2,120.0
17368_700,Friday,21,375,10.2,120.0
17400_700,Friday,21,88,-7.5,0.0
10223_109,Friday,21,424,22.1,240.0
18920_700,Friday,21,122,64.2,134.0
17317_700,Friday,21,140,-3.0,180.0
1882_900,Friday,21,34,123.0,123.0
10155_109,Friday,21,131,77.9,600.0
4287_700,Friday,21,43,59.1,67.0
17462_700,Friday,21,314,-2.5,180.0
17279_700,Friday,21,33,5.4,120.0
10142_109,Friday,21,155,389.4,1620.0
20930_700,Friday,21,16,64.8,65.0
17292_700,Friday,21,373,110.9,300.0
17326_700,Friday,21,178,54.0,180.0
19066_100,Friday,21,274,23.2,540.0
17318_700,Friday,21,151,161.7,540.0
18909_700,Friday,21,162,116.6,230.0
17453_700,Friday,21,696,76.1,360.0
17529_700,Friday,21,162,-8.5,180.0
1546_700,Friday,21,196,18.3,136.0
17444_900,Friday,21,680,47.3,360.0
24025_100,Friday,21,48,27.5,240.0
10141_109,Friday,21,724,49.6,540.0
16345_100,Friday,21,20,21.0,120.0
28259_100,Friday,21,114,261.1,1320.0
17352_900,Friday,21,183,-1.3,240.0
19156_109,Friday,21,56,12.9,120.0
16859_700,Friday,21,484,13.8,463.0
17416_900,Friday,21,207,18.0,60.0
17338_900,Friday,21,128,73.6,240.0
13438_900,Friday,21,332,17.4,286.0
24715_700,Friday,21,2,-34.0,108.0
26786_106,Friday,21,36,0.0,0.0
27297_700,Friday,21,14,132.9,180.0
17327_700,Friday,21,55,-8.7,60.0
17369_700,Friday,21,85,-24.0,60.0
4456_700,Friday,21,52,29.5,126.0
12194_700,Friday,21,2,102.0,133.0
17535_700,Friday,21,66,14.5,60.0
19059_100,Friday,21,112,391.1,1800.0
4497_700,Friday,21,12,50.9,98.0
10682_700,Friday,21,86,183.7,409.0
26790_106,Friday,21,34,0.0,0.0
28258_100,Friday,21,38,0.0,0.0
18351_700,Friday,21,66,1.2,80.0
17362_700,Friday,21,66,2.7,60.0
1551_700,Friday,21,26,0.0,0.0
1925_700,Friday,21,102,-8.2,0.0
11362_700,Friday,21,1356,0.0,0.0
1552_700,Friday,21,242,0.0,0.0
26793_106,Friday,21,18,0.0,0.0
26784_106,Friday,21,18,0.0,0.0
1554_700,Friday,21,506,0.0,0.0
17536_700,Friday,21,216,80.0,300.0
5596_700,Friday,21,74,0.0,0.0
5607_700,Friday,21,140,0.8,53.0
17512_400,Friday,21,39,4.6,60.0
15277_700,Friday,21,169,0.6,99.0
17379_700,Friday,21,245,-0.0,60.0
17380_700,Friday,21,114,38.9,120.0
17412_700,Friday,21,140,-2.1,60.0
17293_700,Friday,21,82,0.0,0.0
1928_700,Friday,21,50,0.0,0.0
17323_700,Friday,21,40,0.0,0.0
10672_700,Friday,21,9,-38.0,66.0
18945_700,Friday,21,24,94.6,222.0
337_700,Friday,21,309,79.7,496.0
17322_700,Friday,21,55,0.0,0.0
18911_700,Friday,21,65,146.7,340.0
22625_700,Friday,21,156,96.1,139.0
17298_700,Friday,21,45,0.0,0.0
5370_700,Friday,21,32,0.0,0.0
24057_100,Friday,21,38,39.5,120.0
10158_109,Friday,21,39,32.3,180.0
17384_700,Friday,21,68,1.8,60.0
17520_700,Friday,21,30,8.0,120.0
5379_700,Friday,21,66,-55.3,64.0
4495_700,Friday,21,16,32.8,130.0
17335_700,Friday,21,181,23.5,120.0
18969_100,Friday,21,8,1755.0,1800.0
17401_700,Friday,21,10,12.0,60.0
17406_700,Friday,21,26,-25.4,0.0
17415_700,Friday,21,64,30.0,120.0
19155_109,Friday,21,60,-4.0,60.0
24718_700,Friday,21,4,33.5,65.0
25219_700,Friday,21,6,551.5,1337.0
18915_700,Friday,21,13,72.9,73.0
18939_700,Friday,23,14,45.9,46.0
17514_400,Friday,23,370,-1.1,120.0
10149_109,Friday,23,205,18.7,240.0
10226_109,Friday,23,198,24.8,240.0
19705_700,Friday,23,8,0.0,0.0
17456_700,Friday,23,342,49.1,300.0
17515_400,Friday,23,312,6.3,180.0
17523_400,Friday,23,640,1.5,60.0
17448_700,Friday,23,246,2.2,240.0
17452_900,Friday,23,412,-3.5,240.0
17334_700,Friday,23,301,289.4,1560.0
17525_400,Friday,23,288,9.2,120.0
27275_700,Friday,23,35,0.0,0.0
17360_700,Friday,23,210,65.7,420.0
19066_100,Friday,23,124,29.5,540.0
17463_900,Friday,23,248,39.7,840.0
26785_106,Friday,23,32,0.0,0.0
26790_106,Friday,23,17,0.0,0.0
1548_700,Friday,23,221,1.1,700.0
1547_700,Friday,23,66,31.7,700.0
17444_900,Friday,23,266,13.1,180.0
18351_700,Friday,23,33,0.5,17.0
24050_100,Friday,23,57,377.9,3720.0
1925_700,Friday,23,34,0.0,0.0
15274_700,Friday,23,163,17.1,260.0
13438_900,Friday,23,138,0.5,70.0
17441_700,Friday,23,457,42.4,300.0
17451_700,Friday,23,158,-1.1,0.0
11362_700,Friday,23,737,0.0,0.0
1552_700,Friday,23,144,0.0,0.0
26784_106,Friday,23,9,0.0,0.0
1554_700,Friday,23,253,0.0,0.0
24043_100,Friday,23,28,2556.4,5400.0
17526_400,Friday,23,157,1.9,120.0
1556_900,Friday,23,168,-2.0,61.0
5633_900,Friday,23,244,6.1,152.0
5635_900,Friday,23,310,12.4,151.0
17521_400,Friday,23,235,0.3,60.0
28412_109,Friday,23,40,10.5,120.0
5607_700,Friday,23,54,4.3,124.0
16859_700,Friday,23,244,2.7,194.0
19058_100,Friday,23,197,132.2,1800.0
336_700,Friday,23,112,29.9,280.0
1923_700,Friday,23,72,14.6,71.0
17453_700,Friday,23,329,41.6,360.0
7361_700,Friday,23,125,4.5,123.0
17418_900,Friday,23,125,0.0,0.0
1938_700,Friday,23,28,0.0,0.0
1546_700,Friday,23,70,18.3,163.0
15277_700,Friday,23,84,0.0,0.0
17440_900,Friday,23,540,33.7,780.0
1549_700,Friday,23,55,41.1,209.0
17460_900,Friday,23,490,-3.4,300.0
16915_700,Friday,23,60,1.8,74.0
1928_700,Friday,23,25,0.0,0.0
17320_700,Friday,23,290,-16.8,60.0
24042_100,Friday,23,66,1611.8,11940.0
17338_900,Friday,23,12,0.0,0.0
337_700,Friday,23,139,4.1,179.0
17462_700,Friday,23,168,24.3,180.0
5596_700,Friday,23,37,15.8,216.0
22625_700,Friday,23,78,79.0,165.0
17307_700,Friday,23,30,12.0,60.0
17367_700,Friday,23,155,10.8,120.0
22390_700,Friday,23,58,15.5,240.0
15276_700,Friday,23,33,2.2,73.0
17325_700,Friday,23,198,0.0,120.0
26793_106,Friday,23,6,0.0,0.0
10682_700,Friday,23,43,178.6,409.0
17518_400,Friday,23,206,0.9,60.0
26788_106,Friday,23,24,0.0,0.0
17292_700,Friday,23,230,75.9,240.0
17461_700,Friday,23,173,0.0,60.0
17348_700,Friday,23,130,-10.2,120.0
17532_700,Friday,23,108,-1.7,60.0
10142_109,Friday,23,76,314.2,1620.0
17421_900,Friday,23,13,0.0,0.0
17301_900,Friday,23,130,3.7,480.0
17442_900,Friday,23,381,11.8,180.0
17370_700,Friday,23,65,20.3,60.0
17361_700,Friday,23,134,22.4,180.0
17419_900,Friday,23,134,0.0,0.0
17438_900,Friday,23,168,4.6,180.0
17349_700,Friday,23,301,455.7,3480.0
17417_900,Friday,23,204,17.1,240.0
17377_700,Friday,23,57,53.7,180.0
4259_700,Friday,23,38,90.0,232.0
17304_700,Friday,23,300,-31.6,120.0
17326_700,Friday,23,88,71.6,180.0
24759_700,Friday,23,41,4.4,120.0
17459_900,Friday,23,403,24.4,360.0
16345_100,Friday,23,7,0.0,0.0
22240_109,Friday,23,9,26.7,60.0
17374_900,Friday,23,356,19.7,240.0
17321_700,Friday,23,60,56.0,120.0
17458_700,Friday,23,310,45.9,540.0
17455_700,Friday,23,335,9.5,180.0
17342_700,Friday,23,281,2.3,240.0
17313_700,Friday,23,48,-10.0,0.0
17416_900,Friday,23,92,0.7,60.0
17310_700,Friday,23,200,-18.0,60.0
17538_700,Friday,23,190,-3.2,60.0
17424_900,Friday,23,207,38.0,480.0
17352_900,Friday,23,65,4.6,120.0
17316_700,Friday,23,183,21.3,120.0
17420_900,Friday,23,73,4.1,120.0
17445_700,Friday,23,52,0.0,60.0
17303_700,Friday,23,201,90.1,420.0
17339_700,Friday,23,232,5.4,60.0
17378_700,Friday,23,142,-2.1,60.0
17294_700,Friday,23,108,15.6,60.0
13136_700,Friday,23,10,199.0,199.0
13133_700,Friday,23,24,185.0,199.0
23945_100,Friday,23,41,175.6,1200.0
17341_700,Friday,23,242,6.9,60.0
10223_109,Friday,23,198,8.5,120.0
10229_109,Friday,23,27,11.1,120.0
10141_109,Friday,23,343,50.0,540.0
17355_700,Friday,23,199,-4.2,120.0
17529_700,Friday,23,53,-5.7,60.0
17422_900,Friday,23,186,3.5,240.0
10162_109,Friday,23,254,15.4,180.0
17328_700,Friday,23,119,308.6,1140.0
17457_700,Friday,23,195,-12.0,0.0
24025_100,Friday,23,20,24.0,120.0
17289_700,Friday,23,87,23.4,120.0
17437_700,Friday,23,48,13.8,180.0
18923_700,Friday,23,15,57.8,62.0
17318_700,Friday,23,79,-20.5,60.0
17415_700,Friday,23,15,60.0,60.0
10157_109,Friday,23,149,17.7,240.0
12194_700,Friday,23,2,35.0,66.0
28571_109,Friday,23,4,0.0,0.0
10160_109,Friday,23,41,11.7,60.0
17331_700,Friday,23,61,29.5,60.0
17366_700,Friday,23,58,248.3,780.0
17373_700,Friday,23,112,10.2,60.0
17450_700,Friday,23,106,5.7,240.0
17350_700,Friday,23,168,110.4,540.0
10148_109,Friday,23,277,32.5,300.0
17305_700,Friday,23,359,7.0,180.0
17527_700,Friday,23,6,10.0,60.0
11537_109,Friday,23,37,0.0,60.0
17290_700,Friday,23,356,6.6,180.0
17520_700,Friday,23,31,7.7,120.0
17340_700,Friday,23,130,-1.4,0.0
17744_700,Friday,23,37,13.0,120.0
17446_900,Friday,23,102,4.1,180.0
18374_700,Friday,23,196,28.2,60.0
17400_700,Friday,23,66,-778.2,0.0
10165_109,Friday,23,42,1.4,60.0
17317_700,Friday,23,88,8.9,180.0
17384_700,Friday,23,34,0.0,0.0
17365_700,Friday,23,84,0.0,120.0
17319_700,Friday,23,214,31.4,420.0
17311_700,Friday,23,199,9.3,120.0
17306_700,Friday,23,488,-0.7,180.0
5370_700,Friday,23,16,57.0,87.0
26783_106,Friday,23,15,135.3,252.0
17296_700,Friday,23,46,5.2,180.0
17345_700,Friday,23,66,16.4,120.0
17314_700,Friday,23,114,-2.1,60.0
18945_700,Friday,23,6,28.2,34.0
17380_700,Friday,23,63,14.3,60.0
17302_700,Friday,23,160,12.4,180.0
23415_700,Friday,23,261,60.2,360.0
17293_700,Friday,23,41,2.9,60.0
17309_700,Friday,23,108,0.6,60.0
17323_700,Friday,23,22,16.4,60.0
17363_700,Friday,23,48,-1.3,0.0
17435_700,Friday,23,34,22.9,120.0
10167_109,Friday,23,54,-1.1,0.0
17335_700,Friday,23,82,41.7,120.0
17541_700,Friday,23,47,11.1,20.0
17536_700,Friday,23,75,84.8,300.0
10155_109,Friday,23,63,20.0,180.0
18911_700,Friday,23,21,282.0,340.0
4287_700,Friday,23,5,26.4,65.0
17369_700,Friday,23,48,0.0,0.0
17299_700,Friday,23,142,32.1,120.0
17300_700,Friday,23,122,11.3,120.0
17281_700,Friday,23,79,2.3,120.0
18920_700,Friday,23,60,79.3,145.0
17279_700,Friday,23,16,15.0,180.0
17280_700,Friday,23,87,33.8,120.0
18931_700,Friday,23,60,119.8,241.0
10170_109,Friday,23,37,1.6,60.0
17333_700,Friday,23,98,1.2,60.0
22804_700,Friday,23,33,48.5,151.0
23414_700,Friday,23,80,-5.2,0.0
17343_700,Friday,23,53,37.4,120.0
17346_700,Friday,23,98,21.4,60.0
17465_700,Friday,23,262,22.7,180.0
17315_700,Friday,23,54,-5.6,0.0
17295_700,Friday,23,66,0.0,60.0
17297_700,Friday,23,132,0.9,60.0
17512_400,Friday,23,15,-4.0,0.0
17449_700,Friday,23,308,56.7,480.0
17368_700,Friday,23,152,10.7,180.0
17372_700,Friday,23,69,2.6,120.0
21284_700,Friday,23,106,15.3,180.0
4456_700,Friday,23,12,15.8,126.0
21619_700,Friday,23,1,61.0,61.0
17347_700,Friday,23,198,7.6,240.0
22754_700,Friday,23,134,20.1,120.0
26786_106,Friday,23,18,0.0,0.0
17516_400,Friday,23,20,0.0,0.0
17329_700,Friday,23,96,-11.9,240.0
17537_700,Friday,23,32,3.8,60.0
17356_700,Friday,23,160,2.6,120.0
17330_700,Friday,23,202,28.5,180.0
17406_700,Friday,23,26,0.0,0.0
17454_700,Friday,23,70,3.4,120.0
1551_700,Friday,23,13,-4.8,0.0
19155_109,Friday,23,59,4.1,120.0
17540_700,Friday,23,17,49.8,78.0
20969_700,Friday,23,6,0.0,0.0
10145_109,Friday,23,185,15.9,240.0
10158_109,Friday,23,4,0.0,0.0
10163_109,Friday,23,22,5.5,60.0
28411_109,Friday,23,13,13.8,60.0
17298_700,Friday,23,30,0.0,0.0
17464_700,Friday,23,39,10.8,180.0
17530_700,Friday,23,47,3.8,120.0
17354_700,Friday,23,86,48.1,120.0
19156_109,Friday,23,28,12.9,120.0
17359_700,Friday,23,51,162.4,660.0
17398_700,Friday,23,46,-5.2,0.0
5249_700,Friday,23,78,36.0,216.0
17327_700,Friday,23,22,30.0,60.0
10143_109,Friday,23,272,15.9,240.0
18922_700,Friday,23,30,10.0,10.0
17312_700,Friday,23,74,3.2,120.0
17362_700,Friday,23,19,-9.5,0.0
17412_700,Friday,23,56,-3.2,0.0
24045_100,Friday,23,65,589.8,1680.0
17364_700,Friday,23,88,488.9,1080.0
17379_700,Friday,23,121,-2.0,0.0
17409_700,Friday,23,53,1.1,60.0
18909_700,Friday,23,42,208.5,230.0
17535_700,Friday,23,21,54.3,120.0
12193_700,Friday,23,4,105.0,150.0
18926_700,Friday,23,11,143.9,144.0
18937_700,Friday,23,72,35.0,65.0
17308_700,Friday,23,75,13.6,120.0
24718_700,Friday,23,2,-123.0,2.0
4281_700,Friday,23,31,76.9,154.0
28259_100,Friday,23,31,-65.8,240.0
17375_700,Friday,23,9,60.0,60.0
17447_700,Friday,23,151,0.0,60.0
17322_700,Friday,23,9,6.7,60.0
23154_700,Friday,23,29,-6.2,0.0
24057_100,Friday,23,42,1174.3,11880.0
24053_100,Friday,23,44,223.6,900.0
17407_700,Friday,23,15,-4.0,0.0
17336_700,Friday,23,16,0.0,0.0
24052_100,Friday,23,26,85.4,420.0
24046_100,Friday,23,3,360.0,360.0
15959_700,Friday,23,36,-10.8,0.0
18969_100,Friday,23,4,1635.0,1800.0
17337_700,Friday,23,14,68.6,180.0
17381_700,Friday,23,21,0.0,60.0
19059_100,Friday,23,29,604.1,1800.0
28258_100,Friday,23,19,277.9,540.0
17441_700,Saturday,0,285,1.5,60.0
24050_100,Saturday,0,51,-9.4,0.0
19155_109,Saturday,0,60,4.0,60.0
1552_700,Saturday,0,192,0.0,0.0
1554_700,Saturday,0,255,0.0,0.0
24043_100,Saturday,0,28,2985.0,5400.0
5635_900,Saturday,0,155,11.1,136.0
11362_700,Saturday,0,709,0.5,166.0
17444_900,Saturday,0,219,-1.4,60.0
16859_700,Saturday,0,246,1.0,125.0
336_700,Saturday,0,112,0.0,0.0
19058_100,Saturday,0,202,168.1,3300.0
1548_700,Saturday,0,141,10.5,116.0
15274_700,Saturday,0,77,14.4,287.0
1556_900,Saturday,0,78,0.0,65.0
1547_700,Saturday,0,49,21.1,261.0
17514_400,Saturday,0,349,-8.6,60.0
16915_700,Saturday,0,45,5.4,128.0
17518_400,Saturday,0,285,1.3,120.0
19066_100,Saturday,0,110,3.8,540.0
1938_700,Saturday,0,28,2.5,69.0
24057_100,Saturday,0,28,1735.7,11880.0
5633_900,Saturday,0,106,3.6,70.0
10149_109,Saturday,0,131,3.2,60.0
337_700,Saturday,0,168,3.1,151.0
17523_400,Saturday,0,600,4.2,120.0
13438_900,Saturday,0,54,2.4,68.0
17515_400,Saturday,0,240,4.5,240.0
15277_700,Saturday,0,69,4.8,122.0
17419_900,Saturday,0,122,-28.5,0.0
17460_900,Saturday,0,245,16.9,300.0
22625_700,Saturday,0,118,10.7,263.0
17525_400,Saturday,0,288,5.0,180.0
17418_900,Saturday,0,87,4.1,180.0
17453_700,Saturday,0,177,55.6,240.0
17521_400,Saturday,0,193,1.2,120.0
17456_700,Saturday,0,262,88.6,540.0
17424_900,Saturday,0,89,80.2,300.0
17463_900,Saturday,0,158,41.0,960.0
17449_700,Saturday,0,217,1.4,180.0
7361_700,Saturday,0,44,19.3,145.0
17305_700,Saturday,0,181,4.0,120.0
23945_100,Saturday,0,18,0.0,0.0
23415_700,Saturday,0,183,4.6,240.0
17374_900,Saturday,0,207,-4.9,120.0
17416_900,Saturday,0,67,-5.4,180.0
17422_900,Saturday,0,114,2.1,120.0
5249_700,Saturday,0,39,105.7,316.0
17526_400,Saturday,0,105,-0.6,0.0
17352_900,Saturday,0,35,-24.0,0.0
24025_100,Saturday,0,14,-30.0,0.0
10167_109,Saturday,0,48,0.0,0.0
24053_100,Saturday,0,53,443.8,2040.0
17438_900,Saturday,0,133,-6.3,60.0
17459_900,Saturday,0,225,10.1,1140.0
17294_700,Saturday,0,27,6.7,120.0
17452_900,Saturday,0,231,-6.5,180.0
17350_700,Saturday,0,82,61.5,180.0
17458_700,Saturday,0,133,15.3,120.0
26790_106,Saturday,0,11,0.0,0.0
10223_109,Saturday,0,180,2.0,60.0
28411_109,Saturday,0,10,12.0,60.0
11537_109,Saturday,0,29,4.1,60.0
17435_700,Saturday,0,30,48.0,180.0
17535_700,Saturday,0,18,26.7,60.0
12193_700,Saturday,0,3,27.0,72.0
17481_700,Saturday,0,43,1.4,60.0
17442_900,Saturday,0,271,-4.4,240.0
17328_700,Saturday,0,28,585.0,720.0
10143_109,Saturday,0,212,31.1,420.0
15959_700,Saturday,0,36,154.0,256.0
10165_109,Saturday,0,33,5.5,60.0
24045_100,Saturday,0,83,665.8,1740.0
10170_109,Saturday,0,36,5.0,60.0
17448_700,Saturday,0,149,95.4,600.0
17465_700,Saturday,0,125,27.4,120.0
17520_700,Saturday,0,24,-2.5,60.0
17300_700,Saturday,0,40,-4.5,0.0
18939_700,Saturday,0,14,45.9,46.0
17503_700,Saturday,0,145,0.4,60.0
17527_700,Saturday,0,2,0.0,0.0
17339_700,Saturday,0,69,-6.1,60.0
10148_109,Saturday,0,202,8.0,120.0
10226_109,Saturday,0,162,6.3,240.0
17455_700,Saturday,0,274,6.6,60.0
17280_700,Saturday,0,59,59.0,120.0
17500_700,Saturday,0,26,27.7,60.0
17417_900,Saturday,0,90,-13.3,60.0
17420_900,Saturday,0,35,-18.9,60.0
17440_900,Saturday,0,454,36.6,420.0
17306_700,Saturday,0,125,73.4,240.0
17487_700,Saturday,0,37,0.0,0.0
17447_700,Saturday,0,119,15.6,180.0
10155_109,Saturday,0,73,9.0,120.0
17303_700,Saturday,0,159,60.0,2280.0
17492_700,Saturday,0,103,5.8,300.0
17479_700,Saturday,0,58,1.0,60.0
10145_109,Saturday,0,157,2.7,60.0
10229_109,Saturday,0,21,17.1,60.0
17378_700,Saturday,0,50,0.0,0.0
15276_700,Saturday,0,16,6.5,104.0
17320_700,Saturday,0,107,-1.1,60.0
28571_109,Saturday,0,7,17.1,60.0
17310_700,Saturday,0,46,-5.2,0.0
17461_700,Saturday,0,132,5.0,180.0
23414_700,Saturday,0,29,35.2,60.0
17341_700,Saturday,0,129,62.3,120.0
10141_109,Saturday,0,360,2.0,60.0
17360_700,Saturday,0,49,22.0,300.0
17744_700,Saturday,0,16,18.7,60.0
17451_700,Saturday,0,59,3.1,60.0
17501_700,Saturday,0,5,0.0,0.0
10162_109,Saturday,0,285,22.5,240.0
17486_700,Saturday,0,27,0.0,0.0
17299_700,Saturday,0,47,60.0,60.0
17474_700,Saturday,0,87,29.7,120.0
17493_700,Saturday,0,46,58.7,180.0
17538_700,Saturday,0,45,1.3,60.0
17445_700,Saturday,0,29,6.2,120.0
18920_700,Saturday,0,28,148.9,178.0
17290_700,Saturday,0,79,-3.8,60.0
17362_700,Saturday,0,10,0.0,0.0
17364_700,Saturday,0,44,508.6,1080.0
17372_700,Saturday,0,46,5.2,120.0
17454_700,Saturday,0,67,6.3,120.0
17494_700,Saturday,0,75,26.4,180.0
17281_700,Saturday,0,70,4.3,120.0
17398_700,Saturday,0,12,-5.0,0.0
17292_700,Saturday,0,36,8.3,120.0
17512_400,Saturday,0,13,9.2,60.0
17446_900,Saturday,0,82,-0.0,120.0
26785_106,Saturday,0,26,5.4,64.0
18931_700,Saturday,0,32,131.8,135.0
18937_700,Saturday,0,36,76.0,76.0
17311_700,Saturday,0,35,0.0,0.0
17301_900,Saturday,0,49,-3.7,60.0
17342_700,Saturday,0,63,29.5,300.0
17361_700,Saturday,0,39,4.6,120.0
17462_700,Saturday,0,83,7.2,240.0
22674_700,Saturday,0,71,4.2,120.0
17529_700,Saturday,0,10,0.0,0.0
17315_700,Saturday,0,14,0.0,0.0
17356_700,Saturday,0,31,44.5,60.0
17489_700,Saturday,0,165,17.1,120.0
17316_700,Saturday,0,62,61.0,240.0
17329_700,Saturday,0,45,13.3,60.0
17368_700,Saturday,0,34,-60.0,-60.0
22754_700,Saturday,0,80,-10.5,0.0
17488_700,Saturday,0,46,82.2,120.0
17497_700,Saturday,0,241,56.3,360.0
17505_700,Saturday,0,52,84.2,120.0
24759_700,Saturday,0,40,0.0,0.0
17354_700,Saturday,0,41,-7.3,0.0
18911_700,Saturday,0,21,66.8,67.0
17334_700,Saturday,0,13,-212.3,-60.0
17348_700,Saturday,0,25,-2.4,120.0
17471_700,Saturday,0,12,0.0,0.0
17478_700,Saturday,0,8,0.0,0.0
17457_700,Saturday,0,124,4.8,120.0
17380_700,Saturday,0,16,60.0,60.0
17407_700,Saturday,0,15,0.0,0.0
17490_700,Saturday,0,10,6.0,60.0
17370_700,Saturday,0,22,8.2,120.0
1928_700,Saturday,0,12,68.5,142.0
10160_109,Saturday,0,43,64.2,240.0
17304_700,Saturday,0,51,-16.5,0.0
26784_106,Saturday,0,7,0.0,0.0
17309_700,Saturday,0,27,0.0,0.0
17349_700,Saturday,0,125,937.9,3480.0
17365_700,Saturday,0,39,0.0,60.0
17377_700,Saturday,0,19,0.0,0.0
24046_100,Saturday,0,3,-20.0,0.0
22804_700,Saturday,0,14,62.4,149.0
20359_700,Saturday,0,13,-55.4,0.0
23416_700,Saturday,0,28,105.0,180.0
17295_700,Saturday,0,17,0.0,0.0
17366_700,Saturday,0,32,511.9,660.0
17482_700,Saturday,0,20,-9.0,0.0
17363_700,Saturday,0,16,0.0,0.0
17477_700,Saturday,0,102,-0.6,120.0
17508_700,Saturday,0,44,10.9,180.0
26793_106,Saturday,0,6,40.0,60.0
17312_700,Saturday,0,31,0.0,0.0
17330_700,Saturday,0,43,9.8,60.0
21284_700,Saturday,0,31,9.7,60.0
17464_700,Saturday,0,38,52.1,120.0
21680_700,Saturday,0,32,54.4,60.0
21681_700,Saturday,0,14,12.9,120.0
17279_700,Saturday,0,5,12.0,60.0
17400_700,Saturday,0,22,0.0,0.0
17437_700,Saturday,0,18,6.7,120.0
5596_700,Saturday,0,12,21.1,172.0
10157_109,Saturday,0,66,51.8,240.0
28259_100,Saturday,0,21,22.9,540.0
1925_700,Saturday,0,17,-73.1,0.0
17297_700,Saturday,0,11,180.0,180.0
17450_700,Saturday,0,27,2.2,60.0
17485_700,Saturday,0,11,60.0,60.0
17496_700,Saturday,0,69,8.7,60.0
17321_700,Saturday,0,14,4.3,60.0
18374_700,Saturday,0,19,0.0,0.0
17347_700,Saturday,0,42,2.9,60.0
17491_700,Saturday,0,7,111.4,180.0
17504_700,Saturday,0,81,7.4,120.0
17476_700,Saturday,0,143,20.1,120.0
17327_700,Saturday,0,22,30.0,60.0
17302_700,Saturday,0,51,-69.4,0.0
17483_700,Saturday,0,50,-2.4,60.0
17484_700,Saturday,0,55,1.1,60.0
26782_700,Saturday,0,14,8.6,60.0
17381_700,Saturday,0,15,-12.0,60.0
17355_700,Saturday,0,64,0.0,0.0
17367_700,Saturday,0,76,48.2,240.0
17516_400,Saturday,0,10,6.0,60.0
18351_700,Saturday,0,11,50.5,234.0
17325_700,Saturday,0,34,1.8,180.0
22390_700,Saturday,0,11,-5.5,60.0
17537_700,Saturday,0,9,0.0,0.0
24052_100,Saturday,0,9,6.7,60.0
24042_100,Saturday,0,38,0.0,60.0
17293_700,Saturday,0,13,0.0,0.0
26786_106,Saturday,0,7,96.4,120.0
1923_700,Saturday,0,6,33.7,127.0
17319_700,Saturday,0,36,-3.3,60.0
17373_700,Saturday,0,26,0.0,0.0
17507_700,Saturday,0,10,60.0,60.0
18943_700,Saturday,0,33,11.0,11.0
12194_700,Saturday,0,3,10.0,18.0
28258_100,Saturday,0,19,650.5,960.0
19705_700,Saturday,0,8,0.0,0.0
17509_700,Saturday,0,6,20.0,120.0
17318_700,Saturday,0,16,0.0,0.0
5607_700,Saturday,0,19,-14.5,1.0
19059_100,Saturday,0,29,993.1,1860.0
17495_700,Saturday,0,24,-15.0,0.0
1552_700,Saturday,2,169,1.7,147.0
24050_100,Saturday,2,65,18.5,420.0
19155_109,Saturday,2,30,-4.0,0.0
337_700,Saturday,2,85,0.7,65.0
23945_100,Saturday,2,33,0.0,0.0
16859_700,Saturday,2,165,0.4,68.0
336_700,Saturday,2,68,0.2,71.0
19058_100,Saturday,2,125,-0.5,120.0
1554_700,Saturday,2,309,6.1,201.0
11362_700,Saturday,2,828,12.1,273.0
19066_100,Saturday,2,98,8.0,240.0
17523_400,Saturday,2,400,0.5,60.0
17456_700,Saturday,2,189,25.4,300.0
17515_400,Saturday,2,192,1.3,120.0
24053_100,Saturday,2,10,810.0,900.0
17514_400,Saturday,2,285,2.3,180.0
17444_900,Saturday,2,161,0.7,60.0
17448_700,Saturday,2,154,2.7,180.0
17541_700,Saturday,2,1,41.0,41.0
17518_400,Saturday,2,208,0.6,60.0
28258_100,Saturday,2,18,0.0,0.0
17521_400,Saturday,2,188,0.6,60.0
24043_100,Saturday,2,14,14661.4,15000.0
17476_700,Saturday,2,237,23.3,60.0
17525_400,Saturday,2,168,2.9,120.0
17452_900,Saturday,2,77,4.7,120.0
17526_400,Saturday,2,70,0.9,60.0
10165_109,Saturday,2,25,2.4,60.0
22625_700,Saturday,2,158,41.9,240.0
17449_700,Saturday,2,225,8.8,180.0
17474_700,Saturday,2,168,89.6,480.0
17497_700,Saturday,2,374,48.9,300.0
18943_700,Saturday,2,39,92.7,134.0
17471_700,Saturday,2,21,-8.6,0.0
17487_700,Saturday,2,74,4.1,120.0
22754_700,Saturday,2,82,0.0,0.0
17446_900,Saturday,2,21,2.9,60.0
17440_900,Saturday,2,283,0.6,240.0
17447_700,Saturday,2,58,9.3,180.0
17512_400,Saturday,2,12,0.0,0.0
17460_900,Saturday,2,126,3.3,240.0
17438_900,Saturday,2,53,52.1,1320.0
17505_700,Saturday,2,107,27.5,60.0
17520_700,Saturday,2,21,17.1,60.0
17489_700,Saturday,2,333,22.2,180.0
10223_109,Saturday,2,99,10.3,120.0
10229_109,Saturday,2,10,6.0,60.0
10167_109,Saturday,2,24,5.0,60.0
28411_109,Saturday,2,6,0.0,0.0
17453_700,Saturday,2,87,50.3,120.0
17482_700,Saturday,2,19,28.4,60.0
17488_700,Saturday,2,90,44.7,180.0
10141_109,Saturday,2,237,1.3,60.0
10170_109,Saturday,2,31,40.6,180.0
10148_109,Saturday,2,235,2.0,60.0
17499_700,Saturday,2,23,52.2,180.0
17455_700,Saturday,2,121,1.0,60.0
10226_109,Saturday,2,112,34.8,360.0
17490_700,Saturday,2,31,191.6,540.0
17463_900,Saturday,2,140,3.0,180.0
17451_700,Saturday,2,93,0.0,0.0
17461_700,Saturday,2,103,7.6,240.0
10160_109,Saturday,2,60,3.0,60.0
12193_700,Saturday,2,26,-3617.3,0.0
22674_700,Saturday,2,144,2.1,120.0
17462_700,Saturday,2,112,43.9,240.0
17441_700,Saturday,2,285,5.5,240.0
17491_700,Saturday,2,22,87.3,240.0
17480_700,Saturday,2,27,0.0,0.0
17478_700,Saturday,2,16,0.0,0.0
21680_700,Saturday,2,57,-0.0,60.0
12194_700,Saturday,2,2,33.0,66.0
18931_700,Saturday,2,29,110.7,184.0
17507_700,Saturday,2,31,36.8,120.0
17457_700,Saturday,2,234,-1.3,60.0
17483_700,Saturday,2,74,0.0,0.0
17493_700,Saturday,2,72,95.8,300.0
17437_700,Saturday,2,21,-8.6,0.0
23415_700,Saturday,2,182,93.6,540.0
17465_700,Saturday,2,33,20.0,60.0
17459_900,Saturday,2,132,-2.3,360.0
17509_700,Saturday,2,7,60.0,60.0
17494_700,Saturday,2,291,9.5,120.0
17501_700,Saturday,2,10,0.0,0.0
17435_700,Saturday,2,30,-0.0,60.0
17744_700,Saturday,2,11,21.8,60.0
17477_700,Saturday,2,171,15.8,120.0
22755_700,Saturday,2,51,18.8,60.0
10143_109,Saturday,2,192,9.4,180.0
10145_109,Saturday,2,136,8.8,60.0
17504_700,Saturday,2,172,14.3,60.0
17481_700,Saturday,2,109,28.6,1680.0
21681_700,Saturday,2,25,81.6,240.0
26782_700,Saturday,2,65,20.3,60.0
17500_700,Saturday,2,40,19.5,120.0
17458_700,Saturday,2,126,14.8,120.0
23416_700,Saturday,2,42,154.3,540.0
17485_700,Saturday,2,13,0.0,0.0
17450_700,Saturday,2,43,60.0,180.0
17492_700,Saturday,2,103,31.5,240.0
17486_700,Saturday,2,49,17.1,60.0
17445_700,Saturday,2,59,1.0,60.0
17479_700,Saturday,2,134,-1.8,120.0
17442_900,Saturday,2,187,4.2,180.0
17464_700,Saturday,2,37,17.8,60.0
17503_700,Saturday,2,186,32.6,180.0
24045_100,Saturday,2,18,43.3,180.0
17495_700,Saturday,2,34,98.8,120.0
17510_700,Saturday,2,20,0.0,0.0
10162_109,Saturday,2,199,6.6,120.0
17454_700,Saturday,2,32,9.4,240.0
20359_700,Saturday,2,23,-2.6,0.0
10155_109,Saturday,2,42,45.7,180.0
17496_700,Saturday,2,139,17.3,180.0
17508_700,Saturday,2,44,5.5,120.0
28571_109,Saturday,2,4,15.0,60.0
17484_700,Saturday,2,59,23.4,120.0
18937_700,Saturday,2,23,55.6,63.0
24042_100,Saturday,2,19,-6.3,0.0
24025_100,Saturday,6,329,20.6,840.0
1546_700,Saturday,6,453,0.9,152.0
1548_700,Saturday,6,877,0.2,78.0
4456_700,Saturday,6,126,1.4,122.0
24049_100,Saturday,6,84,-1.4,60.0
24050_100,Saturday,6,92,47.6,600.0
19155_109,Saturday,6,30,-4.0,0.0
24053_100,Saturday,6,109,46.2,600.0
28311_100,Saturday,6,45,-0.0,120.0
1556_900,Saturday,6,537,-2.1,0.0
7362_900,Saturday,6,386,0.2,60.0
5633_900,Saturday,6,598,1.1,107.0
1558_900,Saturday,6,532,0.1,61.0
5596_700,Saturday,6,125,0.6,69.0
5635_900,Saturday,6,868,0.9,266.0
19058_100,Saturday,6,159,4.2,300.0
27300_700,Saturday,6,9,13.3,60.0
24042_100,Saturday,6,66,449.1,1740.0
19066_100,Saturday,6,200,-3.9,120.0
15274_700,Saturday,6,476,0.4,135.0
24043_100,Saturday,6,32,-28.1,0.0
19059_100,Saturday,6,50,-2.4,120.0
24055_100,Saturday,6,40,-28.5,120.0
24052_100,Saturday,6,45,16.0,300.0
20810_700,Saturday,6,18,0.0,0.0
1549_700,Saturday,6,270,0.3,68.0
1547_700,Saturday,6,239,0.0,2.0
26748_100,Saturday,6,8,0.0,0.0
18351_700,Saturday,6,11,0.0,0.0
19062_100,Saturday,6,24,35.0,120.0
24047_100,Saturday,6,20,-21.0,0.0
24057_100,Saturday,6,84,0.0,180.0
7361_700,Saturday,6,295,0.7,70.0
24046_100,Saturday,6,32,-9.4,120.0
24045_100,Saturday,6,70,3.4,240.0
5372_700,Saturday,6,38,1.6,60.0
26790_106,Saturday,6,83,0.0,0.0
22804_700,Saturday,6,126,4.6,191.0
1929_700,Saturday,6,46,0.0,0.0
1938_700,Saturday,6,121,0.7,128.0
15277_700,Saturday,6,170,4.4,346.0
20809_100,Saturday,6,24,0.0,0.0
26785_106,Saturday,6,67,0.0,0.0
27275_700,Saturday,6,201,13.7,240.0
27276_700,Saturday,6,76,0.0,0.0
27277_700,Saturday,6,99,0.6,180.0
15276_700,Saturday,6,132,2.0,147.0
19063_100,Saturday,6,9,-6.7,0.0
21947_700,Saturday,6,45,-9.7,0.0
18939_700,Saturday,6,37,539.6,648.0
15273_700,Saturday,6,20,0.0,0.0
26786_106,Saturday,6,44,0.0,0.0
1955_700,Saturday,6,123,-28.9,0.0
26788_106,Saturday,6,60,0.0,0.0
26791_106,Saturday,6,8,0.0,0.0
340_900,Saturday,6,235,1.3,129.0
26787_106,Saturday,6,15,0.0,0.0
343_900,Saturday,6,132,1.7,57.0
22609_700,Saturday,6,161,8.7,35.0
26783_106,Saturday,6,60,0.0,0.0
1551_700,Saturday,6,409,-0.2,128.0
17461_700,Saturday,6,103,12.8,120.0
17523_400,Saturday,6,478,3.4,60.0
17518_400,Saturday,6,182,0.3,60.0
17525_400,Saturday,6,185,2.6,60.0
17514_400,Saturday,6,247,24.8,120.0
5370_700,Saturday,6,36,-4.7,60.0
26793_106,Saturday,6,18,0.0,0.0
17448_700,Saturday,6,241,22.7,120.0
26784_106,Saturday,6,27,0.0,0.0
5249_700,Saturday,6,183,77.7,220.0
16009_700,Saturday,6,1,0.0,0.0
5381_700,Saturday,6,10,0.0,0.0
27280_700,Saturday,6,86,2.8,60.0
20813_100,Saturday,6,14,0.0,0.0
17442_900,Saturday,6,238,12.6,120.0
17515_400,Saturday,6,180,26.3,120.0
17360_700,Saturday,6,217,53.1,240.0
24759_700,Saturday,6,36,30.0,60.0
17457_700,Saturday,6,171,-23.9,60.0
10143_109,Saturday,6,212,48.1,240.0
10229_109,Saturday,6,20,9.0,60.0
13136_700,Saturday,6,29,98.0,98.0
17456_700,Saturday,6,189,4.8,180.0
5384_700,Saturday,6,65,42.4,107.0
1879_900,Saturday,6,3,0.0,0.0
17459_900,Saturday,6,164,-69.9,120.0
17304_700,Saturday,6,289,1.9,60.0
17305_700,Saturday,6,164,29.3,60.0
5607_700,Saturday,6,12,5.7,68.0
18361_700,Saturday,6,23,0.0,0.0
10157_109,Saturday,6,225,26.7,180.0
5380_700,Saturday,6,11,0.0,0.0
17301_900,Saturday,6,93,-49.0,120.0
17440_900,Saturday,6,138,6.1,240.0
17320_700,Saturday,6,296,43.6,300.0
17345_700,Saturday,6,48,0.0,0.0
10148_109,Saturday,6,197,5.2,60.0
10155_109,Saturday,6,62,31.9,120.0
17330_700,Saturday,6,208,32.0,240.0
17447_700,Saturday,6,116,13.4,60.0
10223_109,Saturday,6,168,2.5,60.0
18923_700,Saturday,6,18,64.9,65.0
11364_700,Saturday,6,39,0.0,0.0
17359_700,Saturday,6,64,30.0,120.0
17516_400,Saturday,6,25,0.0,0.0
18937_700,Saturday,6,63,36.4,217.0
17419_900,Saturday,6,43,-18.1,60.0
17512_400,Saturday,6,12,0.0,0.0
17313_700,Saturday,6,33,0.0,0.0
13120_700,Saturday,6,2,54.5,109.0
17441_700,Saturday,6,341,-17.1,120.0
27934_700,Saturday,6,20,144.8,275.0
16345_100,Saturday,6,39,0.0,0.0
22240_109,Saturday,6,12,5.0,60.0
17370_700,Saturday,6,39,-83.1,0.0
10158_109,Saturday,6,133,6.3,60.0
23945_100,Saturday,6,107,314.0,2400.0
15959_700,Saturday,6,159,0.0,0.0
17326_700,Saturday,6,68,0.0,0.0
17340_700,Saturday,6,81,0.7,60.0
10149_109,Saturday,6,182,8.6,60.0
10170_109,Saturday,6,37,11.4,120.0
17292_700,Saturday,6,168,43.6,240.0
28412_109,Saturday,6,28,15.0,60.0
17334_700,Saturday,6,90,0.0,0.0
17454_700,Saturday,6,53,17.0,180.0
17520_700,Saturday,6,5,0.0,0.0
10226_109,Saturday,6,192,7.2,120.0
28411_109,Saturday,6,6,10.0,60.0
17328_700,Saturday,6,20,0.0,0.0
17361_700,Saturday,6,78,-6.2,60.0
10141_109,Saturday,6,336,22.7,240.0
17380_700,Saturday,6,47,-28.1,60.0
10673_700,Saturday,6,56,0.0,0.0
10674_700,Saturday,6,68,0.0,0.0
17349_700,Saturday,6,170,46.9,120.0
17280_700,Saturday,6,54,116.7,180.0
17409_700,Saturday,6,50,14.4,60.0
18374_700,Saturday,6,165,8.0,180.0
17424_900,Saturday,6,71,-38.9,120.0
17444_900,Saturday,6,239,50.0,300.0
17463_900,Saturday,6,75,-32.8,120.0
10165_109,Saturday,6,40,12.0,60.0
17533_700,Saturday,6,14,60.0,60.0
17446_900,Saturday,6,55,-52.4,0.0
17453_700,Saturday,6,136,11.0,120.0
17462_700,Saturday,6,138,14.3,60.0
17354_700,Saturday,6,54,1.1,60.0
26781_700,Saturday,6,4,0.0,0.0
22712_700,Saturday,6,25,0.0,0.0
22691_700,Saturday,6,32,0.0,0.0
4221_700,Saturday,6,17,54.6,62.0
9696_700,Saturday,6,21,67.5,324.0
10145_109,Saturday,6,182,18.8,120.0
28259_100,Saturday,6,74,-17.0,0.0
17373_700,Saturday,6,112,49.3,60.0
17400_700,Saturday,6,44,0.0,0.0
4245_700,Saturday,6,10,177.8,178.0
17535_700,Saturday,6,42,27.1,60.0
17347_700,Saturday,6,142,36.3,120.0
18945_700,Saturday,6,45,82.3,195.0
20969_700,Saturday,6,18,188.9,309.0
4243_700,Saturday,6,25,74.2,174.0
17300_700,Saturday,6,87,40.0,120.0
17322_700,Saturday,6,11,0.0,0.0
17435_700,Saturday,6,30,-12.0,60.0
22708_700,Saturday,6,24,0.0,0.0
1883_900,Saturday,6,8,-60.0,0.0
17279_700,Saturday,6,16,3.7,60.0
17281_700,Saturday,6,44,-19.1,60.0
17348_700,Saturday,6,126,-2.4,60.0
17368_700,Saturday,6,109,-22.6,60.0
17379_700,Saturday,6,98,-32.4,60.0
28571_109,Saturday,6,9,26.7,60.0
1870_700,Saturday,6,14,-3.9,3.0
18915_700,Saturday,6,15,87.8,138.0
23944_100,Saturday,6,6,0.0,0.0
17343_700,Saturday,6,69,15.7,60.0
17323_700,Saturday,6,16,0.0,0.0
17374_900,Saturday,6,203,-4.7,120.0
17417_900,Saturday,6,132,23.6,120.0
17422_900,Saturday,6,62,-58.1,0.0
17438_900,Saturday,6,49,68.6,120.0
17460_900,Saturday,6,272,-19.9,120.0
18911_700,Saturday,6,21,27.1,32.0
17339_700,Saturday,6,116,36.7,120.0
17332_700,Saturday,6,21,25.7,60.0
17306_700,Saturday,6,278,20.9,120.0
18354_700,Saturday,6,45,16.9,104.0
17317_700,Saturday,6,69,7.8,60.0
17307_700,Saturday,6,25,12.0,300.0
22754_700,Saturday,6,75,54.4,60.0
4497_700,Saturday,6,17,76.0,122.0
24715_700,Saturday,6,4,-38.2,27.0
11537_109,Saturday,6,38,11.1,120.0
4242_700,Saturday,6,24,26.8,95.0
10162_109,Saturday,6,253,15.2,180.0
10163_109,Saturday,6,78,1.5,60.0
10167_109,Saturday,6,42,10.0,120.0
17329_700,Saturday,6,47,37.0,120.0
17364_700,Saturday,6,64,-58.1,120.0
17465_700,Saturday,6,185,23.0,180.0
17315_700,Saturday,6,39,0.0,0.0
17342_700,Saturday,6,57,9.5,120.0
18922_700,Saturday,6,30,37.7,39.0
17296_700,Saturday,6,71,-15.2,60.0
17297_700,Saturday,6,106,28.3,60.0
17299_700,Saturday,6,142,36.8,180.0
17310_700,Saturday,6,171,8.1,180.0
17312_700,Saturday,6,32,22.5,60.0
17363_700,Saturday,6,25,0.0,0.0
17318_700,Saturday,6,79,56.2,360.0
17372_700,Saturday,6,93,19.4,60.0
5238_700,Saturday,6,24,224.0,224.0
19065_100,Saturday,6,6,220.0,780.0
18931_700,Saturday,6,32,10.9,70.0
3975_700,Saturday,6,59,0.0,0.0
10671_700,Saturday,6,14,0.0,0.0
17316_700,Saturday,6,77,0.8,60.0
23414_700,Saturday,6,33,-72.7,0.0
17355_700,Saturday,6,73,-0.8,60.0
17365_700,Saturday,6,60,-77.0,60.0
17356_700,Saturday,6,130,-6.9,180.0
22625_700,Saturday,6,117,57.4,171.0
18969_100,Saturday,6,4,0.0,0.0
17308_700,Saturday,6,30,28.0,180.0
17387_700,Saturday,6,26,0.0,0.0
17449_700,Saturday,6,262,27.9,120.0
17335_700,Saturday,6,116,2.6,60.0
17521_400,Saturday,6,70,18.9,60.0
22775_700,Saturday,6,8,148.8,149.0
17445_700,Saturday,6,25,60.0,120.0
17451_700,Saturday,6,92,22.2,120.0
17527_700,Saturday,6,8,30.0,120.0
17537_700,Saturday,6,11,-141.8,-60.0
17346_700,Saturday,6,58,-15.5,60.0
17314_700,Saturday,6,86,19.5,120.0
17303_700,Saturday,6,180,-2.3,60.0
17744_700,Saturday,6,17,17.6,120.0
22726_700,Saturday,6,12,0.0,0.0
17341_700,Saturday,6,43,30.7,180.0
17367_700,Saturday,6,106,-14.2,60.0
17450_700,Saturday,6,41,-24.9,120.0
17464_700,Saturday,6,39,-30.8,0.0
17484_700,Saturday,6,6,0.0,0.0
5248_700,Saturday,6,13,149.2,160.0
17452_900,Saturday,6,140,-3.9,60.0
4477_700,Saturday,6,60,0.0,0.0
27915_700,Saturday,6,6,0.0,0.0
17352_900,Saturday,6,31,-38.7,0.0
29140_700,Saturday,6,2,32.0,64.0
14979_700,Saturday,6,4,38.8,148.0
17319_700,Saturday,6,133,64.5,180.0
17333_700,Saturday,6,33,0.0,0.0
17350_700,Saturday,6,141,-88.5,240.0
17458_700,Saturday,6,136,40.6,120.0
22390_700,Saturday,6,37,50.3,120.0
17437_700,Saturday,6,13,9.2,60.0
27945_700,Saturday,6,10,281.6,341.0
5233_700,Saturday,6,2,-110.5,0.0
17384_700,Saturday,6,45,1.3,60.0
17362_700,Saturday,6,116,36.7,180.0
17302_700,Saturday,6,91,79.8,180.0
17538_700,Saturday,6,96,54.4,180.0
25354_700,Saturday,6,25,50.8,119.0
18920_700,Saturday,6,34,84.6,128.0
5353_700,Saturday,6,1,60.0,60.0
4281_700,Saturday,6,5,382.2,448.0
17294_700,Saturday,6,32,-71.3,0.0
18921_700,Saturday,6,19,67.9,68.0
5352_700,Saturday,6,1,0.0,0.0
17381_700,Saturday,6,42,0.0,0.0
23415_700,Saturday,6,180,45.7,240.0
17455_700,Saturday,6,111,15.1,120.0
19127_700,Saturday,6,50,126.9,205.0
7251_700,Saturday,6,14,11.9,70.0
4287_700,Saturday,6,67,163.9,448.0
17290_700,Saturday,6,125,23.5,120.0
17378_700,Saturday,6,134,-6.3,60.0
27292_700,Saturday,6,34,0.0,0.0
27285_700,Saturday,6,11,0.0,60.0
20930_700,Saturday,6,15,79.9,80.0
5378_700,Saturday,6,1,0.0,0.0
5379_700,Saturday,6,38,80.7,256.0
17309_700,Saturday,6,11,0.0,0.0
17311_700,Saturday,6,58,57.9,60.0
17509_700,Saturday,6,1,0.0,0.0
17325_700,Saturday,6,67,29.6,60.0
17369_700,Saturday,6,24,-5.0,60.0
17377_700,Saturday,6,41,20.5,60.0
17321_700,Saturday,6,43,82.3,120.0
5345_700,Saturday,6,15,75.6,164.0
17357_700,Saturday,6,15,0.0,0.0
17414_700,Saturday,6,20,0.0,0.0
17293_700,Saturday,6,25,2.4,60.0
17526_400,Saturday,6,34,17.6,60.0
21750_700,Saturday,6,31,56.4,210.0
17331_700,Saturday,6,17,0.0,0.0
29169_700,Saturday,6,1,0.0,0.0
4514_700,Saturday,6,28,128.5,187.0
17401_700,Saturday,6,7,0.0,0.0
20364_700,Saturday,6,21,17.9,70.0
5339_700,Saturday,6,1,0.0,0.0
5237_700,Saturday,6,20,188.9,189.0
22714_700,Saturday,6,16,0.0,0.0
13107_700,Saturday,6,3,15.3,46.0
17529_700,Saturday,6,25,2.4,60.0
17530_700,Saturday,6,17,0.0,0.0
17416_900,Saturday,6,46,-2.6,60.0
17420_900,Saturday,6,14,38.6,60.0
18909_700,Saturday,6,9,9.3,17.0
17412_700,Saturday,6,14,60.0,60.0
16915_700,Saturday,6,22,6.5,72.0
27959_700,Saturday,6,52,124.4,187.0
1882_900,Saturday,6,8,22.2,158.0
1871_700,Saturday,6,4,-15.0,69.0
4503_700,Saturday,6,13,39.9,64.0
5239_700,Saturday,6,31,121.8,198.0
1872_700,Saturday,6,28,0.0,0.0
25489_700,Saturday,6,8,89.4,127.0
19705_700,Saturday,6,8,-52.5,0.0
5256_3,Saturday,10,45,2705.4,2724.0
17350_700,Saturday,10,377,252.3,1800.0
21284_700,Saturday,10,87,350.3,840.0
17298_700,Saturday,10,30,-604.0,0.0
17367_700,Saturday,10,292,-6.2,180.0
17356_700,Saturday,10,263,39.9,300.0
17376_700,Saturday,10,68,81.2,120.0
18374_700,Saturday,10,358,5.0,180.0
17437_700,Saturday,10,111,27.0,180.0
17520_700,Saturday,10,159,3.8,180.0
17302_700,Saturday,10,356,8.6,240.0
17462_700,Saturday,10,258,-19.5,60.0
17357_700,Saturday,10,30,16.0,60.0
17525_400,Saturday,10,552,93.5,1080.0
17420_900,Saturday,10,100,5.4,60.0
4228_700,Saturday,10,19,253.9,557.0
5248_700,Saturday,10,24,162.9,283.0
10234_700,Saturday,10,18,13.4,33.0
4249_700,Saturday,10,22,74.3,141.0
4241_700,Saturday,10,19,95.5,137.0
17314_700,Saturday,10,292,-22.4,60.0
17395_700,Saturday,10,16,-33.8,0.0
17448_700,Saturday,10,559,16.1,240.0
17526_400,Saturday,10,315,6.3,60.0
17422_900,Saturday,10,286,-12.6,60.0
17424_900,Saturday,10,406,2.7,180.0
17328_700,Saturday,10,227,25.6,120.0
17364_700,Saturday,10,342,33.9,300.0
17514_400,Saturday,10,676,12.8,180.0
17464_700,Saturday,10,183,-5.2,60.0
17465_700,Saturday,10,572,19.2,240.0
17281_700,Saturday,10,80,-158.3,120.0
17324_900,Saturday,10,217,-9.4,60.0
17352_900,Saturday,10,126,-25.2,60.0
17310_700,Saturday,10,241,-4.0,120.0
17531_700,Saturday,10,140,-3.9,120.0
17435_700,Saturday,10,60,-2.0,180.0
17304_700,Saturday,10,491,-3.8,60.0
17377_700,Saturday,10,85,-4.2,60.0
17447_700,Saturday,10,341,5.3,180.0
17457_700,Saturday,10,511,33.0,720.0
17461_700,Saturday,10,457,-7.0,180.0
17413_700,Saturday,10,22,-19.1,0.0
17415_700,Saturday,10,20,3.0,60.0
17521_400,Saturday,10,470,10.6,60.0
17416_900,Saturday,10,380,-9.8,180.0
17440_900,Saturday,10,703,11.7,240.0
17289_700,Saturday,10,150,4.8,300.0
17306_700,Saturday,10,840,38.9,360.0
17530_700,Saturday,10,271,52.7,840.0
17293_700,Saturday,10,56,19.3,120.0
4257_700,Saturday,10,14,-1.4,75.0
17297_700,Saturday,10,273,9.7,120.0
17518_400,Saturday,10,564,5.7,60.0
17379_700,Saturday,10,145,-3.3,120.0
17454_700,Saturday,10,162,12.2,120.0
17529_700,Saturday,10,214,2.5,120.0
17536_700,Saturday,10,180,5.0,120.0
17537_700,Saturday,10,84,-31.4,60.0
17523_400,Saturday,10,1190,7.5,60.0
17338_900,Saturday,10,240,-32.0,180.0
17442_900,Saturday,10,563,-15.9,180.0
28712_700,Saturday,10,11,0.0,0.0
17305_700,Saturday,10,568,-8.7,300.0
17349_700,Saturday,10,397,-4.8,120.0
17384_700,Saturday,10,97,-12.4,60.0
17446_900,Saturday,10,102,-7.6,60.0
17421_900,Saturday,10,54,15.6,60.0
17516_400,Saturday,10,30,0.0,0.0
17441_700,Saturday,10,1035,-43.3,60.0
17453_700,Saturday,10,496,23.3,300.0
15274_700,Saturday,10,600,6.6,141.0
17313_700,Saturday,10,101,22.0,60.0
1547_700,Saturday,10,378,5.0,120.0
29169_700,Saturday,10,15,56.7,187.0
343_900,Saturday,10,266,12.4,139.0
17331_700,Saturday,10,141,-21.7,60.0
17344_700,Saturday,10,39,0.0,0.0
17354_700,Saturday,10,213,-12.1,120.0
1548_700,Saturday,10,1110,17.1,303.0
17361_700,Saturday,10,107,1.7,120.0
7361_700,Saturday,10,475,5.2,146.0
22609_700,Saturday,10,440,11.5,180.0
1549_700,Saturday,10,428,1.2,117.0
22754_700,Saturday,10,381,12.4,120.0
17456_700,Saturday,10,691,2.0,180.0
1880_900,Saturday,10,55,5.5,134.0
7362_900,Saturday,10,532,4.9,128.0
5633_900,Saturday,10,644,7.0,121.0
1558_900,Saturday,10,514,2.9,77.0
15276_700,Saturday,10,162,4.4,149.0
24053_100,Saturday,10,159,15.5,300.0
17463_900,Saturday,10,200,14.4,180.0
16915_700,Saturday,10,100,20.3,98.0
27915_700,Saturday,10,48,18.6,149.0
26788_106,Saturday,10,72,278.9,1971.0
18920_700,Saturday,10,80,24.6,77.0
26793_106,Saturday,10,27,11.4,188.0
22712_700,Saturday,10,75,0.0,0.0
21947_700,Saturday,10,74,36.5,276.0
17333_700,Saturday,10,240,53.5,420.0
17345_700,Saturday,10,84,19.3,120.0
17365_700,Saturday,10,187,-32.7,60.0
17449_700,Saturday,10,718,99.1,600.0
23415_700,Saturday,10,557,43.6,360.0
11364_700,Saturday,10,325,27.6,212.0
17515_400,Saturday,10,312,31.0,240.0
5596_700,Saturday,10,325,4.2,113.0
28311_100,Saturday,10,43,5.6,120.0
1556_900,Saturday,10,930,9.7,178.0
17452_900,Saturday,10,564,-5.2,300.0
17460_900,Saturday,10,676,-18.5,120.0
15273_700,Saturday,10,260,3.4,129.0
26790_106,Saturday,10,88,4.1,93.0
26783_106,Saturday,10,59,40.0,360.0
22804_700,Saturday,10,207,9.6,130.0
5345_700,Saturday,10,81,6.7,60.0
5353_700,Saturday,10,75,97.0,277.0
5362_700,Saturday,10,33,0.0,0.0
16009_700,Saturday,10,88,13.4,215.0
20809_100,Saturday,10,24,0.0,0.0
22714_700,Saturday,10,62,0.0,0.0
1546_700,Saturday,10,642,17.8,448.0
17321_700,Saturday,10,66,-30.0,0.0
5377_700,Saturday,10,11,27.3,60.0
17316_700,Saturday,10,217,69.7,360.0
17318_700,Saturday,10,162,7.8,300.0
17380_700,Saturday,10,127,-4.7,120.0
17512_400,Saturday,10,93,12.9,120.0
1551_700,Saturday,10,395,11.2,231.0
4456_700,Saturday,10,126,9.0,80.0
17538_700,Saturday,10,475,23.5,300.0
10142_109,Saturday,10,292,213.1,1020.0
17744_700,Saturday,10,58,20.7,300.0
24049_100,Saturday,10,96,8.8,240.0
24050_100,Saturday,10,77,1.6,120.0
5635_900,Saturday,10,868,8.5,145.0
10223_109,Saturday,10,199,7.2,60.0
18939_700,Saturday,10,72,27.7,124.0
1871_700,Saturday,10,119,23.7,238.0
5384_700,Saturday,10,83,24.7,67.0
22691_700,Saturday,10,109,-13.1,16.0
22703_700,Saturday,10,46,0.0,0.0
13108_700,Saturday,10,52,40.3,192.0
17339_700,Saturday,10,449,16.3,300.0
17347_700,Saturday,10,422,147.0,1920.0
17369_700,Saturday,10,78,103.8,300.0
17375_700,Saturday,10,72,-5.0,240.0
17445_700,Saturday,10,206,11.4,60.0
17400_700,Saturday,10,88,14.3,60.0
27286_700,Saturday,10,18,46.7,540.0
17374_900,Saturday,10,336,-42.1,120.0
10144_109,Saturday,10,61,84.6,300.0
17438_900,Saturday,10,245,15.7,540.0
17444_900,Saturday,10,519,39.5,360.0
15959_700,Saturday,10,161,26.4,225.0
27285_700,Saturday,10,34,194.1,600.0
10163_109,Saturday,10,289,9.3,120.0
22240_109,Saturday,10,20,6.0,60.0
27280_700,Saturday,10,92,39.8,180.0
18341_700,Saturday,10,45,19.0,127.0
340_900,Saturday,10,270,13.8,199.0
17330_700,Saturday,10,352,26.1,240.0
17362_700,Saturday,10,229,14.7,180.0
17368_700,Saturday,10,163,-12.1,120.0
17414_700,Saturday,10,80,29.2,180.0
23154_700,Saturday,10,105,-6.9,60.0
17279_700,Saturday,10,25,141.6,660.0
24043_100,Saturday,10,97,-24.7,0.0
24055_100,Saturday,10,32,61.9,540.0
17459_900,Saturday,10,547,-32.0,120.0
10155_109,Saturday,10,62,5.8,60.0
5332_700,Saturday,10,39,41.2,146.0
5372_700,Saturday,10,52,18.5,60.0
5381_700,Saturday,10,144,34.7,193.0
22708_700,Saturday,10,72,0.0,0.0
28412_109,Saturday,10,39,4.6,60.0
22723_700,Saturday,10,26,0.0,0.0
17317_700,Saturday,10,199,-9.9,120.0
28572_109,Saturday,10,12,20.0,60.0
24047_100,Saturday,10,30,-26.0,60.0
19058_100,Saturday,10,117,29.2,660.0
26786_106,Saturday,10,44,13.5,60.0
18931_700,Saturday,10,189,154.1,326.0
17295_700,Saturday,10,181,39.1,300.0
17299_700,Saturday,10,117,321.5,840.0
22702_700,Saturday,10,28,0.0,0.0
17348_700,Saturday,10,333,-16.9,180.0
17455_700,Saturday,10,559,37.0,420.0
17391_700,Saturday,10,19,9.5,60.0
24057_100,Saturday,10,92,110.9,840.0
17301_900,Saturday,10,257,115.8,1020.0
27916_700,Saturday,10,153,12.0,278.0
5369_700,Saturday,10,69,0.0,0.0
28411_109,Saturday,10,16,7.5,60.0
17292_700,Saturday,10,252,6.2,120.0
18369_700,Saturday,10,20,1.4,29.0
15624_700,Saturday,10,27,163.9,433.0
18945_700,Saturday,10,49,183.4,374.0
24046_100,Saturday,10,64,-4.7,60.0
24042_100,Saturday,10,92,-2.0,120.0
19065_100,Saturday,10,17,7.1,60.0
10143_109,Saturday,10,283,104.9,1260.0
27300_700,Saturday,10,56,43.9,240.0
19066_100,Saturday,10,233,13.1,240.0
18911_700,Saturday,10,21,107.2,177.0
5344_700,Saturday,10,10,0.0,0.0
17290_700,Saturday,10,388,31.2,240.0
17311_700,Saturday,10,305,53.3,300.0
17381_700,Saturday,10,216,38.3,240.0
17417_900,Saturday,10,204,24.4,180.0
24025_100,Saturday,10,257,32.7,540.0
6620_700,Saturday,10,26,75.9,131.0
28806_700,Saturday,10,64,56.5,66.0
10167_109,Saturday,10,72,7.5,60.0
18344_700,Saturday,10,129,3.7,223.0
18361_700,Saturday,10,92,31.7,150.0
17334_700,Saturday,10,299,24.3,240.0
17341_700,Saturday,10,509,34.2,240.0
17378_700,Saturday,10,322,-0.9,120.0
17402_700,Saturday,10,14,4.3,60.0
17527_700,Saturday,10,9,0.0,0.0
24045_100,Saturday,10,145,-8.7,180.0
27291_700,Saturday,10,29,0.0,0.0
10158_109,Saturday,10,170,15.5,120.0
18937_700,Saturday,10,56,194.5,295.0
5378_700,Saturday,10,97,17.7,155.0
27277_700,Saturday,10,20,213.0,420.0
17340_700,Saturday,10,388,13.9,180.0
17372_700,Saturday,10,248,54.0,660.0
17450_700,Saturday,10,180,11.7,180.0
17309_700,Saturday,10,139,36.3,180.0
19063_100,Saturday,10,27,-8.9,0.0
27934_700,Saturday,10,20,0.0,0.0
10165_109,Saturday,10,45,16.0,120.0
20813_100,Saturday,10,10,0.0,0.0
29153_700,Saturday,10,10,80.2,127.0
17342_700,Saturday,10,328,59.8,360.0
17360_700,Saturday,10,248,379.8,2280.0
17412_700,Saturday,10,84,-0.7,120.0
17532_700,Saturday,10,225,-17.3,60.0
17401_700,Saturday,10,14,4.3,60.0
10145_109,Saturday,10,250,136.1,780.0
18897_700,Saturday,10,47,65.3,124.0
16345_100,Saturday,10,26,-50.8,60.0
18365_700,Saturday,10,40,25.2,122.0
17315_700,Saturday,10,147,24.5,180.0
25529_700,Saturday,10,16,0.0,0.0
5376_700,Saturday,10,28,30.0,60.0
18969_100,Saturday,10,8,90.0,180.0
18354_700,Saturday,10,15,210.7,228.0
29160_700,Saturday,10,15,12.2,61.0
17451_700,Saturday,10,265,0.9,60.0
17533_700,Saturday,10,117,90.8,300.0
27952_700,Saturday,10,132,15.8,207.0
27290_700,Saturday,10,30,96.0,180.0
23945_100,Saturday,10,110,256.4,1680.0
10149_109,Saturday,10,300,3.4,120.0
10229_109,Saturday,10,23,0.0,0.0
5354_700,Saturday,10,13,13.8,60.0
17343_700,Saturday,10,70,10.3,60.0
17327_700,Saturday,10,44,47.7,240.0
10157_109,Saturday,10,351,20.7,180.0
27275_700,Saturday,10,68,30.0,240.0
18359_700,Saturday,10,36,0.0,0.0
17325_700,Saturday,10,239,-28.1,180.0
10148_109,Saturday,10,270,14.7,300.0
19059_100,Saturday,10,56,23.6,240.0
26784_106,Saturday,10,36,12.9,60.0
17300_700,Saturday,10,126,-12.9,180.0
17303_700,Saturday,10,345,0.9,240.0
18358_700,Saturday,10,45,0.1,42.0
10141_109,Saturday,10,391,114.8,1080.0
17326_700,Saturday,10,143,-17.6,60.0
17535_700,Saturday,10,204,45.9,300.0
15277_700,Saturday,10,560,20.4,555.0
13133_700,Saturday,10,17,63.0,130.0
10226_109,Saturday,10,200,6.6,180.0
26791_106,Saturday,10,8,0.0,0.0
27276_700,Saturday,10,44,0.0,0.0
22452_700,Saturday,10,8,62.9,63.0
18370_700,Saturday,10,77,4.0,133.0
5371_700,Saturday,10,31,34.8,60.0
18350_700,Saturday,10,21,0.0,0.0
23414_700,Saturday,10,99,98.2,540.0
17373_700,Saturday,10,178,31.7,180.0
17392_700,Saturday,10,24,-42.5,0.0
17393_700,Saturday,10,68,40.6,120.0
17329_700,Saturday,10,120,16.0,180.0
17370_700,Saturday,10,198,26.7,180.0
24759_700,Saturday,10,84,10.7,60.0
1872_700,Saturday,10,3,72.3,143.0
26787_106,Saturday,10,15,0.0,0.0
22726_700,Saturday,10,25,0.0,0.0
13136_700,Saturday,10,28,0.0,0.0
17382_700,Saturday,10,58,22.8,120.0
17366_700,Saturday,10,192,-5.0,180.0
17307_700,Saturday,10,51,123.5,240.0
20930_700,Saturday,10,36,77.7,137.0
17353_700,Saturday,10,36,20.0,120.0
17409_700,Saturday,10,42,18.6,180.0
1874_700,Saturday,10,1,3021.0,3021.0
5339_700,Saturday,10,82,-0.2,26.0
17320_700,Saturday,10,344,-4.2,180.0
11537_109,Saturday,10,40,4.5,60.0
26748_100,Saturday,10,8,0.0,0.0
28259_100,Saturday,10,124,84.2,540.0
20810_700,Saturday,10,18,0.0,0.0
29150_700,Saturday,10,23,164.9,477.0
17383_700,Saturday,10,44,45.0,120.0
18923_700,Saturday,10,36,7.6,62.0
5379_700,Saturday,10,105,1.1,60.0
17418_900,Saturday,10,76,9.5,60.0
1882_900,Saturday,10,77,15.1,132.0
22390_700,Saturday,10,60,-22.0,180.0
27959_700,Saturday,10,52,15.3,91.0
17355_700,Saturday,10,162,-20.0,60.0
13110_700,Saturday,10,64,264.7,492.0
1870_700,Saturday,10,34,33.3,159.0
26789_106,Saturday,10,8,0.0,0.0
17332_700,Saturday,10,17,247.1,360.0
23944_100,Saturday,10,12,0.0,0.0
18353_700,Saturday,10,33,0.0,0.0
5380_700,Saturday,10,32,-0.2,66.0
17323_700,Saturday,10,84,-5.7,60.0
18927_700,Saturday,10,17,191.4,268.0
20369_100,Saturday,10,6,1010.0,1200.0
17319_700,Saturday,10,180,27.0,120.0
27296_700,Saturday,10,17,0.0,0.0
4495_700,Saturday,10,10,336.6,366.0
19705_700,Saturday,10,44,57.3,420.0
5364_700,Saturday,10,56,35.2,66.0
29220_700,Saturday,10,29,91.0,120.0
22453_700,Saturday,10,11,72.9,73.0
17363_700,Saturday,10,144,12.5,180.0
17458_700,Saturday,10,443,118.9,840.0
26785_106,Saturday,10,42,382.5,1500.0
18889_700,Saturday,10,9,103.3,133.0
10166_109,Saturday,10,36,3.3,60.0
10170_109,Saturday,10,32,7.5,60.0
17296_700,Saturday,10,75,20.0,120.0
17294_700,Saturday,10,122,47.2,240.0
17385_700,Saturday,10,48,36.2,120.0
4497_700,Saturday,10,20,56.6,129.0
17346_700,Saturday,10,102,11.8,60.0
28805_700,Saturday,10,25,44.2,68.0
18899_700,Saturday,10,28,43.9,152.0
10162_109,Saturday,10,289,7.7,60.0
5352_700,Saturday,10,17,0.0,0.0
17280_700,Saturday,10,87,35.9,180.0
16214_700,Saturday,10,5,356.2,560.0
17351_700,Saturday,10,72,-29.2,0.0
25904_700,Saturday,10,18,88.6,221.0
17419_900,Saturday,10,101,-3.0,60.0
5370_700,Saturday,10,36,1.7,60.0
18915_700,Saturday,10,16,131.3,140.0
13106_700,Saturday,10,11,52.4,64.0
18929_700,Saturday,10,57,113.0,188.0
1879_900,Saturday,10,27,6.0,97.0
16349_100,Saturday,10,5,624.0,660.0
17308_700,Saturday,10,98,20.2,180.0
1923_700,Saturday,10,262,13.7,130.0
1945_700,Saturday,10,75,-5.6,9.0
1925_700,Saturday,10,180,10.8,1218.0
10673_700,Saturday,10,56,695.9,1852.0
10682_700,Saturday,10,145,18.7,151.0
10676_700,Saturday,10,67,92.6,412.0
4222_700,Saturday,10,5,-22.8,5.0
19244_700,Saturday,10,12,182.9,183.0
19126_700,Saturday,10,48,159.0,190.0
19133_700,Saturday,10,24,52.4,108.0
25354_700,Saturday,10,51,196.4,313.0
20969_700,Saturday,10,21,201.2,233.0
5249_700,Saturday,10,137,171.8,359.0
1938_700,Saturday,10,203,24.9,152.0
10671_700,Saturday,10,116,12.3,322.0
1971_700,Saturday,10,80,0.0,0.0
1928_700,Saturday,10,90,-6.3,41.0
4245_700,Saturday,10,11,26.2,52.0
1955_700,Saturday,10,348,5.6,180.0
1930_700,Saturday,10,124,71.9,155.0
4242_700,Saturday,10,79,232.7,366.0
7251_700,Saturday,10,27,124.4,137.0
1921_700,Saturday,10,105,-4.2,24.0
1924_700,Saturday,10,33,0.0,0.0
10674_700,Saturday,10,68,314.5,862.0
4264_700,Saturday,10,24,181.5,303.0
21750_700,Saturday,10,31,162.4,184.0
19155_109,Saturday,10,89,212.4,1440.0
1929_700,Saturday,10,92,-51.6,71.0
5241_700,Saturday,10,31,137.3,213.0
4265_700,Saturday,10,27,1518.5,1570.0
5243_3,Saturday,10,33,231.9,236.0
4223_700,Saturday,10,39,127.4,246.0
5252_3,Saturday,10,25,97.7,229.0
4238_700,Saturday,10,19,38.2,84.0
1931_700,Saturday,10,25,0.0,0.0
4287_700,Saturday,10,82,100.2,268.0
4281_700,Saturday,10,61,348.4,1056.0
17359_700,Saturday,10,84,24.3,120.0
17335_700,Saturday,10,372,64.0,420.0
20812_100,Saturday,10,9,86.7,180.0
24715_700,Saturday,10,2,0.0,0.0
5238_700,Saturday,10,38,94.4,267.0
4243_700,Saturday,10,27,98.3,245.0
5257_700,Saturday,10,11,121.2,127.0
4503_700,Saturday,10,21,195.1,251.0
17322_700,Saturday,10,150,-3.6,60.0
17387_700,Saturday,10,52,38.1,180.0
5365_700,Saturday,10,74,77.6,184.0
5368_700,Saturday,10,63,99.5,205.0
17312_700,Saturday,10,78,60.8,240.0
17398_700,Saturday,10,88,6.8,180.0
22775_700,Saturday,10,9,86.9,87.0
14733_700,Saturday,10,15,159.9,160.0
17403_700,Saturday,10,5,0.0,0.0
17336_700,Saturday,10,34,28.2,120.0
28571_109,Saturday,10,6,0.0,0.0
19019_700,Saturday,10,11,-43.6,0.0
19062_100,Saturday,10,12,20.0,60.0
4221_700,Saturday,10,20,74.3,105.0
22424_700,Saturday,10,17,120.4,142.0
6618_700,Saturday,10,23,257.0,413.0
18360_700,Saturday,10,56,108.0,245.0
14979_700,Saturday,10,2,66.0,66.0
27945_700,Saturday,10,10,-0.3,61.0
29140_700,Saturday,10,32,89.3,184.0
13105_700,Saturday,10,66,110.3,114.0
15020_700,Saturday,10,11,114.0,114.0
21205_700,Saturday,10,15,68.8,129.0
24052_100,Saturday,10,27,68.9,240.0
18898_700,Saturday,10,34,15.0,64.0
18909_700,Saturday,10,75,145.7,365.0
27569_700,Saturday,10,3,0.0,0.0
26781_700,Saturday,10,12,0.0,0.0
5233_700,Saturday,10,30,52.2,190.0
18884_700,Saturday,10,16,59.3,79.0
9696_700,Saturday,10,21,100.2,140.0
25907_700,Saturday,10,14,59.8,135.0
5239_700,Saturday,10,31,375.1,402.0
25219_700,Saturday,10,3,-47.7,54.0
4253_700,Saturday,10,3,72.7,73.0
18922_700,Saturday,10,30,37.0,37.0
4259_700,Saturday,10,21,54.2,149.0
20364_700,Saturday,10,21,32.3,90.0
29143_700,Saturday,10,21,28.1,167.0
17407_700,Saturday,10,30,96.0,360.0
20879_700,Saturday,10,1,0.0,0.0
5236_700,Saturday,10,27,104.7,176.0
5366_700,Saturday,10,12,0.0,0.0
18895_700,Saturday,10,22,267.6,343.0
5363_700,Saturday,10,12,63.0,69.0
13107_700,Saturday,10,17,5.0,5.0
17406_700,Saturday,10,12,0.0,0.0
19127_700,Saturday,10,51,189.1,292.0
18908_700,Saturday,10,9,55.0,62.0
19059_100,Saturday,14,26,627.7,1140.0
10682_700,Saturday,14,28,0.0,0.0
10671_700,Saturday,14,137,3.2,159.0
18350_700,Saturday,14,21,0.0,0.0
24049_100,Saturday,14,96,-2.5,60.0
24050_100,Saturday,14,76,5.5,120.0
24043_100,Saturday,14,97,-24.7,0.0
24055_100,Saturday,14,32,-33.8,0.0
1924_700,Saturday,14,33,0.0,0.0
24042_100,Saturday,14,81,258.5,1260.0
18351_700,Saturday,14,17,-3.9,0.0
24025_100,Saturday,14,203,23.9,660.0
1921_700,Saturday,14,42,9.1,145.0
18344_700,Saturday,14,212,-2.0,82.0
18365_700,Saturday,14,34,-3.9,0.0
1931_700,Saturday,14,128,0.5,60.0
24046_100,Saturday,14,53,-9.1,60.0
27291_700,Saturday,14,28,0.0,0.0
24053_100,Saturday,14,124,43.5,540.0
1923_700,Saturday,14,122,-3.0,63.0
1955_700,Saturday,14,131,0.0,0.0
20809_100,Saturday,14,24,0.0,0.0
24045_100,Saturday,14,128,6.6,420.0
26748_100,Saturday,14,8,0.0,0.0
19066_100,Saturday,14,218,47.9,480.0
1938_700,Saturday,14,203,6.3,358.0
10674_700,Saturday,14,34,0.0,0.0
1925_700,Saturday,14,100,-1.9,0.0
18353_700,Saturday,14,52,32.2,188.0
28311_100,Saturday,14,43,71.2,600.0
19058_100,Saturday,14,92,75.0,660.0
24047_100,Saturday,14,10,-18.0,0.0
20810_700,Saturday,14,18,0.0,0.0
18361_700,Saturday,14,46,-9.5,57.0
5372_700,Saturday,14,78,21.4,76.0
343_900,Saturday,14,246,1.6,331.0
22804_700,Saturday,14,121,18.0,800.0
22703_700,Saturday,14,51,0.0,0.0
27277_700,Saturday,14,25,0.0,0.0
27280_700,Saturday,14,46,0.0,0.0
340_900,Saturday,14,225,4.6,278.0
19063_100,Saturday,14,36,-6.7,0.0
5380_700,Saturday,14,21,0.0,0.0
1930_700,Saturday,14,92,37.7,487.0
1929_700,Saturday,14,92,5.1,358.0
22726_700,Saturday,14,25,0.0,0.0
22691_700,Saturday,14,123,0.0,0.0
22712_700,Saturday,14,75,0.0,0.0
1547_700,Saturday,14,311,0.0,0.0
11364_700,Saturday,14,351,1.1,197.0
15274_700,Saturday,14,678,2.2,210.0
1548_700,Saturday,14,1015,3.1,319.0
7361_700,Saturday,14,475,1.6,130.0
1549_700,Saturday,14,455,2.3,309.0
4456_700,Saturday,14,140,6.8,281.0
5596_700,Saturday,14,300,0.6,73.0
5633_900,Saturday,14,644,1.1,148.0
7362_900,Saturday,14,513,0.9,137.0
15273_700,Saturday,14,250,-0.9,0.0
5635_900,Saturday,14,930,2.2,232.0
1556_900,Saturday,14,899,1.9,191.0
1558_900,Saturday,14,512,1.0,108.0
15276_700,Saturday,14,162,0.9,87.0
15277_700,Saturday,14,560,8.7,562.0
27915_700,Saturday,14,48,-43.5,8.0
27916_700,Saturday,14,127,2.3,142.0
1546_700,Saturday,14,638,2.1,201.0
16915_700,Saturday,14,98,2.2,143.0
1551_700,Saturday,14,245,3.1,147.0
15959_700,Saturday,14,161,0.4,65.0
22708_700,Saturday,14,72,0.0,0.0
5345_700,Saturday,14,71,-2050.8,318.0
5381_700,Saturday,14,65,21.8,307.0
20812_100,Saturday,14,18,0.0,0.0
26790_106,Saturday,14,66,0.4,17.0
26784_106,Saturday,14,18,0.0,0.0
26788_106,Saturday,14,60,0.0,0.0
27300_700,Saturday,14,52,1.2,60.0
17526_400,Saturday,14,354,0.5,60.0
5339_700,Saturday,14,1,0.0,0.0
25529_700,Saturday,14,9,108.1,620.0
22714_700,Saturday,14,96,0.0,0.0
10673_700,Saturday,14,28,-15.6,0.0
26783_106,Saturday,14,90,4.9,66.0
17523_400,Saturday,14,1240,0.9,180.0
5370_700,Saturday,14,25,21.1,82.0
26787_106,Saturday,14,15,0.0,0.0
26791_106,Saturday,14,8,0.0,0.0
17448_700,Saturday,14,549,21.3,240.0
17456_700,Saturday,14,860,15.1,600.0
5371_700,Saturday,14,47,40.2,220.0
21947_700,Saturday,14,74,3.6,119.0
5364_700,Saturday,14,10,57.7,135.0
17518_400,Saturday,14,537,0.7,120.0
28109_700,Saturday,14,6,0.0,0.0
5369_700,Saturday,14,33,0.0,0.0
26793_106,Saturday,14,24,0.0,0.0
17460_900,Saturday,14,805,1.2,300.0
5362_700,Saturday,14,33,0.0,0.0
18898_700,Saturday,14,34,2287.4,2415.0
27275_700,Saturday,14,101,23.8,240.0
5256_3,Saturday,14,90,1171.9,3626.0
27289_700,Saturday,14,26,0.0,0.0
5332_700,Saturday,14,27,24.4,60.0
1945_700,Saturday,14,30,0.0,0.0
18341_700,Saturday,14,15,0.0,0.0
10157_109,Saturday,14,337,32.9,300.0
18360_700,Saturday,14,85,9.2,73.0
17515_400,Saturday,14,288,-0.4,60.0
26785_106,Saturday,14,69,27.6,210.0
27299_700,Saturday,14,12,180.0,180.0
17521_400,Saturday,14,494,1.6,120.0
17374_900,Saturday,14,373,376.6,2520.0
17525_400,Saturday,14,464,0.6,60.0
27290_700,Saturday,14,28,0.0,0.0
17350_700,Saturday,14,318,1219.4,3540.0
17514_400,Saturday,14,705,3.8,540.0
17333_700,Saturday,14,224,-1.3,60.0
18895_700,Saturday,14,1,0.0,0.0
18888_700,Saturday,14,1,0.0,0.0
23154_700,Saturday,14,105,26.9,180.0
26786_106,Saturday,14,30,0.0,0.0
17442_900,Saturday,14,524,3.2,300.0
10149_109,Saturday,14,293,29.5,240.0
17459_900,Saturday,14,557,-0.2,300.0
17463_900,Saturday,14,198,1.2,60.0
5379_700,Saturday,14,1,0.0,0.0
27934_700,Saturday,14,20,43.9,88.0
5378_700,Saturday,14,104,62.3,389.0
17452_900,Saturday,14,562,-0.3,120.0
26789_106,Saturday,14,8,4.6,37.0
22723_700,Saturday,14,52,0.0,0.0
17416_900,Saturday,14,384,3.0,300.0
17301_900,Saturday,14,338,1.2,240.0
10143_109,Saturday,14,245,80.3,360.0
17364_700,Saturday,14,609,67.3,900.0
17384_700,Saturday,14,77,0.0,60.0
27945_700,Saturday,14,10,0.0,0.0
5353_700,Saturday,14,16,13.0,74.0
17328_700,Saturday,14,162,10.7,60.0
19705_700,Saturday,14,24,140.0,480.0
10234_700,Saturday,14,34,43.4,62.0
5365_700,Saturday,14,74,42.6,391.0
17440_900,Saturday,14,769,8.6,420.0
17360_700,Saturday,14,210,493.1,1320.0
17532_700,Saturday,14,288,29.0,420.0
16009_700,Saturday,14,29,22.2,231.0
17335_700,Saturday,14,452,88.9,1140.0
17454_700,Saturday,14,312,2.3,180.0
17424_900,Saturday,14,348,5.5,360.0
28412_109,Saturday,14,36,13.3,60.0
17338_900,Saturday,14,319,-6.2,180.0
10229_109,Saturday,14,20,3.0,60.0
10158_109,Saturday,14,176,31.0,240.0
17290_700,Saturday,14,379,34.0,240.0
21284_700,Saturday,14,119,1262.5,3240.0
22451_700,Saturday,14,41,89.2,129.0
5350_700,Saturday,14,45,61.9,387.0
18931_700,Saturday,14,216,97.6,197.0
17331_700,Saturday,14,168,-1.1,120.0
1971_700,Saturday,14,20,0.0,0.0
17348_700,Saturday,14,329,11.7,180.0
17341_700,Saturday,14,432,23.2,360.0
17353_700,Saturday,14,126,463.3,2040.0
17512_400,Saturday,14,104,0.6,60.0
17449_700,Saturday,14,751,33.4,540.0
27285_700,Saturday,14,10,0.0,0.0
17292_700,Saturday,14,275,4.8,240.0
17380_700,Saturday,14,126,65.7,420.0
17308_700,Saturday,14,107,1.7,60.0
17438_900,Saturday,14,289,22.8,720.0
17378_700,Saturday,14,313,29.7,420.0
17450_700,Saturday,14,211,2.8,180.0
17400_700,Saturday,14,130,-796.2,120.0
17324_900,Saturday,14,277,-5.8,60.0
17444_900,Saturday,14,552,6.4,420.0
17313_700,Saturday,14,93,0.6,60.0
17304_700,Saturday,14,436,114.2,2220.0
17357_700,Saturday,14,30,0.0,0.0
19065_100,Saturday,14,10,6.0,60.0
16354_700,Saturday,14,15,84.7,146.0
17372_700,Saturday,14,245,49.0,240.0
24057_100,Saturday,14,128,15.0,360.0
10227_109,Saturday,14,85,4.9,60.0
18913_700,Saturday,14,47,139.4,147.0
10148_109,Saturday,14,290,21.3,180.0
18343_700,Saturday,14,11,134.1,264.0
17538_700,Saturday,14,477,8.6,180.0
23415_700,Saturday,14,636,192.9,1920.0
17398_700,Saturday,14,128,2.8,240.0
17455_700,Saturday,14,555,59.2,420.0
17457_700,Saturday,14,544,36.0,2880.0
18899_700,Saturday,14,41,73.3,146.0
17422_900,Saturday,14,264,-1.8,180.0
17281_700,Saturday,14,64,22.5,240.0
4287_700,Saturday,14,60,450.6,728.0
20813_100,Saturday,14,10,0.0,0.0
18920_700,Saturday,14,80,100.6,148.0
29169_700,Saturday,14,19,75.0,75.0
17314_700,Saturday,14,290,-0.8,120.0
13110_700,Saturday,14,9,56.8,187.0
17343_700,Saturday,14,69,13.0,120.0
17379_700,Saturday,14,98,14.1,60.0
17520_700,Saturday,14,143,4.6,60.0
17361_700,Saturday,14,156,27.3,180.0
17382_700,Saturday,14,58,4.1,120.0
17418_900,Saturday,14,76,15.8,120.0
17516_400,Saturday,14,15,4.0,60.0
17302_700,Saturday,14,306,44.3,840.0
17393_700,Saturday,14,66,76.4,300.0
17421_900,Saturday,14,54,5.6,180.0
4245_700,Saturday,14,11,131.0,225.0
10163_109,Saturday,14,253,35.3,240.0
28411_109,Saturday,14,10,6.0,60.0
13107_700,Saturday,14,1,0.0,0.0
13133_700,Saturday,14,1,0.0,0.0
17325_700,Saturday,14,203,9.2,60.0
17465_700,Saturday,14,530,18.0,300.0
17530_700,Saturday,14,237,0.5,120.0
5239_700,Saturday,14,29,26.8,151.0
1872_700,Saturday,14,8,38.1,138.0
5384_700,Saturday,14,18,56.7,60.0
22609_700,Saturday,14,207,21.9,255.0
17296_700,Saturday,14,75,2.4,180.0
17406_700,Saturday,14,13,0.0,0.0
17381_700,Saturday,14,275,12.0,240.0
17310_700,Saturday,14,205,3.5,300.0
17529_700,Saturday,14,320,13.9,300.0
17311_700,Saturday,14,240,13.2,240.0
13136_700,Saturday,14,29,3825.0,4437.0
17317_700,Saturday,14,197,60.3,600.0
17462_700,Saturday,14,338,3.2,120.0
17531_700,Saturday,14,121,11.4,240.0
24759_700,Saturday,14,100,9.6,420.0
17419_900,Saturday,14,136,121.3,1020.0
17306_700,Saturday,14,817,5.9,360.0
17327_700,Saturday,14,18,23.3,60.0
17446_900,Saturday,14,118,8.6,300.0
22390_700,Saturday,14,71,49.9,420.0
17744_700,Saturday,14,58,706.6,2640.0
17316_700,Saturday,14,184,32.3,360.0
17349_700,Saturday,14,616,23.2,180.0
17376_700,Saturday,14,64,167.8,300.0
17305_700,Saturday,14,563,27.2,360.0
18374_700,Saturday,14,284,16.1,120.0
26781_700,Saturday,14,26,2.3,60.0
25906_700,Saturday,14,15,26.7,62.0
17321_700,Saturday,14,61,51.1,240.0
17464_700,Saturday,14,158,-12.9,0.0
17458_700,Saturday,14,473,41.6,540.0
18909_700,Saturday,14,75,250.5,357.0
17318_700,Saturday,14,212,118.3,720.0
17315_700,Saturday,14,177,24.7,540.0
22424_700,Saturday,14,19,191.5,355.0
17533_700,Saturday,14,421,81.1,540.0
17309_700,Saturday,14,108,-1.1,60.0
17453_700,Saturday,14,749,115.5,1560.0
17340_700,Saturday,14,296,20.5,120.0
17365_700,Saturday,14,163,-1.8,120.0
1879_900,Saturday,14,4,88.5,145.0
6629_700,Saturday,14,23,197.0,197.0
4249_700,Saturday,14,44,131.0,194.0
27276_700,Saturday,14,44,110.5,420.0
17363_700,Saturday,14,116,17.1,360.0
22754_700,Saturday,14,388,21.8,480.0
17417_900,Saturday,14,204,3.2,120.0
17441_700,Saturday,14,1086,9.3,420.0
17319_700,Saturday,14,215,22.0,360.0
17330_700,Saturday,14,305,178.4,1560.0
17323_700,Saturday,14,104,6.3,180.0
17356_700,Saturday,14,244,4.7,180.0
1882_900,Saturday,14,29,15.8,140.0
5249_700,Saturday,14,188,146.7,567.0
4242_700,Saturday,14,99,322.2,477.0
17351_700,Saturday,14,89,5.4,120.0
4259_700,Saturday,14,19,34.2,62.0
1871_700,Saturday,14,14,20.7,189.0
19127_700,Saturday,14,102,271.0,724.0
17359_700,Saturday,14,56,96.4,180.0
17366_700,Saturday,14,188,77.2,360.0
18358_700,Saturday,14,1,0.0,0.0
17537_700,Saturday,14,85,17.6,360.0
17461_700,Saturday,14,465,4.3,300.0
17451_700,Saturday,14,316,8.7,300.0
10141_109,Saturday,14,213,110.4,720.0
17401_700,Saturday,14,12,0.0,0.0
10226_109,Saturday,14,192,11.9,120.0
4257_700,Saturday,14,27,155.4,208.0
10162_109,Saturday,14,277,14.9,120.0
10167_109,Saturday,14,80,57.0,360.0
1870_700,Saturday,14,8,33.5,130.0
17326_700,Saturday,14,162,41.1,180.0
28572_109,Saturday,14,4,0.0,0.0
10142_109,Saturday,14,275,130.3,660.0
24052_100,Saturday,14,18,23.3,240.0
18932_700,Saturday,14,24,121.8,133.0
4223_700,Saturday,14,1,62.0,62.0
10165_109,Saturday,14,40,25.5,180.0
10166_109,Saturday,14,41,17.6,120.0
22240_109,Saturday,14,14,184.3,420.0
10170_109,Saturday,14,29,10.3,60.0
17362_700,Saturday,14,223,11.6,240.0
17369_700,Saturday,14,129,20.9,240.0
17336_700,Saturday,14,33,107.3,240.0
17289_700,Saturday,14,180,15.0,360.0
17297_700,Saturday,14,230,21.7,120.0
17354_700,Saturday,14,209,17.8,120.0
17445_700,Saturday,14,218,3.9,240.0
17320_700,Saturday,14,343,7.0,120.0
17370_700,Saturday,14,176,24.5,420.0
28712_700,Saturday,14,17,7.1,60.0
17536_700,Saturday,14,135,-2.7,60.0
17385_700,Saturday,14,43,174.4,540.0
18926_700,Saturday,14,13,117.2,132.0
24715_700,Saturday,14,6,22.0,64.0
17346_700,Saturday,14,99,21.8,60.0
17387_700,Saturday,14,52,3.5,120.0
17437_700,Saturday,14,99,6.1,180.0
4264_700,Saturday,14,47,285.1,688.0
10145_109,Saturday,14,182,147.4,660.0
19118_700,Saturday,14,57,142.5,278.0
18884_700,Saturday,14,17,98.4,143.0
18921_700,Saturday,14,18,60.4,64.0
4512_700,Saturday,14,17,92.3,135.0
17298_700,Saturday,14,45,2.7,60.0
17402_700,Saturday,14,11,0.0,0.0
17339_700,Saturday,14,502,30.5,360.0
23945_100,Saturday,14,102,6.5,180.0
17347_700,Saturday,14,460,13.8,480.0
17368_700,Saturday,14,195,2.2,120.0
5352_700,Saturday,14,17,0.0,0.0
17409_700,Saturday,14,53,-2.3,0.0
17414_700,Saturday,14,63,21.9,60.0
17535_700,Saturday,14,178,13.8,300.0
23534_700,Saturday,14,11,40.0,63.0
29153_700,Saturday,14,3,91.3,205.0
17312_700,Saturday,14,113,62.7,360.0
17342_700,Saturday,14,391,20.6,240.0
17344_700,Saturday,14,50,344.4,780.0
17345_700,Saturday,14,68,1.8,60.0
17435_700,Saturday,14,46,47.0,180.0
4238_700,Saturday,14,41,231.2,373.0
10223_109,Saturday,14,193,10.9,120.0
14733_700,Saturday,14,15,57.9,109.0
17303_700,Saturday,14,353,19.9,480.0
18354_700,Saturday,14,3,39.3,65.0
17294_700,Saturday,14,150,44.4,240.0
17352_900,Saturday,14,84,1.4,180.0
17420_900,Saturday,14,77,-10.9,120.0
17392_700,Saturday,14,20,30.0,60.0
5235_700,Saturday,14,33,68.2,247.0
10155_109,Saturday,14,72,19.2,120.0
18923_700,Saturday,14,7,4.7,7.0
17295_700,Saturday,14,157,9.6,120.0
18370_700,Saturday,14,39,3.8,133.0
17322_700,Saturday,14,127,188.0,1140.0
17334_700,Saturday,14,341,18.1,540.0
17367_700,Saturday,14,257,110.2,1080.0
19079_700,Saturday,14,28,117.0,257.0
17383_700,Saturday,14,32,24.4,240.0
4228_700,Saturday,14,20,234.7,398.0
5233_700,Saturday,14,59,490.0,1344.0
5238_700,Saturday,14,17,242.2,312.0
5376_700,Saturday,14,14,215.0,302.0
21725_700,Saturday,14,24,52.9,165.0
13106_700,Saturday,14,2,131.0,131.0
13108_700,Saturday,14,8,41.0,264.0
17375_700,Saturday,14,48,10.0,120.0
17447_700,Saturday,14,297,53.9,420.0
17355_700,Saturday,14,191,45.5,120.0
20930_700,Saturday,14,24,43.3,67.0
9696_700,Saturday,14,11,209.1,274.0
5246_700,Saturday,14,18,315.3,446.0
18897_700,Saturday,14,24,19.9,67.0
19126_700,Saturday,14,43,132.3,156.0
20369_100,Saturday,14,12,0.0,0.0
18969_100,Saturday,14,4,0.0,0.0
17329_700,Saturday,14,143,11.7,240.0
17373_700,Saturday,14,178,-0.0,120.0
27569_700,Saturday,14,6,0.0,0.0
28571_109,Saturday,14,10,24.0,60.0
18922_700,Saturday,14,59,68.5,193.0
4281_700,Saturday,14,60,451.0,1508.0
29140_700,Saturday,14,3,41.3,62.0
17415_700,Saturday,14,17,3.5,60.0
19062_100,Saturday,14,11,16.4,60.0
17299_700,Saturday,14,174,100.7,480.0
17307_700,Saturday,14,37,181.6,540.0
29143_700,Saturday,14,7,41.3,287.0
17407_700,Saturday,14,17,0.0,0.0
15020_700,Saturday,14,4,171.8,362.0
17412_700,Saturday,14,50,69.6,240.0
17293_700,Saturday,14,20,-39.0,0.0
19113_700,Saturday,14,25,210.9,316.0
10224_109,Saturday,14,63,9.5,60.0
18906_700,Saturday,14,20,116.7,321.0
5268_700,Saturday,14,2,774.5,775.0
29160_700,Saturday,14,6,28.3,170.0
17279_700,Saturday,14,25,52.8,360.0
27952_700,Saturday,14,88,175.9,338.0
17332_700,Saturday,14,6,0.0,0.0
16349_100,Saturday,14,5,0.0,0.0
29150_700,Saturday,14,3,55.7,167.0
23414_700,Saturday,14,99,29.7,420.0
1880_900,Saturday,14,2,32.0,63.0
4477_700,Saturday,14,60,43.1,334.0
18937_700,Saturday,14,56,105.0,224.0
17300_700,Saturday,14,153,3.1,180.0
19133_700,Saturday,14,24,52.8,68.0
28802_700,Saturday,14,17,199.4,271.0
28259_100,Saturday,14,124,234.2,900.0
16345_100,Saturday,14,39,-3.1,60.0
20479_700,Saturday,14,16,116.1,268.0
19019_700,Saturday,14,21,8.6,120.0
17395_700,Saturday,14,15,4.0,60.0
29220_700,Saturday,14,29,72.4,180.0
29221_700,Saturday,14,18,63.3,120.0
17391_700,Saturday,14,19,0.0,0.0
4497_700,Saturday,14,8,24.9,25.0
5243_3,Saturday,14,33,95.7,430.0
5252_3,Saturday,14,27,170.0,322.0
18911_700,Saturday,14,48,299.5,555.0
4243_700,Saturday,14,13,70.8,157.0
18359_700,Saturday,14,8,18.8,87.0
20969_700,Saturday,14,18,160.6,260.0
23944_100,Saturday,14,12,0.0,0.0
17377_700,Saturday,14,56,105.0,300.0
19155_109,Saturday,14,55,81.8,900.0
18929_700,Saturday,14,28,39.5,60.0
18945_700,Saturday,14,26,182.6,227.0
17527_700,Saturday,14,9,13.3,120.0
17413_700,Saturday,14,15,156.0,180.0
5366_700,Saturday,14,12,55.8,180.0
5368_700,Saturday,14,31,126.1,155.0
17280_700,Saturday,14,87,35.2,480.0
5234_700,Saturday,14,21,63.6,161.0
5241_700,Saturday,14,29,147.9,148.0
5237_700,Saturday,14,21,188.6,335.0
18915_700,Saturday,14,14,134.3,204.0
5257_700,Saturday,14,12,203.8,210.0
4222_700,Saturday,14,14,191.6,208.0
1928_700,Saturday,14,24,-10.0,0.0
5377_700,Saturday,14,6,182.8,212.0
21205_700,Saturday,14,1,127.0,127.0
13113_700,Saturday,14,9,7.6,68.0
25904_700,Saturday,14,18,117.3,184.0
20879_700,Saturday,14,34,26.8,46.0
5232_700,Saturday,14,23,51.0,137.0
4503_700,Saturday,14,22,88.9,208.0
22702_700,Saturday,14,28,0.0,0.0
1548_700,Saturday,17,875,12.5,443.0
11364_700,Saturday,17,169,2.8,155.0
5633_900,Saturday,17,710,3.4,297.0
15277_700,Saturday,17,532,6.1,642.0
15959_700,Saturday,17,162,0.7,74.0
1546_700,Saturday,17,568,2.5,182.0
15274_700,Saturday,17,521,3.6,394.0
7361_700,Saturday,17,385,4.4,368.0
1558_900,Saturday,17,346,0.4,64.0
27915_700,Saturday,17,36,-51.5,0.0
1549_700,Saturday,17,414,1.7,208.0
1547_700,Saturday,17,230,0.3,64.0
1551_700,Saturday,17,242,-9.0,137.0
5596_700,Saturday,17,225,2.8,185.0
1928_700,Saturday,17,80,-29.2,0.0
15276_700,Saturday,17,177,-2.5,128.0
15273_700,Saturday,17,110,0.0,0.0
22691_700,Saturday,17,123,0.0,0.0
4456_700,Saturday,17,112,0.0,0.0
5635_900,Saturday,17,751,29.2,3391.0
16915_700,Saturday,17,110,4.0,172.0
20812_100,Saturday,17,18,0.0,0.0
7362_900,Saturday,17,510,1.4,124.0
1955_700,Saturday,17,131,0.0,0.0
1924_700,Saturday,17,66,0.0,0.0
26788_106,Saturday,17,60,0.0,0.0
18354_700,Saturday,17,30,0.0,0.0
10671_700,Saturday,17,59,-5.0,98.0
1923_700,Saturday,17,318,9.3,1157.0
3975_700,Saturday,17,118,0.0,0.0
18351_700,Saturday,17,22,0.0,0.0
340_900,Saturday,17,225,2.9,268.0
1925_700,Saturday,17,180,6.0,290.0
22723_700,Saturday,17,13,0.0,0.0
343_900,Saturday,17,172,0.0,0.0
10676_700,Saturday,17,122,1.8,219.0
18360_700,Saturday,17,113,1.2,136.0
18353_700,Saturday,17,33,0.0,0.0
1931_700,Saturday,17,104,-0.0,0.0
1971_700,Saturday,17,80,20.4,360.0
18365_700,Saturday,17,6,0.0,0.0
26790_106,Saturday,17,66,0.0,0.0
13438_900,Saturday,17,140,0.0,0.0
22712_700,Saturday,17,75,0.0,0.0
10674_700,Saturday,17,68,0.0,0.0
1938_700,Saturday,17,81,62.4,250.0
26784_106,Saturday,17,45,0.0,0.0
4477_700,Saturday,17,150,-0.4,176.0
21947_700,Saturday,17,74,8.7,212.0
18370_700,Saturday,17,73,26.7,169.0
27916_700,Saturday,17,77,4.9,137.0
1556_900,Saturday,17,619,128.1,3504.0
20809_100,Saturday,17,16,0.0,0.0
25219_700,Saturday,17,6,-158.7,68.0
20810_700,Saturday,17,24,0.0,0.0
1929_700,Saturday,17,46,107.1,256.0
22708_700,Saturday,17,72,0.0,0.0
17523_400,Saturday,17,1280,-0.4,300.0
26791_106,Saturday,17,8,0.0,0.0
1921_700,Saturday,17,84,0.0,0.0
26783_106,Saturday,17,95,0.0,0.0
22702_700,Saturday,17,25,0.0,0.0
18341_700,Saturday,17,15,0.0,0.0
22804_700,Saturday,17,182,6.9,97.0
5344_700,Saturday,17,10,0.0,0.0
5332_700,Saturday,17,24,27.5,60.0
5345_700,Saturday,17,122,19.2,134.0
25529_700,Saturday,17,16,0.0,0.0
5350_700,Saturday,17,65,17.0,190.0
5353_700,Saturday,17,65,30.3,244.0
5364_700,Saturday,17,56,35.5,181.0
5369_700,Saturday,17,69,0.0,0.0
5372_700,Saturday,17,41,38.1,114.0
5384_700,Saturday,17,92,58.5,183.0
22609_700,Saturday,17,359,16.1,265.0
5378_700,Saturday,17,67,2.5,114.0
5380_700,Saturday,17,21,0.0,0.0
16009_700,Saturday,17,72,9.4,177.0
5370_700,Saturday,17,36,6.6,107.0
17338_900,Saturday,17,319,-3.2,360.0
5381_700,Saturday,17,181,18.8,177.0
26793_106,Saturday,17,18,0.0,0.0
5362_700,Saturday,17,33,0.0,0.0
22703_700,Saturday,17,46,0.0,0.0
10682_700,Saturday,17,144,14.0,859.0
27952_700,Saturday,17,88,0.0,0.0
5363_700,Saturday,17,24,0.0,0.0
13105_700,Saturday,17,34,139.2,142.0
17422_900,Saturday,17,293,1.6,180.0
17333_700,Saturday,17,258,55.3,540.0
26785_106,Saturday,17,99,0.0,0.0
17364_700,Saturday,17,492,29.4,780.0
17448_700,Saturday,17,587,14.0,360.0
17339_700,Saturday,17,540,35.2,780.0
17514_400,Saturday,17,666,51.6,960.0
1872_700,Saturday,17,25,-77.9,0.0
27275_700,Saturday,17,103,75.7,360.0
27291_700,Saturday,17,28,0.0,0.0
27280_700,Saturday,17,36,0.0,0.0
27277_700,Saturday,17,39,0.0,0.0
17521_400,Saturday,17,494,6.8,480.0
17330_700,Saturday,17,358,-191.7,480.0
5339_700,Saturday,17,110,39.4,595.0
17324_900,Saturday,17,303,4.0,60.0
21726_700,Saturday,17,11,11.7,69.0
1930_700,Saturday,17,98,21.9,393.0
17350_700,Saturday,17,250,828.5,3000.0
24049_100,Saturday,17,72,-1.7,120.0
24050_100,Saturday,17,131,23.4,360.0
19063_100,Saturday,17,18,-6.7,0.0
24043_100,Saturday,17,97,-26.0,0.0
24055_100,Saturday,17,24,-25.0,120.0
24042_100,Saturday,17,131,4.1,120.0
24046_100,Saturday,17,38,-1.6,180.0
10148_109,Saturday,17,293,0.8,60.0
24045_100,Saturday,17,147,-4.9,180.0
24025_100,Saturday,17,160,176.2,1140.0
24053_100,Saturday,17,124,15.0,300.0
23415_700,Saturday,17,627,488.6,2640.0
26748_100,Saturday,17,8,0.0,0.0
17416_900,Saturday,17,352,2.4,240.0
28311_100,Saturday,17,43,62.8,420.0
19058_100,Saturday,17,144,0.8,180.0
24047_100,Saturday,17,10,-18.0,0.0
10149_109,Saturday,17,293,2.9,60.0
19066_100,Saturday,17,160,65.6,660.0
10155_109,Saturday,17,51,24.7,180.0
17419_900,Saturday,17,166,0.4,60.0
17442_900,Saturday,17,560,4.5,420.0
17372_700,Saturday,17,260,-209.8,1260.0
17512_400,Saturday,17,130,8.8,300.0
17526_400,Saturday,17,335,2.3,180.0
17525_400,Saturday,17,488,1.1,120.0
17318_700,Saturday,17,225,406.1,2880.0
26786_106,Saturday,17,37,0.0,0.0
17463_900,Saturday,17,200,0.6,120.0
17452_900,Saturday,17,540,-0.3,300.0
17515_400,Saturday,17,312,1.7,180.0
26789_106,Saturday,17,8,0.0,0.0
22726_700,Saturday,17,13,0.0,0.0
17460_900,Saturday,17,761,72.8,840.0
22240_109,Saturday,17,12,5.0,60.0
5366_700,Saturday,17,27,36.5,150.0
17387_700,Saturday,17,52,1.2,60.0
10223_109,Saturday,17,194,0.9,60.0
5368_700,Saturday,17,63,-0.1,0.0
18929_700,Saturday,17,29,9.0,9.0
5365_700,Saturday,17,74,25.4,217.0
17462_700,Saturday,17,338,4.4,660.0
18343_700,Saturday,17,13,13.7,56.0
17325_700,Saturday,17,202,9.2,60.0
17301_900,Saturday,17,336,-4.1,120.0
17440_900,Saturday,17,805,196.2,1740.0
17444_900,Saturday,17,552,1.7,300.0
26787_106,Saturday,17,15,0.0,0.0
27285_700,Saturday,17,10,0.0,0.0
10229_109,Saturday,17,20,15.0,120.0
18921_700,Saturday,17,19,37.9,38.0
17307_700,Saturday,17,55,145.1,780.0
17456_700,Saturday,17,855,23.8,840.0
18922_700,Saturday,17,89,95.5,129.0
17535_700,Saturday,17,168,21.8,300.0
24052_100,Saturday,17,27,11.1,240.0
5379_700,Saturday,17,138,19.0,212.0
17518_400,Saturday,17,521,1.2,120.0
17421_900,Saturday,17,54,4.4,120.0
17417_900,Saturday,17,170,10.2,360.0
17316_700,Saturday,17,277,68.9,600.0
17369_700,Saturday,17,79,0.0,0.0
17347_700,Saturday,17,462,59.6,900.0
17374_900,Saturday,17,371,2.3,240.0
17313_700,Saturday,17,69,17.4,120.0
17303_700,Saturday,17,396,21.1,300.0
17441_700,Saturday,17,1030,9.6,540.0
1874_700,Saturday,17,1,0.0,0.0
10143_109,Saturday,17,245,7.6,480.0
17533_700,Saturday,17,349,110.4,780.0
24759_700,Saturday,17,119,2.0,120.0
17329_700,Saturday,17,143,17.2,300.0
17455_700,Saturday,17,551,21.3,600.0
17342_700,Saturday,17,388,0.8,480.0
17381_700,Saturday,17,250,8.4,120.0
17449_700,Saturday,17,960,82.4,840.0
17345_700,Saturday,17,68,0.9,60.0
17438_900,Saturday,17,265,0.7,120.0
20364_700,Saturday,17,42,156.3,210.0
22754_700,Saturday,17,331,11.1,180.0
17418_900,Saturday,17,114,6.8,240.0
17415_700,Saturday,17,34,0.0,0.0
17297_700,Saturday,17,229,97.5,360.0
17744_700,Saturday,17,71,161.4,1140.0
21284_700,Saturday,17,81,727.4,2940.0
17302_700,Saturday,17,240,25.0,240.0
17311_700,Saturday,17,256,12.2,420.0
17314_700,Saturday,17,291,-1.2,60.0
17516_400,Saturday,17,28,4.3,120.0
17305_700,Saturday,17,617,33.1,300.0
17289_700,Saturday,17,178,82.2,720.0
17367_700,Saturday,17,287,137.8,1200.0
17348_700,Saturday,17,324,2.2,180.0
10157_109,Saturday,17,315,29.0,420.0
18933_700,Saturday,17,24,67.0,67.0
17353_700,Saturday,17,125,69.1,300.0
17520_700,Saturday,17,135,8.9,120.0
22390_700,Saturday,17,71,50.7,360.0
17451_700,Saturday,17,283,26.1,240.0
17446_900,Saturday,17,92,2.6,180.0
17459_900,Saturday,17,560,10.2,540.0
17458_700,Saturday,17,472,50.8,840.0
17424_900,Saturday,17,348,5.7,300.0
17334_700,Saturday,17,339,70.6,900.0
17453_700,Saturday,17,784,69.6,1020.0
18900_700,Saturday,17,29,69.9,70.0
17382_700,Saturday,17,57,20.0,180.0
17309_700,Saturday,17,110,-1.6,120.0
18909_700,Saturday,17,75,135.3,286.0
17360_700,Saturday,17,181,85.9,600.0
18374_700,Saturday,17,274,4.2,120.0
17531_700,Saturday,17,129,-15.3,60.0
17362_700,Saturday,17,264,27.5,420.0
17335_700,Saturday,17,481,49.6,600.0
18923_700,Saturday,17,23,70.2,86.0
24715_700,Saturday,17,4,-33.8,47.0
18927_700,Saturday,17,18,106.6,127.0
17385_700,Saturday,17,34,19.4,60.0
17376_700,Saturday,17,46,71.7,120.0
17450_700,Saturday,17,196,2.8,120.0
17304_700,Saturday,17,379,27.7,240.0
1879_900,Saturday,17,7,66.9,121.0
17319_700,Saturday,17,250,236.6,1680.0
17363_700,Saturday,17,119,13.1,480.0
17454_700,Saturday,17,278,1.5,240.0
17465_700,Saturday,17,643,28.0,360.0
17538_700,Saturday,17,455,29.0,360.0
17366_700,Saturday,17,222,56.5,360.0
17306_700,Saturday,17,832,73.1,960.0
29150_700,Saturday,17,2,31.5,63.0
18920_700,Saturday,17,90,66.9,197.0
17392_700,Saturday,17,12,0.0,0.0
17349_700,Saturday,17,584,4.9,120.0
17336_700,Saturday,17,33,54.5,120.0
5238_700,Saturday,17,40,97.9,242.0
4281_700,Saturday,17,60,72.7,138.0
29140_700,Saturday,17,32,23.6,193.0
17412_700,Saturday,17,46,-41.7,60.0
17464_700,Saturday,17,160,1.9,120.0
18939_700,Saturday,17,56,207.1,2793.0
18361_700,Saturday,17,17,50.2,92.0
17401_700,Saturday,17,5,0.0,0.0
17398_700,Saturday,17,137,8.3,540.0
23154_700,Saturday,17,91,7.9,240.0
17341_700,Saturday,17,511,26.5,360.0
10142_109,Saturday,17,265,8.8,120.0
10226_109,Saturday,17,196,40.7,420.0
10167_109,Saturday,17,68,7.9,180.0
28411_109,Saturday,17,6,10.0,60.0
28412_109,Saturday,17,29,31.0,120.0
28572_109,Saturday,17,4,15.0,60.0
10145_109,Saturday,17,182,41.5,300.0
28259_100,Saturday,17,124,100.2,660.0
10165_109,Saturday,17,41,8.8,60.0
10166_109,Saturday,17,41,36.6,180.0
10170_109,Saturday,17,37,19.5,120.0
29169_700,Saturday,17,6,30.5,183.0
17322_700,Saturday,17,121,13.9,180.0
17308_700,Saturday,17,124,8.7,180.0
17447_700,Saturday,17,330,8.0,180.0
17537_700,Saturday,17,75,7.2,300.0
17379_700,Saturday,17,96,3.1,180.0
17536_700,Saturday,17,135,3.1,240.0
17315_700,Saturday,17,172,28.3,300.0
17420_900,Saturday,17,92,-1.3,120.0
5257_700,Saturday,17,11,54.5,131.0
17294_700,Saturday,17,178,-0.3,120.0
17320_700,Saturday,17,305,4.9,240.0
27569_700,Saturday,17,7,360.0,960.0
17532_700,Saturday,17,290,8.1,240.0
18889_700,Saturday,17,12,106.9,107.0
28806_700,Saturday,17,31,113.1,197.0
27288_700,Saturday,17,27,0.0,0.0
17343_700,Saturday,17,69,33.0,180.0
17402_700,Saturday,17,13,0.0,0.0
23945_100,Saturday,17,102,0.0,60.0
17457_700,Saturday,17,509,4.0,240.0
17281_700,Saturday,17,80,2.2,120.0
17296_700,Saturday,17,97,64.9,420.0
23414_700,Saturday,17,99,15.2,240.0
17370_700,Saturday,17,154,28.1,240.0
17383_700,Saturday,17,30,24.0,60.0
17317_700,Saturday,17,225,122.7,960.0
17328_700,Saturday,17,195,4.6,120.0
7251_700,Saturday,17,3,162.7,163.0
17409_700,Saturday,17,53,9.1,180.0
17361_700,Saturday,17,184,0.7,240.0
17414_700,Saturday,17,76,29.2,180.0
26781_700,Saturday,17,13,0.0,0.0
17445_700,Saturday,17,257,78.9,960.0
17435_700,Saturday,17,57,74.7,540.0
17352_900,Saturday,17,84,4.3,180.0
17365_700,Saturday,17,183,148.2,1020.0
17437_700,Saturday,17,112,10.2,180.0
17354_700,Saturday,17,174,-10.7,120.0
17391_700,Saturday,17,14,30.0,60.0
5243_3,Saturday,17,33,116.8,260.0
17359_700,Saturday,17,70,25.7,60.0
27276_700,Saturday,17,22,0.0,0.0
17298_700,Saturday,17,43,1.4,60.0
1870_700,Saturday,17,36,-17.4,191.0
17529_700,Saturday,17,430,17.4,240.0
17530_700,Saturday,17,269,13.6,240.0
4242_700,Saturday,17,76,191.4,420.0
20369_100,Saturday,17,6,0.0,0.0
17331_700,Saturday,17,167,15.4,480.0
17384_700,Saturday,17,73,-3.3,0.0
17310_700,Saturday,17,201,54.0,300.0
17356_700,Saturday,17,258,-0.9,120.0
13107_700,Saturday,17,4,194.8,496.0
17340_700,Saturday,17,337,99.3,600.0
5236_700,Saturday,17,32,85.7,750.0
18931_700,Saturday,17,153,157.3,446.0
13108_700,Saturday,17,25,60.9,78.0
17346_700,Saturday,17,81,31.9,120.0
17373_700,Saturday,17,177,7.5,60.0
17378_700,Saturday,17,282,25.5,300.0
5239_700,Saturday,17,43,33.6,118.0
14733_700,Saturday,17,15,117.4,211.0
18969_100,Saturday,17,4,0.0,0.0
17368_700,Saturday,17,190,8.2,240.0
17290_700,Saturday,17,509,1.5,300.0
17321_700,Saturday,17,48,76.3,360.0
10141_109,Saturday,17,374,8.2,120.0
17323_700,Saturday,17,102,11.8,180.0
18913_700,Saturday,17,45,151.5,217.0
10162_109,Saturday,17,254,7.8,240.0
10163_109,Saturday,17,254,14.9,120.0
17300_700,Saturday,17,124,52.7,120.0
17377_700,Saturday,17,55,28.4,180.0
28571_109,Saturday,17,9,26.7,60.0
19062_100,Saturday,17,23,216.5,900.0
17355_700,Saturday,17,220,21.0,180.0
10158_109,Saturday,17,177,6.8,120.0
17295_700,Saturday,17,138,94.3,660.0
13110_700,Saturday,17,44,41.3,311.0
17326_700,Saturday,17,139,9.5,60.0
17279_700,Saturday,17,27,144.4,660.0
17312_700,Saturday,17,80,3.0,120.0
17527_700,Saturday,17,12,0.0,0.0
23534_700,Saturday,17,20,129.2,329.0
17292_700,Saturday,17,296,90.2,720.0
14979_700,Saturday,17,7,20.7,74.0
17413_700,Saturday,17,34,5.3,120.0
5249_700,Saturday,17,219,212.7,680.0
5241_700,Saturday,17,30,32.5,157.0
17461_700,Saturday,17,452,19.5,420.0
27945_700,Saturday,17,10,117.5,195.0
18884_700,Saturday,17,17,208.9,209.0
18898_700,Saturday,17,66,176.9,449.0
18915_700,Saturday,17,2,-37.5,0.0
1871_700,Saturday,17,10,66.3,184.0
1882_900,Saturday,17,18,30.2,122.0
17380_700,Saturday,17,98,371.0,840.0
5237_700,Saturday,17,19,13.5,65.0
4253_700,Saturday,17,3,-6.0,64.0
19019_700,Saturday,17,22,16.4,180.0
16349_100,Saturday,17,5,0.0,0.0
17280_700,Saturday,17,87,9.7,240.0
17332_700,Saturday,17,14,150.0,300.0
4224_700,Saturday,17,20,119.7,264.0
19127_700,Saturday,17,30,0.5,3.0
4249_700,Saturday,17,36,66.7,68.0
21725_700,Saturday,17,29,146.4,250.0
17351_700,Saturday,17,68,85.6,420.0
16345_100,Saturday,17,39,24.6,180.0
17299_700,Saturday,17,173,27.4,300.0
17293_700,Saturday,17,39,10.8,180.0
20879_700,Saturday,17,33,193.6,261.0
18937_700,Saturday,17,85,178.2,327.0
4243_700,Saturday,17,13,96.4,128.0
15020_700,Saturday,17,11,142.0,142.0
17375_700,Saturday,17,48,-2.5,60.0
5234_700,Saturday,17,20,95.2,112.0
19065_100,Saturday,17,11,81.8,240.0
10224_109,Saturday,17,84,10.0,120.0
22714_700,Saturday,17,20,0.0,0.0
18350_700,Saturday,17,21,3.0,62.0
17406_700,Saturday,17,12,10.0,120.0
24057_100,Saturday,17,56,82.5,1140.0
10227_109,Saturday,17,86,15.3,180.0
18914_700,Saturday,17,21,104.3,134.0
17395_700,Saturday,17,16,26.2,180.0
17327_700,Saturday,17,21,88.6,180.0
27959_700,Saturday,17,52,56.5,194.0
9696_700,Saturday,17,10,46.6,91.0
19155_109,Saturday,17,58,-5.2,0.0
5371_700,Saturday,17,15,67.6,174.0
5268_700,Saturday,17,2,-47.5,86.0
17344_700,Saturday,17,24,145.0,420.0
18926_700,Saturday,17,15,15.9,16.0
21205_700,Saturday,17,2,104.0,130.0
4514_700,Saturday,17,29,42.1,133.0
17400_700,Saturday,17,88,3.4,120.0
18895_700,Saturday,17,21,113.1,125.0
5256_3,Saturday,17,44,189.3,207.0
4287_700,Saturday,17,41,143.2,293.0
17403_700,Saturday,17,6,0.0,0.0
4221_700,Saturday,17,20,112.0,198.0
27300_700,Saturday,17,5,12.0,60.0
17393_700,Saturday,17,82,356.3,2100.0
5233_700,Saturday,17,30,64.4,140.0
20969_700,Saturday,17,18,182.3,424.0
4245_700,Saturday,17,11,69.9,70.0
16354_700,Saturday,17,14,46.8,69.0
17407_700,Saturday,17,28,87.9,420.0
6629_700,Saturday,17,25,31.4,70.0
19244_700,Saturday,17,13,42.2,97.0
4222_700,Saturday,17,7,-52.4,0.0
28712_700,Saturday,17,16,855.0,1140.0
19126_700,Saturday,17,48,360.2,479.0
5232_700,Saturday,17,22,76.0,76.0
19059_100,Saturday,17,28,790.7,1680.0
18906_700,Saturday,17,15,42.9,50.0
18911_700,Saturday,17,70,41.3,82.0
23944_100,Saturday,17,12,150.0,420.0
16859_700,Saturday,17,8,0.0,0.0
27934_700,Saturday,17,10,202.0,202.0
1880_900,Saturday,17,4,-52.8,0.0
20813_100,Saturday,17,10,0.0,0.0
4503_700,Saturday,17,19,77.5,153.0
27296_700,Saturday,17,23,307.8,360.0
19118_700,Saturday,17,19,119.3,642.0
19705_700,Saturday,17,34,-3.5,60.0
4259_700,Saturday,17,28,0.0,0.0
17357_700,Saturday,17,28,-2.1,0.0
18897_700,Saturday,17,24,125.7,212.0
29157_700,Saturday,17,5,24.6,63.0
18945_700,Saturday,17,26,97.8,142.0
4238_700,Saturday,17,19,74.9,75.0
5246_700,Saturday,17,17,93.1,99.0
20930_700,Saturday,17,36,902.4,1137.0
5352_700,Saturday,17,9,162.0,320.0
20479_700,Saturday,17,7,124.0,149.0
1945_700,Saturday,17,15,5.1,76.0
18344_700,Saturday,17,9,27.4,55.0
1549_700,Saturday,19,347,0.4,67.0
5633_900,Saturday,19,664,1.0,120.0
15276_700,Saturday,19,165,1.2,278.0
4456_700,Saturday,19,126,0.5,63.0
5596_700,Saturday,19,175,2.9,177.0
1558_900,Saturday,19,100,1.8,57.0
5635_900,Saturday,19,951,1.6,251.0
15273_700,Saturday,19,112,2.1,138.0
7362_900,Saturday,19,263,2.0,112.0
1546_700,Saturday,19,294,5.1,194.0
16915_700,Saturday,19,111,0.0,0.0
7361_700,Saturday,19,175,0.8,73.0
18354_700,Saturday,19,30,0.0,0.0
1548_700,Saturday,19,794,2.2,184.0
18360_700,Saturday,19,120,5.6,137.0
18365_700,Saturday,19,6,10.7,64.0
15274_700,Saturday,19,459,2.6,194.0
1547_700,Saturday,19,225,1.2,124.0
13438_900,Saturday,19,356,0.0,0.0
15959_700,Saturday,19,168,2.4,141.0
1925_700,Saturday,19,171,-5.1,261.0
15277_700,Saturday,19,364,4.2,355.0
1551_700,Saturday,19,369,1.5,188.0
27915_700,Saturday,19,18,99.6,1778.0
20810_700,Saturday,19,24,0.0,0.0
3975_700,Saturday,19,88,-287.1,0.0
1923_700,Saturday,19,275,7.5,1611.0
1556_900,Saturday,19,663,2.4,179.0
1955_700,Saturday,19,167,7.5,300.0
26790_106,Saturday,19,61,0.0,0.0
21726_700,Saturday,19,8,0.0,0.0
1930_700,Saturday,19,36,137.1,847.0
18351_700,Saturday,19,11,0.0,0.0
340_900,Saturday,19,131,0.0,0.0
10682_700,Saturday,19,135,3.2,130.0
22703_700,Saturday,19,20,0.0,0.0
21947_700,Saturday,19,44,0.0,0.0
16859_700,Saturday,19,38,0.0,0.0
343_900,Saturday,19,94,-6.1,0.0
20809_100,Saturday,19,24,0.0,0.0
27275_700,Saturday,19,167,15.4,180.0
22804_700,Saturday,19,193,10.3,689.0
5380_700,Saturday,19,21,0.0,0.0
1929_700,Saturday,19,46,15.1,275.0
1938_700,Saturday,19,55,0.0,0.0
27276_700,Saturday,19,109,7.2,120.0
5369_700,Saturday,19,61,13.8,60.0
5378_700,Saturday,19,67,0.0,0.0
27292_700,Saturday,19,29,0.0,0.0
22691_700,Saturday,19,64,0.0,0.0
5365_700,Saturday,19,66,6.5,175.0
17533_700,Saturday,19,223,72.4,360.0
5368_700,Saturday,19,89,22.9,105.0
22712_700,Saturday,19,50,0.0,0.0
26784_106,Saturday,19,36,0.0,0.0
26788_106,Saturday,19,60,0.0,0.0
20813_100,Saturday,19,14,0.0,0.0
5345_700,Saturday,19,107,72.0,355.0
17449_700,Saturday,19,451,-204.6,3180.0
22708_700,Saturday,19,48,0.0,0.0
25529_700,Saturday,19,8,0.0,0.0
5350_700,Saturday,19,65,31.6,286.0
17445_700,Saturday,19,154,0.8,60.0
1921_700,Saturday,19,84,0.8,71.0
24049_100,Saturday,19,71,44.8,420.0
24043_100,Saturday,19,111,275.1,2040.0
24042_100,Saturday,19,113,622.8,1860.0
24050_100,Saturday,19,121,-6.0,120.0
24046_100,Saturday,19,46,-7.8,60.0
24045_100,Saturday,19,133,13.1,240.0
26748_100,Saturday,19,8,0.0,0.0
19058_100,Saturday,19,121,0.0,120.0
24047_100,Saturday,19,22,60.0,1560.0
19066_100,Saturday,19,141,41.3,480.0
26783_106,Saturday,19,90,0.0,0.0
16009_700,Saturday,19,49,3.0,81.0
1945_700,Saturday,19,74,6.6,278.0
5384_700,Saturday,19,87,14.7,60.0
10141_109,Saturday,19,338,4.4,60.0
5339_700,Saturday,19,70,55.4,272.0
5372_700,Saturday,19,22,2.7,60.0
17292_700,Saturday,19,133,-294.6,180.0
26785_106,Saturday,19,84,0.0,0.0
17456_700,Saturday,19,762,5.8,360.0
5381_700,Saturday,19,98,4.4,182.0
27288_700,Saturday,19,53,50.7,150.0
10157_109,Saturday,19,294,24.5,300.0
24025_100,Saturday,19,142,14.4,360.0
336_700,Saturday,19,67,0.0,0.0
27277_700,Saturday,19,74,21.9,180.0
17422_900,Saturday,19,214,0.3,60.0
27300_700,Saturday,19,54,42.2,120.0
23415_700,Saturday,19,632,600.2,3300.0
17374_900,Saturday,19,335,2.3,300.0
17295_700,Saturday,19,125,1049.8,3540.0
24715_700,Saturday,19,2,0.0,0.0
17333_700,Saturday,19,165,-2.5,60.0
1928_700,Saturday,19,45,0.0,0.0
1971_700,Saturday,19,40,1.0,65.0
17347_700,Saturday,19,378,108.3,780.0
18939_700,Saturday,19,57,140.1,262.0
17465_700,Saturday,19,639,70.1,960.0
26786_106,Saturday,19,34,0.0,0.0
17334_700,Saturday,19,337,59.8,600.0
26789_106,Saturday,19,8,0.0,0.0
17440_900,Saturday,19,769,6.7,300.0
337_700,Saturday,19,112,0.0,0.0
5332_700,Saturday,19,17,95.3,120.0
29169_700,Saturday,19,21,54.0,63.0
17457_700,Saturday,19,560,39.8,600.0
17525_400,Saturday,19,508,-0.4,60.0
17360_700,Saturday,19,216,10.3,60.0
19065_100,Saturday,19,10,-6.0,0.0
17301_900,Saturday,19,233,-0.5,60.0
17526_400,Saturday,19,335,0.7,180.0
17514_400,Saturday,19,676,3.7,240.0
17448_700,Saturday,19,553,22.1,360.0
17523_400,Saturday,19,1280,1.3,240.0
27296_700,Saturday,19,16,0.0,0.0
27291_700,Saturday,19,28,0.0,0.0
27280_700,Saturday,19,31,0.0,0.0
10144_109,Saturday,19,21,0.0,0.0
26787_106,Saturday,19,15,0.0,0.0
21284_700,Saturday,19,155,877.5,2700.0
5379_700,Saturday,19,138,312.4,1950.0
26793_106,Saturday,19,18,0.0,0.0
17518_400,Saturday,19,548,3.9,360.0
17364_700,Saturday,19,433,114.5,1200.0
17529_700,Saturday,19,385,-2.3,300.0
17521_400,Saturday,19,470,1.8,120.0
17348_700,Saturday,19,194,12.1,120.0
22609_700,Saturday,19,160,0.0,0.0
24052_100,Saturday,19,27,26.7,240.0
17442_900,Saturday,19,600,3.1,300.0
5377_700,Saturday,19,12,0.0,0.0
17444_900,Saturday,19,478,8.2,300.0
17441_700,Saturday,19,1028,40.2,360.0
17418_900,Saturday,19,76,-2.4,0.0
5237_700,Saturday,19,20,0.0,0.0
17324_900,Saturday,19,268,-2.7,120.0
17420_900,Saturday,19,110,-3.8,60.0
17424_900,Saturday,19,377,4.3,180.0
17342_700,Saturday,19,274,-74.0,600.0
17326_700,Saturday,19,141,4.7,180.0
17463_900,Saturday,19,198,13.3,780.0
18920_700,Saturday,19,79,128.5,277.0
17307_700,Saturday,19,44,31.4,240.0
17446_900,Saturday,19,102,4.1,180.0
13110_700,Saturday,19,7,49.6,101.0
17350_700,Saturday,19,284,204.1,1320.0
24053_100,Saturday,19,99,38.2,360.0
17309_700,Saturday,19,164,-0.7,0.0
17419_900,Saturday,19,72,0.0,0.0
13113_700,Saturday,19,9,7.7,69.0
17515_400,Saturday,19,264,3.2,300.0
17346_700,Saturday,19,79,28.9,120.0
17417_900,Saturday,19,202,1.2,120.0
17311_700,Saturday,19,230,21.7,360.0
17453_700,Saturday,19,564,55.0,600.0
17317_700,Saturday,19,227,10.6,240.0
17349_700,Saturday,19,436,3.2,900.0
17461_700,Saturday,19,450,-2.9,180.0
17338_900,Saturday,19,202,4.8,420.0
17459_900,Saturday,19,560,3.3,420.0
17455_700,Saturday,19,559,28.8,360.0
17538_700,Saturday,19,302,-0.0,180.0
17379_700,Saturday,19,147,0.4,60.0
25219_700,Saturday,19,6,-196.2,24.0
23945_100,Saturday,19,102,171.8,1320.0
17460_900,Saturday,19,860,-1.3,240.0
27952_700,Saturday,19,88,1.2,40.0
17512_400,Saturday,19,117,3.1,120.0
17322_700,Saturday,19,56,1.1,60.0
17516_400,Saturday,19,25,0.0,0.0
17450_700,Saturday,19,197,6.4,180.0
17356_700,Saturday,19,196,15.0,360.0
17451_700,Saturday,19,323,13.2,540.0
17325_700,Saturday,19,201,0.6,60.0
5376_700,Saturday,19,29,0.0,0.0
22240_109,Saturday,19,17,17.6,60.0
28311_100,Saturday,19,29,4.1,120.0
10149_109,Saturday,19,292,32.1,240.0
28412_109,Saturday,19,44,19.1,60.0
17368_700,Saturday,19,190,4.1,240.0
17352_900,Saturday,19,126,0.0,180.0
19059_100,Saturday,19,28,102.9,480.0
18922_700,Saturday,19,59,77.6,140.0
18931_700,Saturday,19,125,63.2,137.0
17310_700,Saturday,19,200,32.4,240.0
24759_700,Saturday,19,78,-1.5,120.0
17384_700,Saturday,19,40,3.0,120.0
17312_700,Saturday,19,79,-2.3,60.0
17306_700,Saturday,19,593,15.4,360.0
17341_700,Saturday,19,384,47.3,540.0
10148_109,Saturday,19,262,12.8,180.0
17452_900,Saturday,19,560,-0.0,180.0
17299_700,Saturday,19,113,45.7,120.0
1870_700,Saturday,19,13,-166.2,142.0
29150_700,Saturday,19,5,14.8,74.0
17339_700,Saturday,19,541,90.2,1260.0
17377_700,Saturday,19,56,5.4,120.0
17335_700,Saturday,19,464,59.9,420.0
17530_700,Saturday,19,237,11.4,60.0
17438_900,Saturday,19,225,-0.3,120.0
22390_700,Saturday,19,71,14.4,180.0
20812_100,Saturday,19,9,0.0,0.0
17372_700,Saturday,19,210,29.4,300.0
6629_700,Saturday,19,14,2.5,3.0
17536_700,Saturday,19,133,41.5,300.0
17315_700,Saturday,19,26,60.0,120.0
17319_700,Saturday,19,216,4.7,360.0
1879_900,Saturday,19,2,33.0,66.0
17373_700,Saturday,19,180,1.7,120.0
17353_700,Saturday,19,91,16.5,60.0
17369_700,Saturday,19,90,4.0,180.0
17314_700,Saturday,19,114,3.7,180.0
17308_700,Saturday,19,57,0.0,0.0
16345_100,Saturday,19,39,0.0,0.0
22754_700,Saturday,19,273,9.0,180.0
17462_700,Saturday,19,312,1.9,180.0
17520_700,Saturday,19,128,6.1,180.0
26791_106,Saturday,19,8,0.0,0.0
5371_700,Saturday,19,50,41.6,89.0
17345_700,Saturday,19,64,3.8,120.0
17367_700,Saturday,19,157,55.0,420.0
28571_109,Saturday,19,5,36.0,120.0
10227_109,Saturday,19,63,4.8,60.0
4243_700,Saturday,19,26,101.7,155.0
17380_700,Saturday,19,66,273.6,660.0
10165_109,Saturday,19,41,13.2,60.0
10166_109,Saturday,19,41,11.7,60.0
17454_700,Saturday,19,246,2.7,240.0
17532_700,Saturday,19,268,1.1,180.0
17329_700,Saturday,19,119,3.5,120.0
17416_900,Saturday,19,375,0.5,120.0
10167_109,Saturday,19,66,2.7,60.0
17327_700,Saturday,19,33,52.7,240.0
17378_700,Saturday,19,284,83.0,600.0
10142_109,Saturday,19,259,35.4,360.0
19705_700,Saturday,19,33,-12.7,240.0
17447_700,Saturday,19,258,6.3,240.0
17344_700,Saturday,19,39,-15.4,0.0
17320_700,Saturday,19,258,2.3,240.0
17361_700,Saturday,19,181,26.5,300.0
17323_700,Saturday,19,103,13.4,120.0
16349_100,Saturday,19,5,0.0,0.0
10676_700,Saturday,19,119,19.3,236.0
10155_109,Saturday,19,62,11.6,120.0
10170_109,Saturday,19,36,30.0,120.0
18913_700,Saturday,19,33,72.4,149.0
17303_700,Saturday,19,392,-0.5,120.0
17464_700,Saturday,19,159,13.2,180.0
10223_109,Saturday,19,193,27.0,240.0
18898_700,Saturday,19,61,67.2,150.0
18914_700,Saturday,19,11,136.9,137.0
18937_700,Saturday,19,58,127.6,277.0
1872_700,Saturday,19,19,-1892.4,-949.0
17381_700,Saturday,19,195,3.7,300.0
20969_700,Saturday,19,17,116.1,225.0
10224_109,Saturday,19,63,21.9,180.0
28259_100,Saturday,19,93,767.7,2940.0
17415_700,Saturday,19,18,0.0,0.0
17297_700,Saturday,19,230,68.9,360.0
17744_700,Saturday,19,58,586.6,2640.0
17437_700,Saturday,19,99,3.6,60.0
17406_700,Saturday,19,25,2.4,60.0
17412_700,Saturday,19,72,14.2,120.0
11364_700,Saturday,19,13,-12.8,0.0
28572_109,Saturday,19,9,26.7,60.0
16354_700,Saturday,19,15,53.5,78.0
17316_700,Saturday,19,244,21.1,120.0
17340_700,Saturday,19,158,56.2,240.0
4503_700,Saturday,19,21,144.1,234.0
4242_700,Saturday,19,78,116.5,209.0
10163_109,Saturday,19,281,15.2,180.0
28411_109,Saturday,19,14,21.4,120.0
17357_700,Saturday,19,30,10.0,180.0
17313_700,Saturday,19,113,0.5,120.0
17393_700,Saturday,19,65,116.3,540.0
23414_700,Saturday,19,95,157.9,960.0
28712_700,Saturday,19,11,0.0,0.0
17293_700,Saturday,19,56,6.4,180.0
17362_700,Saturday,19,167,1.1,120.0
17421_900,Saturday,19,54,-3.3,0.0
5238_700,Saturday,19,41,42.7,70.0
13108_700,Saturday,19,8,42.0,138.0
17435_700,Saturday,19,57,40.0,240.0
18911_700,Saturday,19,67,97.7,150.0
5353_700,Saturday,19,27,0.0,0.0
21205_700,Saturday,19,3,46.0,138.0
17375_700,Saturday,19,69,-2.6,0.0
10162_109,Saturday,19,282,26.8,240.0
17290_700,Saturday,19,375,177.1,2100.0
17280_700,Saturday,19,87,15.2,300.0
17305_700,Saturday,19,397,22.8,180.0
17289_700,Saturday,19,176,154.8,540.0
27289_700,Saturday,19,24,0.0,0.0
27934_700,Saturday,19,10,0.0,0.0
17302_700,Saturday,19,235,41.4,360.0
29157_700,Saturday,19,4,0.0,0.0
17363_700,Saturday,19,140,46.7,420.0
17402_700,Saturday,19,17,17.6,60.0
17537_700,Saturday,19,81,20.7,180.0
17281_700,Saturday,19,67,9.0,240.0
10143_109,Saturday,19,235,42.1,420.0
4287_700,Saturday,19,60,180.5,1260.0
17296_700,Saturday,19,84,1.4,120.0
18374_700,Saturday,19,235,23.0,120.0
17376_700,Saturday,19,64,47.8,180.0
18909_700,Saturday,19,75,81.8,263.0
17328_700,Saturday,19,195,0.0,60.0
17304_700,Saturday,19,444,64.6,1020.0
18945_700,Saturday,19,32,92.8,230.0
17330_700,Saturday,19,387,9.1,120.0
17343_700,Saturday,19,71,31.3,180.0
17409_700,Saturday,19,53,3.4,120.0
17414_700,Saturday,19,94,28.1,240.0
10674_700,Saturday,19,34,-4.3,0.0
17400_700,Saturday,19,66,10.0,180.0
18921_700,Saturday,19,19,106.1,129.0
17531_700,Saturday,19,66,23.6,120.0
23154_700,Saturday,19,33,7.3,120.0
5249_700,Saturday,19,149,126.3,212.0
4477_700,Saturday,19,30,-5304.3,132.0
18889_700,Saturday,19,12,168.9,169.0
28806_700,Saturday,19,64,64.3,180.0
18900_700,Saturday,19,37,37.1,67.0
25489_700,Saturday,19,9,109.9,110.0
17398_700,Saturday,19,58,7.2,240.0
17331_700,Saturday,19,168,33.2,480.0
17535_700,Saturday,19,176,74.0,720.0
17359_700,Saturday,19,42,22.9,60.0
17407_700,Saturday,19,14,0.0,0.0
17336_700,Saturday,19,33,0.0,0.0
17458_700,Saturday,19,536,120.2,1020.0
17527_700,Saturday,19,9,0.0,0.0
17401_700,Saturday,19,9,13.3,60.0
17413_700,Saturday,19,32,9.4,180.0
17385_700,Saturday,19,36,495.0,780.0
18933_700,Saturday,19,2,-64.5,0.0
17366_700,Saturday,19,102,58.2,180.0
17354_700,Saturday,19,208,16.7,120.0
20369_100,Saturday,19,12,20.0,120.0
15624_700,Saturday,19,2,141.0,141.0
4514_700,Saturday,19,29,55.6,70.0
18915_700,Saturday,19,16,146.8,201.0
1871_700,Saturday,19,7,-35.0,4.0
17387_700,Saturday,19,52,1.2,60.0
17365_700,Saturday,19,111,125.9,840.0
29221_700,Saturday,19,16,60.0,60.0
17391_700,Saturday,19,10,0.0,0.0
24057_100,Saturday,19,81,99.3,1560.0
19127_700,Saturday,19,51,142.5,213.0
5246_700,Saturday,19,17,10.8,73.0
10226_109,Saturday,19,193,24.9,300.0
20479_700,Saturday,19,3,-71.7,0.0
17294_700,Saturday,19,107,2.2,180.0
17392_700,Saturday,19,24,0.0,0.0
1874_700,Saturday,19,7,-47.0,70.0
17279_700,Saturday,19,15,92.0,480.0
18969_100,Saturday,19,4,0.0,0.0
17318_700,Saturday,19,188,879.9,3540.0
1931_700,Saturday,19,25,21.4,153.0
10158_109,Saturday,19,158,16.3,240.0
4249_700,Saturday,19,44,62.0,146.0
17321_700,Saturday,19,54,-2.2,120.0
29141_700,Saturday,19,1,119.0,119.0
24055_100,Saturday,19,16,0.0,120.0
19155_109,Saturday,19,58,54.8,240.0
20930_700,Saturday,19,17,80.4,84.0
26781_700,Saturday,19,13,-9.2,0.0
1882_900,Saturday,19,8,25.9,73.0
20364_700,Saturday,19,21,34.0,70.0
17370_700,Saturday,19,88,-3.4,0.0
23944_100,Saturday,19,12,215.0,540.0
17355_700,Saturday,19,159,6.0,120.0
1924_700,Saturday,19,33,6.7,149.0
10145_109,Saturday,19,181,15.2,180.0
19062_100,Saturday,19,11,5.5,60.0
17383_700,Saturday,19,13,0.0,0.0
10229_109,Saturday,19,20,9.0,60.0
18888_700,Saturday,19,23,20.6,70.0
13136_700,Saturday,19,1,120.0,120.0
13133_700,Saturday,19,1,120.0,120.0
27959_700,Saturday,19,52,-53.1,42.0
17332_700,Saturday,19,11,180.0,180.0
1880_900,Saturday,19,10,-71.2,0.0
4245_700,Saturday,19,10,79.3,102.0
4223_700,Saturday,19,6,-50.0,0.0
17298_700,Saturday,19,13,133.8,240.0
18926_700,Saturday,19,15,20.3,76.0
5607_700,Saturday,19,16,0.0,0.0
29140_700,Saturday,19,11,30.7,264.0
14979_700,Saturday,19,4,0.0,0.0
15029_700,Saturday,19,1,41.0,41.0
19019_700,Saturday,19,11,5.5,60.0
5236_700,Saturday,19,7,-21.4,0.0
5366_700,Saturday,19,8,47.8,112.0
18361_700,Saturday,19,2,38.0,60.0
17351_700,Saturday,19,17,81.2,120.0
23534_700,Saturday,19,10,-26.5,15.0
18899_700,Saturday,19,28,101.5,199.0
4253_700,Saturday,19,5,69.8,70.0
18884_700,Saturday,19,17,69.9,70.0
4281_700,Saturday,19,22,23.0,65.0
17300_700,Saturday,19,124,218.7,300.0
13106_700,Saturday,19,5,24.6,123.0
18906_700,Saturday,19,14,80.1,128.0
17403_700,Saturday,19,6,0.0,0.0
4221_700,Saturday,19,20,83.4,172.0
18341_700,Saturday,19,15,19.2,121.0
13105_700,Saturday,19,2,29.0,58.0
27569_700,Saturday,19,1,0.0,0.0
19063_100,Saturday,19,9,-6.7,0.0
20879_700,Saturday,19,31,48.7,76.0
18923_700,Saturday,19,17,4.1,9.0
27916_700,Saturday,19,26,24.5,233.0
17445_700,Saturday,21,208,8.1,120.0
17295_700,Saturday,21,109,707.3,3540.0
1548_700,Saturday,21,637,5.8,374.0
5596_700,Saturday,21,112,4.4,194.0
5633_900,Saturday,21,605,2.5,220.0
5635_900,Saturday,21,827,1.5,237.0
15277_700,Saturday,21,280,1.9,218.0
15274_700,Saturday,21,470,8.9,502.0
1556_900,Saturday,21,449,2.1,212.0
16859_700,Saturday,21,254,1.4,195.0
27277_700,Saturday,21,45,0.0,0.0
21726_700,Saturday,21,8,0.0,0.0
24049_100,Saturday,21,48,26.2,300.0
10676_700,Saturday,21,92,0.8,70.0
26791_106,Saturday,21,8,0.0,0.0
20809_100,Saturday,21,8,0.0,0.0
1921_700,Saturday,21,42,0.0,0.0
1551_700,Saturday,21,224,30.1,1818.0
13438_900,Saturday,21,382,1.0,121.0
15959_700,Saturday,21,140,2.6,192.0
1925_700,Saturday,21,142,-8.7,144.0
4456_700,Saturday,21,96,2.7,138.0
26788_106,Saturday,21,60,0.0,0.0
24042_100,Saturday,21,131,354.0,1860.0
24043_100,Saturday,21,63,84.8,780.0
1549_700,Saturday,21,188,0.4,66.0
1945_700,Saturday,21,44,27.1,404.0
24046_100,Saturday,21,29,-8.3,0.0
26783_106,Saturday,21,105,0.0,0.0
1955_700,Saturday,21,124,10.0,357.0
26784_106,Saturday,21,45,0.0,0.0
24050_100,Saturday,21,109,8.8,240.0
1547_700,Saturday,21,331,3.3,178.0
17374_900,Saturday,21,376,-13.4,120.0
24045_100,Saturday,21,128,81.1,660.0
15276_700,Saturday,21,154,2.4,123.0
1923_700,Saturday,21,228,11.7,406.0
28109_700,Saturday,21,7,0.0,0.0
7362_900,Saturday,21,35,5.7,62.0
17456_700,Saturday,21,577,20.4,600.0
26748_100,Saturday,21,8,0.0,0.0
26787_106,Saturday,21,15,0.0,0.0
15273_700,Saturday,21,52,0.0,0.0
26790_106,Saturday,21,34,0.0,0.0
1938_700,Saturday,21,56,0.0,0.0
20810_700,Saturday,21,18,0.0,0.0
17523_400,Saturday,21,1184,-40.0,240.0
337_700,Saturday,21,197,7.3,258.0
19058_100,Saturday,21,123,-3.4,120.0
27275_700,Saturday,21,101,0.0,0.0
27276_700,Saturday,21,45,0.0,0.0
336_700,Saturday,21,181,6.8,192.0
18351_700,Saturday,21,11,0.0,0.0
16915_700,Saturday,21,127,1.3,103.0
5607_700,Saturday,21,89,0.7,63.0
26786_106,Saturday,21,37,0.0,0.0
20813_100,Saturday,21,4,0.0,0.0
17422_900,Saturday,21,194,5.9,240.0
22804_700,Saturday,21,172,41.5,1152.0
5371_700,Saturday,21,35,42.0,165.0
5379_700,Saturday,21,102,0.7,81.0
5381_700,Saturday,21,44,24.0,108.0
22609_700,Saturday,21,109,1.7,120.0
26793_106,Saturday,21,18,0.0,0.0
1546_700,Saturday,21,102,6.2,232.0
17449_700,Saturday,21,543,346.1,2700.0
17333_700,Saturday,21,165,6.5,300.0
17455_700,Saturday,21,473,1.1,180.0
17448_700,Saturday,21,486,24.8,540.0
17514_400,Saturday,21,730,4.9,420.0
17442_900,Saturday,21,600,1.8,180.0
17360_700,Saturday,21,240,98.0,480.0
10148_109,Saturday,21,261,0.9,60.0
17518_400,Saturday,21,569,1.6,180.0
5353_700,Saturday,21,27,25.1,191.0
17458_700,Saturday,21,400,17.1,240.0
24715_700,Saturday,21,2,0.0,0.0
17521_400,Saturday,21,381,1.1,120.0
5380_700,Saturday,21,22,0.0,0.0
17525_400,Saturday,21,468,24.4,600.0
17462_700,Saturday,21,252,16.0,480.0
5372_700,Saturday,21,22,18.8,105.0
23415_700,Saturday,21,499,214.4,1380.0
17460_900,Saturday,21,764,1.4,420.0
17530_700,Saturday,21,271,7.5,180.0
5384_700,Saturday,21,100,93.2,287.0
24759_700,Saturday,21,62,1.0,60.0
7361_700,Saturday,21,175,9.5,404.0
5382_700,Saturday,21,10,54.0,60.0
17416_900,Saturday,21,138,1.3,60.0
24053_100,Saturday,21,105,48.6,300.0
17515_400,Saturday,21,312,1.2,240.0
17385_700,Saturday,21,46,421.3,1620.0
26785_106,Saturday,21,99,1.4,77.0
10229_109,Saturday,21,20,9.0,60.0
29140_700,Saturday,21,30,37.4,361.0
17335_700,Saturday,21,255,1.2,180.0
17450_700,Saturday,21,98,19.6,180.0
17438_900,Saturday,21,235,0.0,60.0
28412_109,Saturday,21,28,6.4,60.0
17463_900,Saturday,21,200,0.9,120.0
24052_100,Saturday,21,27,11.1,240.0
18922_700,Saturday,21,60,91.1,113.0
17452_900,Saturday,21,460,2.2,360.0
19155_109,Saturday,21,29,-4.1,0.0
18913_700,Saturday,21,46,466.9,817.0
17306_700,Saturday,21,563,16.7,240.0
17440_900,Saturday,21,532,-0.5,300.0
17350_700,Saturday,21,343,56.0,1200.0
5350_700,Saturday,21,22,62.8,261.0
17296_700,Saturday,21,75,-3.2,0.0
17316_700,Saturday,21,185,20.4,120.0
17328_700,Saturday,21,58,100.3,300.0
17330_700,Saturday,21,348,13.8,180.0
17331_700,Saturday,21,64,15.9,240.0
17299_700,Saturday,21,175,19.9,300.0
17373_700,Saturday,21,179,1.3,180.0
17424_900,Saturday,21,342,7.7,420.0
10167_109,Saturday,21,51,15.3,120.0
17420_900,Saturday,21,110,-1.6,120.0
17444_900,Saturday,21,541,3.7,240.0
17459_900,Saturday,21,443,0.8,240.0
17340_700,Saturday,21,152,44.6,240.0
17441_700,Saturday,21,733,12.5,480.0
17325_700,Saturday,21,167,3.6,180.0
17512_400,Saturday,21,116,10.3,240.0
17310_700,Saturday,21,204,10.3,240.0
17329_700,Saturday,21,120,13.0,300.0
22390_700,Saturday,21,48,28.8,120.0
17341_700,Saturday,21,288,26.9,360.0
17516_400,Saturday,21,30,0.0,0.0
17421_900,Saturday,21,41,1.5,60.0
17451_700,Saturday,21,156,11.5,360.0
17446_900,Saturday,21,104,0.6,60.0
17520_700,Saturday,21,92,13.0,180.0
5249_700,Saturday,21,146,143.4,304.0
17301_900,Saturday,21,155,-0.8,180.0
28806_700,Saturday,21,10,198.7,221.0
18374_700,Saturday,21,165,15.6,180.0
17370_700,Saturday,21,88,15.0,180.0
10144_109,Saturday,21,37,0.0,0.0
24025_100,Saturday,21,101,76.6,540.0
10163_109,Saturday,21,249,17.1,240.0
10223_109,Saturday,21,169,5.3,120.0
17412_700,Saturday,21,56,1.1,60.0
17312_700,Saturday,21,80,3.0,120.0
17357_700,Saturday,21,15,0.0,0.0
17465_700,Saturday,21,283,15.7,540.0
17457_700,Saturday,21,319,14.5,240.0
17320_700,Saturday,21,343,2.3,240.0
10143_109,Saturday,21,217,26.0,240.0
17305_700,Saturday,21,393,27.2,180.0
17304_700,Saturday,21,294,27.3,240.0
17361_700,Saturday,21,119,72.6,420.0
17418_900,Saturday,21,95,-1.9,60.0
17281_700,Saturday,21,80,20.2,540.0
17319_700,Saturday,21,216,3.6,240.0
17365_700,Saturday,21,75,-4.0,0.0
17409_700,Saturday,21,54,18.9,180.0
17538_700,Saturday,21,264,40.0,360.0
17297_700,Saturday,21,144,20.0,120.0
17327_700,Saturday,21,22,-8.2,0.0
17419_900,Saturday,21,72,0.8,60.0
17322_700,Saturday,21,33,1.8,60.0
4477_700,Saturday,21,25,5.5,64.0
18927_700,Saturday,21,2,-2.0,0.0
17292_700,Saturday,21,250,-133.7,360.0
17351_700,Saturday,21,36,3.3,60.0
17453_700,Saturday,21,520,72.5,780.0
4514_700,Saturday,21,29,43.8,132.0
22754_700,Saturday,21,191,-0.0,60.0
17526_400,Saturday,21,150,11.6,300.0
17279_700,Saturday,21,11,10.9,120.0
1971_700,Saturday,21,40,10.9,139.0
17401_700,Saturday,21,9,0.0,0.0
19126_700,Saturday,21,50,223.4,586.0
4281_700,Saturday,21,24,382.5,428.0
17346_700,Saturday,21,81,11.9,60.0
17461_700,Saturday,21,318,3.8,180.0
17307_700,Saturday,21,19,82.1,120.0
17381_700,Saturday,21,176,68.9,360.0
17532_700,Saturday,21,105,24.0,240.0
28572_109,Saturday,21,4,0.0,0.0
10142_109,Saturday,21,228,41.1,360.0
10149_109,Saturday,21,283,11.7,120.0
10155_109,Saturday,21,40,40.5,240.0
10165_109,Saturday,21,41,11.7,60.0
28411_109,Saturday,21,6,10.0,60.0
22240_109,Saturday,21,13,9.2,120.0
10170_109,Saturday,21,29,8.3,60.0
13108_700,Saturday,21,2,31.5,63.0
21205_700,Saturday,21,1,2.0,2.0
19066_100,Saturday,21,111,187.0,780.0
10226_109,Saturday,21,194,4.0,120.0
17349_700,Saturday,21,345,11.0,240.0
17414_700,Saturday,21,75,18.4,180.0
17315_700,Saturday,21,51,29.4,120.0
10157_109,Saturday,21,230,17.2,240.0
18898_700,Saturday,21,25,51.3,72.0
18920_700,Saturday,21,61,123.7,172.0
21284_700,Saturday,21,86,1.4,120.0
26781_700,Saturday,21,4,0.0,0.0
29221_700,Saturday,21,17,3.5,60.0
17447_700,Saturday,21,273,-13.0,120.0
17536_700,Saturday,21,128,51.1,360.0
18931_700,Saturday,21,120,58.1,127.0
23945_100,Saturday,21,95,0.0,0.0
17380_700,Saturday,21,64,49.7,360.0
17435_700,Saturday,21,57,37.9,180.0
10145_109,Saturday,21,182,8.6,120.0
1871_700,Saturday,21,14,22.9,139.0
17309_700,Saturday,21,110,5.5,180.0
17417_900,Saturday,21,170,1.8,120.0
17347_700,Saturday,21,201,32.2,960.0
17289_700,Saturday,21,142,66.8,540.0
10141_109,Saturday,21,339,2.8,60.0
17377_700,Saturday,21,69,6.1,180.0
26789_106,Saturday,21,7,0.0,0.0
17391_700,Saturday,21,7,0.0,0.0
17352_900,Saturday,21,105,8.0,600.0
17398_700,Saturday,21,44,467.7,1920.0
17367_700,Saturday,21,192,15.0,300.0
17437_700,Saturday,21,35,3.4,120.0
17339_700,Saturday,21,266,32.0,480.0
17348_700,Saturday,21,131,1.8,120.0
17372_700,Saturday,21,208,17.9,420.0
10682_700,Saturday,21,105,0.7,74.0
17366_700,Saturday,21,98,220.4,660.0
17334_700,Saturday,21,300,28.6,720.0
17379_700,Saturday,21,96,11.2,60.0
17744_700,Saturday,21,49,124.9,1140.0
17529_700,Saturday,21,148,13.8,180.0
17413_700,Saturday,21,17,3.5,60.0
5368_700,Saturday,21,26,285.9,294.0
17343_700,Saturday,21,68,30.9,120.0
17355_700,Saturday,21,197,32.9,300.0
17464_700,Saturday,21,133,11.7,120.0
17368_700,Saturday,21,147,7.8,300.0
17356_700,Saturday,21,192,9.7,120.0
17303_700,Saturday,21,320,5.3,300.0
17387_700,Saturday,21,13,0.0,0.0
19079_700,Saturday,21,14,31.6,189.0
1880_900,Saturday,21,7,-74.1,0.0
18933_700,Saturday,21,39,55.0,67.0
5377_700,Saturday,21,12,138.9,203.0
20369_100,Saturday,21,12,40.0,180.0
17321_700,Saturday,21,49,60.0,120.0
17363_700,Saturday,21,96,10.0,240.0
17402_700,Saturday,21,15,88.0,240.0
17537_700,Saturday,21,42,-2.9,0.0
5236_700,Saturday,21,60,59.2,850.0
18915_700,Saturday,21,17,304.9,305.0
18969_100,Saturday,21,4,0.0,0.0
17302_700,Saturday,21,276,52.4,300.0
17535_700,Saturday,21,105,28.0,300.0
28571_109,Saturday,21,8,37.5,120.0
24057_100,Saturday,21,28,128.6,300.0
28311_100,Saturday,21,27,104.4,720.0
19065_100,Saturday,21,12,160.0,300.0
1870_700,Saturday,21,16,-70.9,152.0
10158_109,Saturday,21,78,26.9,120.0
10162_109,Saturday,21,250,3.6,120.0
1924_700,Saturday,21,33,19.0,404.0
17311_700,Saturday,21,264,25.5,300.0
17354_700,Saturday,21,115,43.8,180.0
17362_700,Saturday,21,165,68.4,420.0
17364_700,Saturday,21,308,43.6,480.0
17378_700,Saturday,21,172,26.2,240.0
17454_700,Saturday,21,139,17.7,240.0
28712_700,Saturday,21,16,0.0,0.0
17294_700,Saturday,21,112,44.5,240.0
17314_700,Saturday,21,148,2.4,120.0
17407_700,Saturday,21,30,2.0,60.0
17290_700,Saturday,21,383,34.0,360.0
10227_109,Saturday,21,64,5.6,60.0
23154_700,Saturday,21,31,11.6,180.0
16009_700,Saturday,21,4,-1.8,11.0
17317_700,Saturday,21,171,13.0,480.0
17308_700,Saturday,21,56,20.4,120.0
17359_700,Saturday,21,54,35.6,120.0
1879_900,Saturday,21,5,31.8,64.0
5237_700,Saturday,21,22,61.0,68.0
17298_700,Saturday,21,13,0.0,0.0
23414_700,Saturday,21,99,-0.6,60.0
17332_700,Saturday,21,18,0.0,0.0
1929_700,Saturday,21,23,175.7,237.0
17300_700,Saturday,21,122,195.7,240.0
27280_700,Saturday,21,15,0.0,0.0
17344_700,Saturday,21,47,60.0,300.0
17345_700,Saturday,21,51,4.7,120.0
17369_700,Saturday,21,48,-2.5,60.0
27569_700,Saturday,21,8,15.0,60.0
17527_700,Saturday,21,9,0.0,0.0
17280_700,Saturday,21,87,2.1,120.0
17342_700,Saturday,21,164,18.3,360.0
4221_700,Saturday,21,20,37.0,45.0
19127_700,Saturday,21,30,30.9,31.0
25219_700,Saturday,21,3,-4.0,50.0
27296_700,Saturday,21,25,180.0,180.0
17384_700,Saturday,21,35,32.6,120.0
17531_700,Saturday,21,36,21.7,180.0
17415_700,Saturday,21,32,-1.9,0.0
18911_700,Saturday,21,43,85.0,130.0
5345_700,Saturday,21,16,77.4,123.0
20479_700,Saturday,21,7,63.9,64.0
18945_700,Saturday,21,26,18.8,65.0
18909_700,Saturday,21,73,254.9,359.0
17403_700,Saturday,21,6,0.0,0.0
4223_700,Saturday,21,9,0.0,0.0
24055_100,Saturday,21,16,-7.5,120.0
19156_109,Saturday,21,28,90.0,240.0
19059_100,Saturday,21,28,199.3,840.0
11537_109,Saturday,21,9,6.7,60.0
10160_109,Saturday,21,15,52.0,180.0
18354_700,Saturday,21,15,8.5,68.0
19062_100,Saturday,21,11,21.8,120.0
17318_700,Saturday,21,87,31.7,540.0
17326_700,Saturday,21,134,24.2,120.0
17376_700,Saturday,21,37,56.8,120.0
17336_700,Saturday,21,32,37.5,120.0
17533_700,Saturday,21,112,84.1,240.0
10224_109,Saturday,21,42,22.9,120.0
18914_700,Saturday,21,20,94.3,187.0
4243_700,Saturday,21,10,125.1,153.0
4249_700,Saturday,21,11,18.4,31.0
4287_700,Saturday,21,37,322.3,354.0
11362_700,Saturday,21,88,0.0,0.0
16349_100,Saturday,21,5,0.0,0.0
5238_700,Saturday,21,44,24.1,125.0
5376_700,Saturday,21,29,19.9,46.0
17313_700,Saturday,21,54,-6.7,0.0
17293_700,Saturday,21,25,31.2,120.0
16345_100,Saturday,21,20,-42.0,60.0
5332_700,Saturday,21,10,86.9,136.0
1872_700,Saturday,21,6,46.7,129.0
17541_700,Saturday,21,2,61.0,61.0
17323_700,Saturday,21,15,36.0,120.0
4242_700,Saturday,21,33,225.8,296.0
18360_700,Saturday,21,28,4.9,138.0
17406_700,Saturday,21,13,-4.6,0.0
17392_700,Saturday,21,12,-15.0,0.0
4503_700,Saturday,21,21,164.0,271.0
28259_100,Saturday,21,105,1045.1,2940.0
16354_700,Saturday,21,22,217.2,276.0
18343_700,Saturday,21,2,260.5,303.0
1882_900,Saturday,21,3,-1.0,70.0
17375_700,Saturday,21,42,0.0,0.0
17400_700,Saturday,21,39,61.5,540.0
19118_700,Saturday,21,32,502.6,875.0
3975_700,Saturday,21,59,122.2,3666.0
5369_700,Saturday,21,15,-6.1,22.0
14733_700,Saturday,21,15,185.4,337.0
19705_700,Saturday,21,17,28.2,60.0
17525_400,Saturday,23,371,-0.2,60.0
17448_700,Saturday,23,335,121.1,1380.0
17515_400,Saturday,23,312,4.6,180.0
19058_100,Saturday,23,153,5.5,180.0
17303_700,Saturday,23,256,68.7,420.0
17516_400,Saturday,23,30,0.0,0.0
17328_700,Saturday,23,80,18.0,120.0
17298_700,Saturday,23,30,-582.0,0.0
17450_700,Saturday,23,124,12.6,60.0
17514_400,Saturday,23,686,23.5,300.0
17455_700,Saturday,23,283,18.0,300.0
17530_700,Saturday,23,119,-6.6,120.0
17335_700,Saturday,23,200,-50.4,60.0
17313_700,Saturday,23,54,-20.0,60.0
17314_700,Saturday,23,117,-5.6,60.0
17527_700,Saturday,23,11,27.3,60.0
17281_700,Saturday,23,80,42.0,300.0
17289_700,Saturday,23,107,41.5,180.0
17377_700,Saturday,23,76,30.8,120.0
17381_700,Saturday,23,113,-11.2,180.0
17457_700,Saturday,23,219,19.7,240.0
17521_400,Saturday,23,234,9.5,120.0
17452_900,Saturday,23,427,14.2,360.0
17333_700,Saturday,23,165,11.3,120.0
1548_700,Saturday,23,372,13.1,205.0
10682_700,Saturday,23,48,0.0,0.0
5596_700,Saturday,23,50,9.9,64.0
24052_100,Saturday,23,27,68.9,360.0
5633_900,Saturday,23,336,10.4,74.0
17352_900,Saturday,23,84,0.0,0.0
10145_109,Saturday,23,188,25.5,180.0
17422_900,Saturday,23,186,11.6,180.0
17424_900,Saturday,23,234,27.4,300.0
17438_900,Saturday,23,168,5.4,60.0
10158_109,Saturday,23,39,7.7,60.0
17359_700,Saturday,23,82,33.7,60.0
17305_700,Saturday,23,349,4.6,240.0
15277_700,Saturday,23,168,42.1,421.0
17339_700,Saturday,23,234,22.3,120.0
17458_700,Saturday,23,343,106.7,600.0
17363_700,Saturday,23,89,69.4,240.0
11362_700,Saturday,23,619,0.0,0.0
10143_109,Saturday,23,250,10.6,120.0
17417_900,Saturday,23,166,40.8,300.0
11537_109,Saturday,23,48,27.5,240.0
10160_109,Saturday,23,54,48.9,240.0
17290_700,Saturday,23,354,24.2,360.0
17294_700,Saturday,23,114,-24.2,0.0
336_700,Saturday,23,135,6.1,260.0
17444_900,Saturday,23,324,86.1,480.0
17364_700,Saturday,23,144,20.0,480.0
28571_109,Saturday,23,9,6.7,60.0
17518_400,Saturday,23,283,33.1,240.0
7361_700,Saturday,23,145,32.1,133.0
17442_900,Saturday,23,494,65.5,300.0
24053_100,Saturday,23,73,-3.3,60.0
17460_900,Saturday,23,666,126.0,2040.0
18931_700,Saturday,23,47,72.5,128.0
10162_109,Saturday,23,289,10.4,120.0
10170_109,Saturday,23,46,7.8,60.0
17345_700,Saturday,23,68,1.8,120.0
17367_700,Saturday,23,195,-4.9,120.0
17536_700,Saturday,23,135,37.3,300.0
17744_700,Saturday,23,37,0.0,0.0
24050_100,Saturday,23,90,-7.3,60.0
17301_900,Saturday,23,182,47.5,360.0
15274_700,Saturday,23,252,13.4,144.0
1556_900,Saturday,23,228,6.7,121.0
17446_900,Saturday,23,102,-2.4,180.0
17459_900,Saturday,23,341,40.6,360.0
17421_900,Saturday,23,54,53.3,300.0
5607_700,Saturday,23,89,30.7,644.0
26784_106,Saturday,23,16,0.0,0.0
1925_700,Saturday,23,68,-6.6,3.0
23414_700,Saturday,23,82,52.7,300.0
17355_700,Saturday,23,201,29.0,240.0
17326_700,Saturday,23,115,13.6,120.0
17523_400,Saturday,23,640,20.2,180.0
17418_900,Saturday,23,134,7.6,180.0
17440_900,Saturday,23,552,46.6,540.0
26793_106,Saturday,23,18,0.0,0.0
26783_106,Saturday,23,68,7.7,120.0
17312_700,Saturday,23,100,25.2,120.0
17465_700,Saturday,23,267,22.0,240.0
4456_700,Saturday,23,26,0.0,0.0
16859_700,Saturday,23,248,16.4,195.0
17526_400,Saturday,23,140,88.3,360.0
18911_700,Saturday,23,43,174.5,201.0
1938_700,Saturday,23,70,11.5,62.0
17350_700,Saturday,23,230,232.2,1140.0
24759_700,Saturday,23,84,-26.4,0.0
17420_900,Saturday,23,95,6.9,120.0
10229_109,Saturday,23,24,77.5,420.0
10163_109,Saturday,23,158,23.5,120.0
10141_109,Saturday,23,345,19.0,120.0
17461_700,Saturday,23,142,-15.2,60.0
17374_900,Saturday,23,336,37.1,420.0
10148_109,Saturday,23,295,20.3,180.0
18926_700,Saturday,23,26,547.5,949.0
17299_700,Saturday,23,175,65.1,240.0
17449_700,Saturday,23,393,273.3,3540.0
24046_100,Saturday,23,41,10.2,180.0
24043_100,Saturday,23,45,52.0,360.0
19155_109,Saturday,23,90,-6.0,0.0
17463_900,Saturday,23,200,3.6,60.0
1547_700,Saturday,23,162,17.7,172.0
17360_700,Saturday,23,241,167.6,720.0
17532_700,Saturday,23,134,24.2,180.0
1549_700,Saturday,23,80,0.0,0.0
17306_700,Saturday,23,541,11.2,360.0
1955_700,Saturday,23,37,0.0,0.0
17462_700,Saturday,23,142,-3.8,60.0
17419_900,Saturday,23,88,6.8,60.0
26785_106,Saturday,23,22,147.4,480.0
26790_106,Saturday,23,17,0.0,0.0
17318_700,Saturday,23,96,111.9,420.0
17320_700,Saturday,23,344,21.6,480.0
18374_700,Saturday,23,204,30.9,180.0
17349_700,Saturday,23,298,-2.4,240.0
5635_900,Saturday,23,455,9.2,155.0
24045_100,Saturday,23,96,16.9,240.0
10165_109,Saturday,23,36,8.3,60.0
28109_700,Saturday,23,15,0.0,0.0
17451_700,Saturday,23,189,30.2,180.0
10676_700,Saturday,23,46,33.3,129.0
17336_700,Saturday,23,34,0.0,0.0
17356_700,Saturday,23,161,19.0,120.0
13438_900,Saturday,23,194,4.4,122.0
15276_700,Saturday,23,85,50.6,154.0
18922_700,Saturday,23,30,94.7,96.0
17325_700,Saturday,23,171,11.9,180.0
17365_700,Saturday,23,88,0.7,60.0
17378_700,Saturday,23,172,-6.6,120.0
17512_400,Saturday,23,19,3.2,60.0
17445_700,Saturday,23,78,86.9,240.0
17456_700,Saturday,23,404,128.2,600.0
26787_106,Saturday,23,5,0.0,0.0
17331_700,Saturday,23,70,52.3,960.0
17379_700,Saturday,23,74,-6.5,0.0
21284_700,Saturday,23,108,33.9,300.0
17414_700,Saturday,23,39,3.1,60.0
337_700,Saturday,23,168,18.3,534.0
12193_700,Saturday,23,24,122.2,136.0
23945_100,Saturday,23,50,-1.2,60.0
17372_700,Saturday,23,154,97.0,420.0
17279_700,Saturday,23,13,13.8,120.0
1923_700,Saturday,23,96,39.3,173.0
17380_700,Saturday,23,50,0.0,0.0
29221_700,Saturday,23,18,0.0,0.0
17280_700,Saturday,23,116,1.6,120.0
10223_109,Saturday,23,199,16.0,180.0
17302_700,Saturday,23,162,-24.1,60.0
18909_700,Saturday,23,69,6.0,72.0
10167_109,Saturday,23,37,0.0,0.0
17310_700,Saturday,23,206,-11.1,60.0
17409_700,Saturday,23,95,52.4,720.0
10155_109,Saturday,23,65,12.0,120.0
17540_700,Saturday,23,17,24.0,87.0
17343_700,Saturday,23,51,21.2,60.0
17368_700,Saturday,23,174,61.7,360.0
17309_700,Saturday,23,136,14.6,120.0
12194_700,Saturday,23,24,3.2,72.0
17541_700,Saturday,23,141,141.0,285.0
17407_700,Saturday,23,15,0.0,0.0
17323_700,Saturday,23,22,32.7,60.0
24025_100,Saturday,23,61,72.8,540.0
15959_700,Saturday,23,70,49.1,137.0
26791_106,Saturday,23,4,0.0,0.0
26788_106,Saturday,23,48,103.1,405.0
17362_700,Saturday,23,48,41.2,120.0
10142_109,Saturday,23,149,14.5,120.0
26786_106,Saturday,23,29,22.7,90.0
17348_700,Saturday,23,135,56.0,240.0
23415_700,Saturday,23,225,212.3,780.0
10149_109,Saturday,23,222,21.9,180.0
17453_700,Saturday,23,366,62.1,660.0
20810_700,Saturday,23,6,0.0,0.0
17319_700,Saturday,23,146,4.9,120.0
17340_700,Saturday,23,124,20.3,180.0
17347_700,Saturday,23,204,-2.4,120.0
22754_700,Saturday,23,110,-26.2,60.0
17315_700,Saturday,23,27,-6.7,0.0
1554_700,Saturday,23,253,0.0,0.0
17529_700,Saturday,23,123,-6.3,60.0
17416_900,Saturday,23,92,28.7,120.0
16915_700,Saturday,23,90,1.6,73.0
17437_700,Saturday,23,47,25.5,120.0
17342_700,Saturday,23,284,104.6,420.0
22609_700,Saturday,23,31,42.6,120.0
17384_700,Saturday,23,34,-1.8,0.0
1546_700,Saturday,23,125,26.5,145.0
10226_109,Saturday,23,225,112.8,660.0
17322_700,Saturday,23,22,2.7,60.0
1551_700,Saturday,23,53,70.4,136.0
24715_700,Saturday,23,6,-20.7,62.0
17317_700,Saturday,23,70,9.4,120.0
17413_700,Saturday,23,11,27.3,60.0
17292_700,Saturday,23,214,51.0,240.0
17329_700,Saturday,23,120,25.5,180.0
17369_700,Saturday,23,37,0.0,0.0
22390_700,Saturday,23,60,-13.0,60.0
17537_700,Saturday,23,33,0.0,0.0
1552_700,Saturday,23,121,0.0,0.0
17538_700,Saturday,23,204,21.2,120.0
17311_700,Saturday,23,234,42.1,300.0
17454_700,Saturday,23,67,46.6,240.0
17370_700,Saturday,23,88,75.0,240.0
17296_700,Saturday,23,50,27.6,120.0
15273_700,Saturday,23,10,0.0,0.0
18920_700,Saturday,23,56,90.0,202.0
22240_109,Saturday,23,14,4.3,60.0
17346_700,Saturday,23,64,-4.7,60.0
17373_700,Saturday,23,117,52.8,240.0
17308_700,Saturday,23,78,-10.0,60.0
24042_100,Saturday,23,47,52.3,780.0
22625_700,Saturday,23,78,87.9,122.0
22804_700,Saturday,23,77,41.4,207.0
5371_700,Saturday,23,16,11.2,60.0
5384_700,Saturday,23,44,11.3,87.0
5249_700,Saturday,23,148,160.5,408.0
1928_700,Saturday,23,12,-85.6,0.0
17330_700,Saturday,23,379,118.7,1020.0
28259_100,Saturday,23,61,78.7,360.0
17334_700,Saturday,23,388,357.2,2940.0
17316_700,Saturday,23,185,2.3,240.0
17297_700,Saturday,23,110,74.7,360.0
17435_700,Saturday,23,48,47.5,240.0
17520_700,Saturday,23,34,10.6,60.0
17341_700,Saturday,23,249,6.3,60.0
17344_700,Saturday,23,37,68.1,240.0
17354_700,Saturday,23,100,7.2,60.0
17361_700,Saturday,23,132,11.8,180.0
17412_700,Saturday,23,29,0.0,0.0
17441_700,Saturday,23,459,127.7,660.0
17447_700,Saturday,23,184,-24.8,180.0
17464_700,Saturday,23,100,40.2,180.0
23154_700,Saturday,23,31,441.3,780.0
17366_700,Saturday,23,82,5.1,60.0
17300_700,Saturday,23,126,75.7,480.0
21619_700,Saturday,23,3,63.3,64.0
17293_700,Saturday,23,42,4.3,120.0
17295_700,Saturday,23,66,47.3,240.0
17304_700,Saturday,23,345,4.0,120.0
5379_700,Saturday,23,33,53.9,174.0
4287_700,Saturday,23,39,60.7,80.0
17398_700,Saturday,23,48,27.5,120.0
17415_700,Saturday,23,18,0.0,0.0
5238_700,Saturday,23,25,118.9,130.0
1945_700,Saturday,23,14,303.6,362.0
17327_700,Saturday,23,44,-8.2,0.0
17406_700,Saturday,23,26,27.7,120.0
17307_700,Saturday,23,38,-12.6,0.0
10144_109,Saturday,23,89,15.5,60.0
20969_700,Saturday,23,6,212.7,304.0
19066_100,Saturday,23,73,20.5,420.0
19156_109,Saturday,23,28,102.9,360.0
19059_100,Saturday,23,27,124.4,360.0
10157_109,Saturday,23,146,20.5,180.0
18937_700,Saturday,23,36,96.5,138.0
17535_700,Saturday,23,32,65.6,420.0
28411_109,Saturday,23,11,5.5,60.0
28412_109,Saturday,23,32,5.6,60.0
17375_700,Saturday,23,11,0.0,0.0
1882_900,Saturday,23,15,-46.2,84.0
17321_700,Saturday,23,62,29.0,120.0
9696_700,Saturday,23,7,-1.9,0.0
18945_700,Saturday,23,19,28.6,67.0
17400_700,Saturday,23,41,32.2,300.0
25219_700,Saturday,23,3,-189.7,34.0
16345_100,Saturday,23,13,9.2,60.0
20369_100,Saturday,23,12,0.0,0.0
18969_100,Saturday,23,4,0.0,0.0
4497_700,Saturday,23,12,126.2,183.0
19705_700,Saturday,23,9,20.0,180.0
18351_700,Saturday,23,11,309.3,418.0
18354_700,Saturday,23,15,47.1,67.0
19058_100,Sunday,0,117,56.4,540.0
1548_700,Sunday,0,102,6.5,208.0
11362_700,Sunday,0,737,0.0,7.0
337_700,Sunday,0,139,-1.2,126.0
16859_700,Sunday,0,220,0.0,0.0
24050_100,Sunday,0,88,-8.9,0.0
1938_700,Sunday,0,28,0.0,0.0
24046_100,Sunday,0,33,-7.3,0.0
5633_900,Sunday,0,83,3.2,124.0
19155_109,Sunday,0,90,4.7,120.0
19066_100,Sunday,0,34,7.1,120.0
1556_900,Sunday,0,78,7.2,198.0
24045_100,Sunday,0,90,-9.3,0.0
5635_900,Sunday,0,124,8.5,215.0
15277_700,Sunday,0,69,21.0,197.0
336_700,Sunday,0,112,-1.4,2.0
10149_109,Sunday,0,104,25.4,180.0
1554_700,Sunday,0,303,0.3,61.0
26784_106,Sunday,0,7,0.0,0.0
1552_700,Sunday,0,192,0.0,0.0
1546_700,Sunday,0,21,0.0,0.0
16915_700,Sunday,0,30,2.0,60.0
10226_109,Sunday,0,174,5.9,240.0
10229_109,Sunday,0,20,114.0,480.0
17518_400,Sunday,0,260,1.8,240.0
17449_700,Sunday,0,258,57.2,420.0
17456_700,Sunday,0,295,18.7,240.0
17521_400,Sunday,0,193,5.6,240.0
17352_900,Sunday,0,52,-19.6,0.0
17523_400,Sunday,0,559,1.9,300.0
17514_400,Sunday,0,313,0.6,120.0
17448_700,Sunday,0,119,76.6,360.0
17374_900,Sunday,0,206,-1.2,60.0
17442_900,Sunday,0,274,3.7,240.0
17525_400,Sunday,0,264,2.0,180.0
17440_900,Sunday,0,550,6.8,360.0
10148_109,Sunday,0,231,3.4,60.0
17444_900,Sunday,0,222,3.5,180.0
17349_700,Sunday,0,35,6.9,120.0
17452_900,Sunday,0,249,-2.4,180.0
17480_700,Sunday,0,14,0.0,0.0
17463_900,Sunday,0,143,-21.4,60.0
17458_700,Sunday,0,130,1.8,120.0
17515_400,Sunday,0,240,2.5,180.0
17526_400,Sunday,0,105,1.1,60.0
17461_700,Sunday,0,136,5.7,240.0
17398_700,Sunday,0,11,60.0,60.0
17512_400,Sunday,0,12,0.0,0.0
13438_900,Sunday,0,54,5.2,88.0
17438_900,Sunday,0,144,-0.0,60.0
10155_109,Sunday,0,62,19.4,120.0
18937_700,Sunday,0,36,208.1,210.0
23945_100,Sunday,0,40,22.5,180.0
22754_700,Sunday,0,104,9.8,180.0
17457_700,Sunday,0,182,-0.3,120.0
17489_700,Sunday,0,189,17.1,120.0
17504_700,Sunday,0,167,4.0,120.0
17418_900,Sunday,0,58,-2.1,0.0
17416_900,Sunday,0,70,1.7,120.0
17482_700,Sunday,0,28,57.9,120.0
21680_700,Sunday,0,89,245.4,660.0
17479_700,Sunday,0,67,0.0,60.0
10141_109,Sunday,0,326,2.9,60.0
18943_700,Sunday,0,71,83.2,107.0
17462_700,Sunday,0,82,43.9,240.0
17474_700,Sunday,0,129,20.0,60.0
28571_109,Sunday,0,4,0.0,0.0
24042_100,Sunday,0,38,6.3,120.0
24053_100,Sunday,0,27,-28.9,60.0
10160_109,Sunday,0,49,4.9,60.0
26786_106,Sunday,0,7,0.0,0.0
10165_109,Sunday,0,33,14.5,60.0
10167_109,Sunday,0,32,3.8,60.0
17495_700,Sunday,0,21,2.9,60.0
17744_700,Sunday,0,7,0.0,0.0
17488_700,Sunday,0,45,4.0,60.0
17497_700,Sunday,0,294,11.0,180.0
17281_700,Sunday,0,78,14.6,60.0
17301_900,Sunday,0,65,8.3,240.0
15276_700,Sunday,0,16,39.7,318.0
17460_900,Sunday,0,231,29.9,300.0
26793_106,Sunday,0,6,0.0,0.0
10170_109,Sunday,0,28,2.1,60.0
17422_900,Sunday,0,58,11.4,240.0
17447_700,Sunday,0,90,1.3,120.0
17453_700,Sunday,0,116,15.5,120.0
23415_700,Sunday,0,217,133.3,540.0
17493_700,Sunday,0,93,15.5,60.0
10223_109,Sunday,0,157,14.9,180.0
17325_700,Sunday,0,62,-3.9,0.0
17366_700,Sunday,0,10,294.0,300.0
26785_106,Sunday,0,13,3.6,47.0
21284_700,Sunday,0,12,0.0,0.0
17491_700,Sunday,0,15,24.0,60.0
17437_700,Sunday,0,31,34.8,120.0
18911_700,Sunday,0,21,56.6,75.0
17485_700,Sunday,0,13,0.0,0.0
17350_700,Sunday,0,82,23.4,360.0
17441_700,Sunday,0,227,8.2,300.0
17505_700,Sunday,0,107,14.0,180.0
17280_700,Sunday,0,54,26.7,120.0
17520_700,Sunday,0,35,3.4,60.0
10143_109,Sunday,0,210,4.3,60.0
17321_700,Sunday,0,15,4.0,60.0
28411_109,Sunday,0,12,75.0,360.0
17484_700,Sunday,0,116,21.2,360.0
17304_700,Sunday,0,49,0.0,0.0
26783_106,Sunday,0,8,0.0,0.0
10157_109,Sunday,0,80,6.8,60.0
5246_700,Sunday,0,3,-65.7,63.0
17316_700,Sunday,0,30,-0.0,60.0
17319_700,Sunday,0,36,0.0,0.0
17327_700,Sunday,0,22,0.0,0.0
17361_700,Sunday,0,28,0.0,0.0
17367_700,Sunday,0,19,0.0,0.0
17445_700,Sunday,0,36,40.0,240.0
17455_700,Sunday,0,225,3.2,180.0
24759_700,Sunday,0,16,-3.7,0.0
17417_900,Sunday,0,84,-11.4,300.0
17419_900,Sunday,0,203,-16.8,60.0
10145_109,Sunday,0,194,2.5,60.0
17420_900,Sunday,0,31,-3.9,0.0
17424_900,Sunday,0,48,6.2,180.0
17459_900,Sunday,0,238,3.8,360.0
17446_900,Sunday,0,69,-1.7,60.0
17451_700,Sunday,0,118,7.1,180.0
17477_700,Sunday,0,148,50.3,180.0
1547_700,Sunday,0,24,12.9,87.0
18931_700,Sunday,0,63,99.6,223.0
17302_700,Sunday,0,54,-115.6,0.0
17490_700,Sunday,0,22,2.7,60.0
17486_700,Sunday,0,34,0.0,0.0
17329_700,Sunday,0,23,13.0,180.0
21681_700,Sunday,0,25,62.4,240.0
17483_700,Sunday,0,25,0.0,0.0
24025_100,Sunday,0,14,25.7,360.0
17306_700,Sunday,0,56,-97.5,60.0
15274_700,Sunday,0,42,12.3,246.0
17507_700,Sunday,0,19,69.5,300.0
17496_700,Sunday,0,102,21.2,240.0
17464_700,Sunday,0,81,0.7,60.0
17500_700,Sunday,0,38,58.4,180.0
17356_700,Sunday,0,31,60.0,60.0
5596_700,Sunday,0,12,29.7,208.0
20359_700,Sunday,0,23,86.1,180.0
17509_700,Sunday,0,7,8.6,60.0
17305_700,Sunday,0,43,60.0,60.0
17540_700,Sunday,0,1,67.0,67.0
22755_700,Sunday,0,31,-1.9,0.0
22674_700,Sunday,0,99,52.7,240.0
17499_700,Sunday,0,10,36.0,60.0
17465_700,Sunday,0,88,46.4,180.0
17481_700,Sunday,0,44,53.2,120.0
17492_700,Sunday,0,104,-0.6,60.0
17503_700,Sunday,0,192,4.7,180.0
17508_700,Sunday,0,43,29.3,180.0
24043_100,Sunday,0,9,-20.0,0.0
19059_100,Sunday,0,14,30.0,180.0
17494_700,Sunday,0,226,19.9,420.0
17541_700,Sunday,0,3,23.7,71.0
22390_700,Sunday,0,12,0.0,0.0
17300_700,Sunday,0,39,180.0,180.0
17450_700,Sunday,0,29,26.9,60.0
17365_700,Sunday,0,1,0.0,0.0
17471_700,Sunday,0,20,57.0,60.0
17476_700,Sunday,0,141,46.0,300.0
26782_700,Sunday,0,37,1.6,60.0
24052_100,Sunday,0,9,26.7,120.0
17310_700,Sunday,0,33,0.0,0.0
12193_700,Sunday,0,3,140.7,208.0
17360_700,Sunday,0,22,27.3,240.0
17364_700,Sunday,0,22,2.7,60.0
17293_700,Sunday,0,13,0.0,0.0
17510_700,Sunday,0,8,30.0,60.0
18920_700,Sunday,0,25,14.4,28.0
17478_700,Sunday,0,13,0.0,0.0
17320_700,Sunday,0,43,14.0,60.0
17454_700,Sunday,0,34,5.3,120.0
26788_106,Sunday,0,7,0.0,0.0
28259_100,Sunday,0,35,154.3,480.0
10162_109,Sunday,0,228,14.2,180.0
20969_700,Sunday,0,6,349.8,350.0
11537_109,Sunday,0,9,40.0,180.0
20369_100,Sunday,0,6,0.0,0.0
13107_700,Sunday,0,2,30.5,61.0
17341_700,Sunday,0,33,60.0,60.0
17487_700,Sunday,0,37,1.6,60.0
17435_700,Sunday,0,30,-0.0,60.0
5249_700,Sunday,0,38,242.9,505.0
17535_700,Sunday,0,7,51.4,60.0
12194_700,Sunday,0,6,153.2,367.0
21619_700,Sunday,0,1,60.0,60.0
7361_700,Sunday,0,20,2.1,65.0
22625_700,Sunday,0,39,82.8,286.0
19705_700,Sunday,0,7,1122.9,1320.0
17303_700,Sunday,0,39,-0.0,60.0
5607_700,Sunday,0,19,35.7,331.0
23416_700,Sunday,0,13,120.0,120.0
24025_100,Sunday,2,377,-14.6,0.0
19063_100,Sunday,2,13,-18.5,0.0
1552_700,Sunday,2,225,3.3,201.0
19155_109,Sunday,2,60,-5.0,0.0
336_700,Sunday,2,45,0.0,0.0
11362_700,Sunday,2,696,46.9,332.0
24050_100,Sunday,2,88,-7.5,0.0
16859_700,Sunday,2,110,2.5,168.0
23945_100,Sunday,2,33,0.0,0.0
24046_100,Sunday,2,30,-8.0,0.0
19058_100,Sunday,2,143,237.9,2640.0
337_700,Sunday,2,85,3.3,124.0
24045_100,Sunday,2,100,36.6,420.0
19066_100,Sunday,2,47,104.7,540.0
22625_700,Sunday,2,158,73.7,339.0
1554_700,Sunday,2,354,19.3,525.0
24049_100,Sunday,2,57,-2.1,0.0
24055_100,Sunday,2,8,-22.5,0.0
19059_100,Sunday,2,26,-4.6,0.0
24052_100,Sunday,2,18,20.0,300.0
24053_100,Sunday,2,24,-12.5,0.0
28258_100,Sunday,2,18,0.0,0.0
17523_400,Sunday,2,400,0.6,60.0
28311_100,Sunday,2,12,10.0,120.0
17456_700,Sunday,2,229,84.6,360.0
17518_400,Sunday,2,208,1.7,180.0
17494_700,Sunday,2,240,18.0,480.0
17463_900,Sunday,2,120,1.0,60.0
17496_700,Sunday,2,139,5.6,240.0
17448_700,Sunday,2,114,46.8,240.0
17440_900,Sunday,2,285,13.1,240.0
17521_400,Sunday,2,188,1.3,60.0
17460_900,Sunday,2,95,1.9,120.0
10155_109,Sunday,2,40,4.5,60.0
28411_109,Sunday,2,9,20.0,60.0
17514_400,Sunday,2,254,25.7,240.0
17451_700,Sunday,2,95,0.0,0.0
17515_400,Sunday,2,192,1.6,60.0
17526_400,Sunday,2,70,0.0,0.0
17438_900,Sunday,2,52,0.0,0.0
17525_400,Sunday,2,168,0.7,60.0
17447_700,Sunday,2,87,16.6,120.0
17452_900,Sunday,2,100,4.2,180.0
17459_900,Sunday,2,108,3.9,180.0
17442_900,Sunday,2,150,3.6,240.0
17441_700,Sunday,2,283,415.5,1980.0
17454_700,Sunday,2,50,4.8,120.0
17455_700,Sunday,2,157,29.0,180.0
17486_700,Sunday,2,34,0.0,0.0
10223_109,Sunday,2,99,7.3,60.0
10226_109,Sunday,2,92,2.6,60.0
17500_700,Sunday,2,28,0.0,0.0
10162_109,Sunday,2,224,12.9,120.0
10170_109,Sunday,2,21,5.7,60.0
17449_700,Sunday,2,225,9.3,300.0
28571_109,Sunday,2,4,0.0,0.0
10145_109,Sunday,2,113,27.6,180.0
17495_700,Sunday,2,39,1.5,60.0
10167_109,Sunday,2,16,22.5,60.0
22754_700,Sunday,2,83,-1.4,60.0
10165_109,Sunday,2,25,9.6,60.0
24057_100,Sunday,2,18,-6.7,0.0
10141_109,Sunday,2,223,2.7,120.0
17488_700,Sunday,2,89,29.7,60.0
17437_700,Sunday,2,21,28.6,60.0
21681_700,Sunday,2,25,36.0,120.0
17444_900,Sunday,2,163,-1.5,60.0
17446_900,Sunday,2,31,1.9,60.0
17477_700,Sunday,2,170,14.1,420.0
17497_700,Sunday,2,372,8.2,180.0
17504_700,Sunday,2,171,66.3,180.0
10143_109,Sunday,2,191,7.9,60.0
17484_700,Sunday,2,118,19.3,300.0
17464_700,Sunday,2,40,0.0,0.0
17503_700,Sunday,2,237,75.7,240.0
10160_109,Sunday,2,50,8.4,60.0
17471_700,Sunday,2,32,0.0,0.0
17481_700,Sunday,2,46,88.7,180.0
17490_700,Sunday,2,30,30.0,180.0
17520_700,Sunday,2,15,16.0,60.0
20359_700,Sunday,2,33,54.5,180.0
17744_700,Sunday,2,13,27.7,180.0
17512_400,Sunday,2,16,0.0,0.0
17461_700,Sunday,2,104,7.5,240.0
17505_700,Sunday,2,80,20.3,60.0
17478_700,Sunday,2,14,38.6,120.0
17493_700,Sunday,2,47,-1.3,120.0
17465_700,Sunday,2,36,26.7,60.0
17450_700,Sunday,2,32,-5.6,0.0
22674_700,Sunday,2,108,11.1,180.0
17510_700,Sunday,2,18,23.3,60.0
17462_700,Sunday,2,80,23.2,120.0
17458_700,Sunday,2,129,7.0,240.0
17482_700,Sunday,2,17,28.2,60.0
17435_700,Sunday,2,13,-0.0,60.0
17474_700,Sunday,2,168,27.1,120.0
17499_700,Sunday,2,14,758.6,3300.0
17485_700,Sunday,2,13,4.6,60.0
17489_700,Sunday,2,275,48.9,480.0
10148_109,Sunday,2,206,33.5,780.0
17487_700,Sunday,2,111,35.1,660.0
17479_700,Sunday,2,100,0.0,60.0
17480_700,Sunday,2,27,28.9,60.0
17501_700,Sunday,2,2,90.0,120.0
17445_700,Sunday,2,36,61.7,180.0
17508_700,Sunday,2,87,31.7,180.0
21680_700,Sunday,2,57,-6.3,0.0
17492_700,Sunday,2,106,-0.6,60.0
17483_700,Sunday,2,48,-1.2,120.0
23415_700,Sunday,2,144,125.8,600.0
17453_700,Sunday,2,82,2.9,120.0
17476_700,Sunday,2,189,71.4,300.0
17457_700,Sunday,2,195,43.1,300.0
26782_700,Sunday,2,62,101.6,180.0
10229_109,Sunday,2,16,7.5,60.0
18931_700,Sunday,2,32,127.0,127.0
17507_700,Sunday,2,21,105.7,120.0
18911_700,Sunday,2,20,191.9,192.0
18937_700,Sunday,2,36,81.9,84.0
12193_700,Sunday,2,24,-8.4,0.0
22755_700,Sunday,2,16,67.5,180.0
23416_700,Sunday,2,44,492.3,960.0
17509_700,Sunday,2,13,0.0,0.0
12194_700,Sunday,2,4,-33.0,67.0
17491_700,Sunday,2,17,56.5,180.0
1548_700,Sunday,7,868,2.7,75.0
17330_700,Sunday,7,142,13.9,180.0
17354_700,Sunday,7,129,6.0,180.0
27292_700,Sunday,7,36,0.0,0.0
24057_100,Sunday,7,38,1299.5,2700.0
5633_900,Sunday,7,631,0.2,76.0
5635_900,Sunday,7,878,3.0,184.0
1558_900,Sunday,7,454,0.0,0.0
1556_900,Sunday,7,633,2.3,87.0
24025_100,Sunday,7,463,-9.3,180.0
24053_100,Sunday,7,125,65.8,840.0
14979_700,Sunday,7,30,46.7,120.0
15274_700,Sunday,7,225,0.0,0.0
18911_700,Sunday,7,21,41.5,95.0
26787_106,Sunday,7,20,0.0,0.0
5372_700,Sunday,7,67,33.4,89.0
1551_700,Sunday,7,142,2.5,213.0
24047_100,Sunday,7,10,-48.0,0.0
17374_900,Sunday,7,322,-0.9,360.0
15959_700,Sunday,7,159,1.5,162.0
19059_100,Sunday,7,51,3.5,180.0
26790_106,Sunday,7,61,0.8,48.0
1549_700,Sunday,7,104,0.0,0.0
20813_100,Sunday,7,14,0.0,0.0
27277_700,Sunday,7,66,0.0,0.0
15273_700,Sunday,7,60,3.4,77.0
27280_700,Sunday,7,39,0.0,0.0
17341_700,Sunday,7,145,16.6,120.0
17456_700,Sunday,7,339,18.6,240.0
17515_400,Sunday,7,288,6.7,120.0
24052_100,Sunday,7,45,18.7,300.0
26784_106,Sunday,7,45,20.4,194.0
1547_700,Sunday,7,230,-4.5,63.0
17523_400,Sunday,7,646,1.3,180.0
7362_900,Sunday,7,275,-0.2,3.0
17526_400,Sunday,7,93,3.9,60.0
17301_900,Sunday,7,141,-1.7,60.0
10148_109,Sunday,7,226,5.6,120.0
15277_700,Sunday,7,322,6.0,123.0
27276_700,Sunday,7,102,0.0,0.0
22726_700,Sunday,7,12,0.0,0.0
1546_700,Sunday,7,453,0.0,0.0
1928_700,Sunday,7,45,0.0,0.0
1870_700,Sunday,7,54,2.8,152.0
10682_700,Sunday,7,119,26.9,123.0
17521_400,Sunday,7,235,27.3,300.0
24049_100,Sunday,7,84,15.0,300.0
24050_100,Sunday,7,115,-2.6,180.0
27275_700,Sunday,7,204,21.8,300.0
26783_106,Sunday,7,75,9.1,104.0
17298_700,Sunday,7,15,0.0,0.0
7361_700,Sunday,7,280,32.6,306.0
23414_700,Sunday,7,73,-17.3,0.0
17360_700,Sunday,7,117,1.5,60.0
17454_700,Sunday,7,54,25.6,120.0
10676_700,Sunday,7,72,1.0,75.0
5596_700,Sunday,7,100,0.0,0.0
24045_100,Sunday,7,154,-1.6,300.0
5607_700,Sunday,7,51,0.0,0.0
25529_700,Sunday,7,16,0.0,0.0
17316_700,Sunday,7,78,25.4,120.0
24046_100,Sunday,7,48,15.0,300.0
10145_109,Sunday,7,195,12.3,120.0
10157_109,Sunday,7,158,1.1,60.0
17331_700,Sunday,7,64,0.0,0.0
24043_100,Sunday,7,42,-27.1,0.0
17442_900,Sunday,7,220,-6.8,120.0
19058_100,Sunday,7,227,-1.3,120.0
17372_700,Sunday,7,69,-2.6,0.0
17437_700,Sunday,7,46,26.1,120.0
10143_109,Sunday,7,214,3.6,180.0
1882_900,Sunday,7,49,27.9,141.0
19155_109,Sunday,7,90,-4.7,0.0
26788_106,Sunday,7,60,3.3,70.0
1971_700,Sunday,7,60,0.0,0.0
17449_700,Sunday,7,223,37.7,240.0
17518_400,Sunday,7,233,8.0,180.0
17424_900,Sunday,7,103,-22.7,120.0
19066_100,Sunday,7,139,3.5,120.0
337_700,Sunday,7,56,1.2,65.0
26785_106,Sunday,7,69,98.2,720.0
17497_700,Sunday,7,150,18.4,180.0
17504_700,Sunday,7,44,2.7,60.0
17440_900,Sunday,7,304,-21.9,60.0
18915_700,Sunday,7,17,56.9,57.0
1871_700,Sunday,7,17,-503.6,127.0
17355_700,Sunday,7,198,4.2,120.0
17368_700,Sunday,7,86,13.3,120.0
28311_100,Sunday,7,61,5.9,120.0
10170_109,Sunday,7,24,2.5,60.0
5353_700,Sunday,7,11,60.0,60.0
20810_700,Sunday,7,24,20.0,120.0
17349_700,Sunday,7,242,-1.5,60.0
17453_700,Sunday,7,151,-3.2,180.0
17292_700,Sunday,7,136,2.2,60.0
13105_700,Sunday,7,29,70.9,191.0
17420_900,Sunday,7,52,6.9,60.0
26786_106,Sunday,7,45,6.7,79.0
20809_100,Sunday,7,16,0.0,0.0
20364_700,Sunday,7,42,33.2,81.0
17516_400,Sunday,7,20,0.0,0.0
28259_100,Sunday,7,105,-1.7,120.0
5370_700,Sunday,7,24,2.5,60.0
17313_700,Sunday,7,14,0.0,0.0
17344_700,Sunday,7,26,0.0,0.0
17419_900,Sunday,7,93,-63.9,0.0
17460_900,Sunday,7,345,40.5,360.0
5378_700,Sunday,7,30,0.0,0.0
19063_100,Sunday,7,13,-18.5,0.0
17446_900,Sunday,7,56,4.3,120.0
17304_700,Sunday,7,158,0.4,60.0
17306_700,Sunday,7,355,19.6,360.0
17365_700,Sunday,7,44,0.0,0.0
17451_700,Sunday,7,113,-1.1,60.0
4456_700,Sunday,7,126,0.8,12.0
17452_900,Sunday,7,197,-4.9,120.0
27300_700,Sunday,7,35,20.6,180.0
23945_100,Sunday,7,102,16.5,300.0
1880_900,Sunday,7,50,0.0,0.0
17447_700,Sunday,7,117,36.4,180.0
22708_700,Sunday,7,24,0.0,0.0
17520_700,Sunday,7,28,17.1,120.0
19062_100,Sunday,7,12,20.0,60.0
17525_400,Sunday,7,240,21.5,180.0
17463_900,Sunday,7,144,-14.2,120.0
26793_106,Sunday,7,6,0.0,0.0
5339_700,Sunday,7,56,50.6,352.0
18374_700,Sunday,7,134,-19.7,60.0
17514_400,Sunday,7,365,-4.3,60.0
17457_700,Sunday,7,176,11.2,60.0
10223_109,Sunday,7,183,2.6,60.0
17448_700,Sunday,7,254,1.7,180.0
17309_700,Sunday,7,82,-18.3,0.0
22691_700,Sunday,7,32,0.0,0.0
17462_700,Sunday,7,241,106.1,1860.0
17471_700,Sunday,7,31,0.0,0.0
24042_100,Sunday,7,75,-4.0,60.0
17494_700,Sunday,7,56,-34.3,0.0
17417_900,Sunday,7,108,0.6,60.0
28411_109,Sunday,7,8,0.0,0.0
17461_700,Sunday,7,185,-13.0,120.0
5379_700,Sunday,7,72,-7.9,60.0
22712_700,Sunday,7,25,0.0,0.0
29140_700,Sunday,7,16,56.1,127.0
18939_700,Sunday,7,35,34.2,63.0
17321_700,Sunday,7,49,36.7,60.0
22754_700,Sunday,7,135,14.7,180.0
17530_700,Sunday,7,34,0.0,0.0
26789_106,Sunday,7,11,0.0,0.0
5352_700,Sunday,7,17,0.0,0.0
10155_109,Sunday,7,65,7.4,120.0
10162_109,Sunday,7,231,6.5,60.0
17348_700,Sunday,7,81,-14.1,0.0
17459_900,Sunday,7,230,23.7,180.0
17364_700,Sunday,7,95,10.1,120.0
24055_100,Sunday,7,16,-15.0,120.0
17438_900,Sunday,7,139,6.9,120.0
17296_700,Sunday,7,41,0.0,0.0
17302_700,Sunday,7,81,-17.0,0.0
7251_700,Sunday,7,4,-14.8,35.0
22804_700,Sunday,7,37,49.6,350.0
15276_700,Sunday,7,122,21.9,163.0
27915_700,Sunday,7,12,0.0,0.0
17346_700,Sunday,7,81,-0.7,0.0
17422_900,Sunday,7,129,-14.9,60.0
20479_700,Sunday,7,12,45.9,66.0
10165_109,Sunday,7,43,2.8,60.0
22240_109,Sunday,7,9,0.0,0.0
4281_700,Sunday,7,17,14.9,28.0
22723_700,Sunday,7,13,0.0,0.0
10141_109,Sunday,7,329,4.0,60.0
16859_700,Sunday,7,21,106.5,203.0
6629_700,Sunday,7,23,77.9,139.0
10149_109,Sunday,7,39,1.5,60.0
10226_109,Sunday,7,169,1.8,60.0
18920_700,Sunday,7,9,69.9,70.0
17339_700,Sunday,7,109,1.1,60.0
17455_700,Sunday,7,190,20.8,180.0
20369_100,Sunday,7,12,35.0,240.0
17281_700,Sunday,7,79,-6.8,60.0
10229_109,Sunday,7,22,0.0,0.0
26791_106,Sunday,7,2,360.5,361.0
18943_700,Sunday,7,37,63.0,63.0
17400_700,Sunday,7,44,-25.9,0.0
17416_900,Sunday,7,91,-5.9,60.0
17303_700,Sunday,7,185,-0.0,60.0
17319_700,Sunday,7,120,1.5,60.0
17334_700,Sunday,7,124,47.9,180.0
17340_700,Sunday,7,122,110.7,180.0
17370_700,Sunday,7,20,51.0,60.0
17409_700,Sunday,7,39,20.0,120.0
17441_700,Sunday,7,401,-11.5,180.0
17465_700,Sunday,7,132,15.0,120.0
17474_700,Sunday,7,121,-45.1,60.0
17484_700,Sunday,7,26,39.2,120.0
17503_700,Sunday,7,96,3.1,60.0
17507_700,Sunday,7,11,70.9,120.0
17444_900,Sunday,7,344,-9.4,120.0
27285_700,Sunday,7,2,0.0,0.0
27288_700,Sunday,7,1,0.0,0.0
17307_700,Sunday,7,36,26.7,180.0
22390_700,Sunday,7,48,12.5,60.0
17293_700,Sunday,7,37,8.1,60.0
16915_700,Sunday,7,88,0.0,0.0
17345_700,Sunday,7,50,-1.2,0.0
17535_700,Sunday,7,28,12.9,60.0
17367_700,Sunday,7,153,5.9,60.0
17464_700,Sunday,7,72,6.7,60.0
17496_700,Sunday,7,35,-46.3,60.0
18923_700,Sunday,7,17,15.8,67.0
17412_700,Sunday,7,44,2.7,120.0
17512_400,Sunday,7,16,3.8,60.0
26781_700,Sunday,7,13,0.0,0.0
17322_700,Sunday,7,20,0.0,0.0
17279_700,Sunday,7,13,9.2,60.0
17352_900,Sunday,7,63,1.0,60.0
5384_700,Sunday,7,94,52.7,151.0
17297_700,Sunday,7,89,39.8,60.0
17356_700,Sunday,7,98,-0.6,0.0
17320_700,Sunday,7,257,-10.5,180.0
17333_700,Sunday,7,33,1.8,60.0
17505_700,Sunday,7,53,-30.6,180.0
22625_700,Sunday,7,78,-18.2,69.0
5345_700,Sunday,7,31,32.2,142.0
17294_700,Sunday,7,69,-31.3,60.0
17305_700,Sunday,7,187,17.0,180.0
17327_700,Sunday,7,20,54.0,120.0
17362_700,Sunday,7,24,37.5,180.0
17347_700,Sunday,7,88,48.4,180.0
18931_700,Sunday,7,63,124.0,204.0
17491_700,Sunday,7,12,20.0,120.0
17486_700,Sunday,7,17,-17.6,60.0
11362_700,Sunday,7,89,35.1,82.0
18969_100,Sunday,7,4,0.0,0.0
17308_700,Sunday,7,14,0.0,0.0
17335_700,Sunday,7,204,20.0,60.0
17328_700,Sunday,7,20,0.0,0.0
17538_700,Sunday,7,60,1.0,60.0
23415_700,Sunday,7,216,-0.3,120.0
16349_100,Sunday,7,5,0.0,0.0
17311_700,Sunday,7,111,82.2,180.0
17508_700,Sunday,7,21,8.6,120.0
28109_700,Sunday,7,7,351.4,420.0
4243_700,Sunday,7,9,20.4,40.0
10167_109,Sunday,7,43,2.8,60.0
28412_109,Sunday,7,21,0.0,0.0
17384_700,Sunday,7,47,8.9,60.0
17445_700,Sunday,7,70,31.7,240.0
17493_700,Sunday,7,23,-2.6,0.0
5239_700,Sunday,7,23,31.8,93.0
20930_700,Sunday,7,15,40.7,89.0
17329_700,Sunday,7,47,1.3,60.0
17450_700,Sunday,7,58,69.3,300.0
17280_700,Sunday,7,84,-24.3,60.0
17312_700,Sunday,7,40,-0.0,60.0
17342_700,Sunday,7,98,50.8,240.0
4245_700,Sunday,7,11,56.3,62.0
17300_700,Sunday,7,29,0.0,0.0
17415_700,Sunday,7,15,60.0,60.0
17381_700,Sunday,7,38,0.0,0.0
17290_700,Sunday,7,264,23.4,180.0
17325_700,Sunday,7,135,-10.7,60.0
17481_700,Sunday,7,23,-28.7,120.0
26782_700,Sunday,7,22,0.0,0.0
28571_109,Sunday,7,4,0.0,0.0
17401_700,Sunday,7,9,0.0,0.0
25354_700,Sunday,7,24,26.0,106.0
17336_700,Sunday,7,34,0.0,0.0
17317_700,Sunday,7,18,0.0,0.0
17343_700,Sunday,7,50,0.0,0.0
1554_700,Sunday,7,51,22.6,189.0
17369_700,Sunday,7,36,665.0,2400.0
13438_900,Sunday,7,40,16.1,77.0
4249_700,Sunday,7,22,58.1,168.0
17495_700,Sunday,7,14,42.9,60.0
17310_700,Sunday,7,58,-4.1,0.0
17373_700,Sunday,7,68,0.0,0.0
1879_900,Sunday,7,2,-16.5,0.0
17489_700,Sunday,7,110,74.7,720.0
10160_109,Sunday,7,36,21.7,60.0
17744_700,Sunday,7,13,0.0,0.0
17318_700,Sunday,7,39,3.1,60.0
17378_700,Sunday,7,53,201.5,300.0
17458_700,Sunday,7,135,17.8,240.0
5249_700,Sunday,7,36,148.2,156.0
17380_700,Sunday,7,32,0.0,0.0
17350_700,Sunday,7,130,30.9,180.0
17482_700,Sunday,7,10,0.0,0.0
17487_700,Sunday,7,74,64.1,120.0
23944_100,Sunday,7,6,0.0,0.0
4287_700,Sunday,7,36,92.3,300.0
17398_700,Sunday,7,24,35.0,60.0
17332_700,Sunday,7,6,0.0,0.0
17379_700,Sunday,7,25,0.0,0.0
17326_700,Sunday,7,67,0.0,0.0
17315_700,Sunday,7,27,-4.4,0.0
16345_100,Sunday,7,39,44.6,360.0
17479_700,Sunday,7,21,40.0,120.0
17359_700,Sunday,7,25,0.0,0.0
19705_700,Sunday,7,17,180.0,420.0
17377_700,Sunday,7,36,0.0,0.0
29169_700,Sunday,7,18,52.5,63.0
5233_700,Sunday,7,30,80.1,173.0
18909_700,Sunday,7,17,22.8,63.0
4242_700,Sunday,7,13,154.2,276.0
17299_700,Sunday,7,27,-2.2,0.0
5371_700,Sunday,7,15,60.0,60.0
21750_700,Sunday,7,27,50.1,114.0
20359_700,Sunday,7,17,56.5,60.0
336_700,Sunday,7,45,21.3,581.0
17314_700,Sunday,7,56,16.1,540.0
17323_700,Sunday,7,8,7.5,60.0
17435_700,Sunday,7,11,5.5,60.0
27296_700,Sunday,7,23,0.0,0.0
27291_700,Sunday,7,28,0.0,0.0
11537_109,Sunday,7,10,0.0,0.0
5332_700,Sunday,7,16,0.0,0.0
17361_700,Sunday,7,27,0.0,0.0
17492_700,Sunday,7,52,-50.8,0.0
22674_700,Sunday,7,81,82.2,360.0
17537_700,Sunday,7,12,35.0,60.0
18926_700,Sunday,7,9,66.9,67.0
1929_700,Sunday,7,46,0.0,0.0
1938_700,Sunday,7,81,0.0,0.0
13106_700,Sunday,7,2,67.0,67.0
4514_700,Sunday,7,28,98.0,195.0
17483_700,Sunday,7,9,6.7,60.0
4503_700,Sunday,7,21,96.4,145.0
5238_700,Sunday,7,31,1022.4,1276.0
16354_700,Sunday,7,15,115.5,136.0
17295_700,Sunday,7,17,56.5,60.0
17363_700,Sunday,7,23,-5.2,0.0
17476_700,Sunday,7,93,-16.8,60.0
17477_700,Sunday,7,87,-15.2,120.0
10673_700,Sunday,7,28,0.0,0.0
10674_700,Sunday,7,34,0.0,0.0
5241_700,Sunday,11,55,1755.8,2948.0
17379_700,Sunday,11,147,2.9,120.0
17452_900,Sunday,11,386,-6.5,60.0
17348_700,Sunday,11,277,-24.3,180.0
17317_700,Sunday,11,87,11.0,120.0
4287_700,Sunday,11,73,28.0,156.0
17304_700,Sunday,11,396,30.5,300.0
17392_700,Sunday,11,24,2.5,60.0
4242_700,Sunday,11,49,81.7,113.0
17535_700,Sunday,11,120,-22.0,60.0
17356_700,Sunday,11,248,2.2,120.0
17365_700,Sunday,11,98,104.1,420.0
17465_700,Sunday,11,569,19.4,420.0
17537_700,Sunday,11,42,61.4,240.0
17437_700,Sunday,11,110,16.4,180.0
17347_700,Sunday,11,308,5.3,240.0
17464_700,Sunday,11,185,10.1,120.0
17449_700,Sunday,11,675,69.6,420.0
23415_700,Sunday,11,596,65.4,840.0
17312_700,Sunday,11,120,6.5,60.0
17402_700,Sunday,11,18,3.3,60.0
17512_400,Sunday,11,117,6.2,60.0
17530_700,Sunday,11,238,-13.4,120.0
17536_700,Sunday,11,136,24.7,120.0
17516_400,Sunday,11,25,0.0,0.0
17327_700,Sunday,11,44,1.4,60.0
17521_400,Sunday,11,234,4.9,60.0
17366_700,Sunday,11,104,-8.1,60.0
17349_700,Sunday,11,360,24.7,240.0
17441_700,Sunday,11,1035,-16.2,120.0
17514_400,Sunday,11,396,3.0,60.0
17420_900,Sunday,11,86,1.4,60.0
17313_700,Sunday,11,70,-8.6,60.0
17342_700,Sunday,11,246,82.0,420.0
17345_700,Sunday,11,68,14.1,60.0
17369_700,Sunday,11,88,40.9,60.0
17538_700,Sunday,11,343,17.8,360.0
17383_700,Sunday,11,43,16.7,60.0
17520_700,Sunday,11,42,-10.0,0.0
17393_700,Sunday,11,51,0.0,0.0
17442_900,Sunday,11,526,2.6,120.0
4249_700,Sunday,11,28,70.0,217.0
17325_700,Sunday,11,204,3.5,60.0
17326_700,Sunday,11,143,6.7,60.0
17332_700,Sunday,11,18,-6.7,60.0
17459_900,Sunday,11,496,-18.6,60.0
17297_700,Sunday,11,274,33.5,180.0
17310_700,Sunday,11,242,31.5,240.0
4223_700,Sunday,11,46,61.6,126.0
4243_700,Sunday,11,13,289.3,525.0
15274_700,Sunday,11,600,5.1,126.0
17343_700,Sunday,11,70,15.4,120.0
17344_700,Sunday,11,39,4.6,60.0
17363_700,Sunday,11,73,90.4,420.0
1549_700,Sunday,11,398,0.9,276.0
21284_700,Sunday,11,108,62.2,480.0
17407_700,Sunday,11,30,20.0,60.0
22754_700,Sunday,11,330,11.6,120.0
17454_700,Sunday,11,144,17.9,120.0
17456_700,Sunday,11,729,60.1,660.0
1551_700,Sunday,11,285,13.0,2230.0
17518_400,Sunday,11,312,3.1,60.0
7362_900,Sunday,11,513,3.8,71.0
24057_100,Sunday,11,75,-8.0,120.0
28311_100,Sunday,11,116,4.7,120.0
17525_400,Sunday,11,217,11.1,180.0
1558_900,Sunday,11,494,3.0,63.0
15276_700,Sunday,11,249,12.6,165.0
24045_100,Sunday,11,157,-12.2,300.0
24025_100,Sunday,11,511,19.5,840.0
24053_100,Sunday,11,130,12.9,300.0
4477_700,Sunday,11,120,1.8,60.0
1929_700,Sunday,11,69,0.0,0.0
1874_700,Sunday,11,23,-11.7,0.0
18937_700,Sunday,11,29,80.1,134.0
10162_109,Sunday,11,262,31.6,480.0
5345_700,Sunday,11,122,1.3,62.0
22712_700,Sunday,11,75,-19.6,17.0
10167_109,Sunday,11,72,5.0,60.0
1546_700,Sunday,11,638,6.2,109.0
18360_700,Sunday,11,84,41.5,226.0
21726_700,Sunday,11,20,37.0,124.0
1547_700,Sunday,11,351,4.9,132.0
343_900,Sunday,11,228,4.2,66.0
18374_700,Sunday,11,298,-35.2,0.0
17339_700,Sunday,11,332,18.4,120.0
17354_700,Sunday,11,167,-2.5,60.0
17361_700,Sunday,11,159,16.6,180.0
17372_700,Sunday,11,129,27.9,180.0
17447_700,Sunday,11,372,9.4,180.0
17448_700,Sunday,11,527,7.7,240.0
15273_700,Sunday,11,260,0.3,60.0
10674_700,Sunday,11,68,27.6,71.0
22390_700,Sunday,11,60,20.0,180.0
5596_700,Sunday,11,100,0.0,0.0
17515_400,Sunday,11,312,-64.6,240.0
5633_900,Sunday,11,644,2.2,69.0
1556_900,Sunday,11,899,7.4,136.0
5635_900,Sunday,11,899,7.3,130.0
27915_700,Sunday,11,54,7.3,79.0
17444_900,Sunday,11,478,-7.8,180.0
19066_100,Sunday,11,151,76.3,360.0
15959_700,Sunday,11,159,22.7,213.0
10671_700,Sunday,11,72,0.0,0.0
16915_700,Sunday,11,88,0.0,0.0
15277_700,Sunday,11,532,10.9,250.0
27285_700,Sunday,11,12,0.0,0.0
5353_700,Sunday,11,21,31.4,60.0
20809_100,Sunday,11,24,0.0,0.0
5384_700,Sunday,11,83,89.0,360.0
28412_109,Sunday,11,40,10.5,120.0
340_900,Sunday,11,249,6.4,73.0
10141_109,Sunday,11,380,9.9,120.0
17335_700,Sunday,11,328,6.6,120.0
17350_700,Sunday,11,442,173.6,2400.0
17367_700,Sunday,11,195,39.7,360.0
17375_700,Sunday,11,24,47.5,120.0
7361_700,Sunday,11,455,16.0,217.0
17457_700,Sunday,11,475,-1.9,300.0
11364_700,Sunday,11,338,7.7,256.0
10142_109,Sunday,11,236,36.4,240.0
24050_100,Sunday,11,110,-8.7,60.0
17424_900,Sunday,11,348,15.9,120.0
19059_100,Sunday,11,42,17.1,240.0
26793_106,Sunday,11,18,0.0,0.0
26788_106,Sunday,11,60,19.3,120.0
22703_700,Sunday,11,25,0.0,0.0
5368_700,Sunday,11,63,16.9,167.0
5379_700,Sunday,11,138,-4.7,75.0
17398_700,Sunday,11,25,0.0,0.0
17294_700,Sunday,11,168,-17.1,0.0
17298_700,Sunday,11,30,0.0,0.0
1945_700,Sunday,11,70,12.8,64.0
1925_700,Sunday,11,68,0.0,0.0
17306_700,Sunday,11,712,12.3,300.0
17333_700,Sunday,11,132,1.8,60.0
17353_700,Sunday,11,72,80.0,300.0
1880_900,Sunday,11,3,-42.3,0.0
4456_700,Sunday,11,126,-0.5,65.0
17391_700,Sunday,11,19,0.0,0.0
24055_100,Sunday,11,16,18.8,180.0
17301_900,Sunday,11,156,26.2,180.0
17440_900,Sunday,11,570,13.3,300.0
26785_106,Sunday,11,84,31.8,300.0
18939_700,Sunday,11,72,60.7,156.0
22804_700,Sunday,11,200,6.1,207.0
5365_700,Sunday,11,36,52.1,123.0
18354_700,Sunday,11,36,9.8,73.0
17401_700,Sunday,11,12,0.0,0.0
17523_400,Sunday,11,640,42.1,360.0
27934_700,Sunday,11,20,0.0,0.0
17526_400,Sunday,11,214,11.2,60.0
18949_109,Sunday,11,32,5.6,120.0
1938_700,Sunday,11,122,0.0,0.0
10155_109,Sunday,11,62,8.7,60.0
10229_109,Sunday,11,24,5.0,60.0
10158_109,Sunday,11,190,65.7,540.0
26784_106,Sunday,11,36,0.0,0.0
22708_700,Sunday,11,72,-25.5,47.0
5372_700,Sunday,11,67,24.4,166.0
22723_700,Sunday,11,26,0.0,0.0
4495_700,Sunday,11,20,52.8,76.0
17289_700,Sunday,11,288,366.9,2580.0
17307_700,Sunday,11,22,43.6,300.0
18352_700,Sunday,11,10,0.0,0.0
13105_700,Sunday,11,33,104.8,126.0
17368_700,Sunday,11,195,31.4,300.0
17387_700,Sunday,11,52,-10.4,60.0
17445_700,Sunday,11,180,-5.0,60.0
17461_700,Sunday,11,420,-9.7,180.0
17531_700,Sunday,11,56,-37.5,0.0
24049_100,Sunday,11,108,3.3,60.0
17374_900,Sunday,11,336,16.3,240.0
10223_109,Sunday,11,200,8.7,120.0
17463_900,Sunday,11,200,-6.6,60.0
10226_109,Sunday,11,200,9.3,120.0
21947_700,Sunday,11,74,14.5,136.0
22702_700,Sunday,11,53,0.0,0.0
25529_700,Sunday,11,16,0.0,0.0
10166_109,Sunday,11,33,3.6,60.0
5376_700,Sunday,11,42,43.3,126.0
17303_700,Sunday,11,299,-19.7,60.0
13106_700,Sunday,11,20,55.5,143.0
14979_700,Sunday,11,15,43.0,43.0
1924_700,Sunday,11,66,-6.7,0.0
23414_700,Sunday,11,61,65.9,180.0
17329_700,Sunday,11,96,18.1,120.0
17360_700,Sunday,11,273,184.8,900.0
17458_700,Sunday,11,443,171.6,1380.0
17527_700,Sunday,11,12,50.0,120.0
10145_109,Sunday,11,188,18.2,120.0
19058_100,Sunday,11,222,15.7,600.0
10149_109,Sunday,11,300,28.2,360.0
17355_700,Sunday,11,198,20.9,300.0
10165_109,Sunday,11,36,6.7,60.0
22240_109,Sunday,11,15,0.0,0.0
17290_700,Sunday,11,388,52.4,300.0
27280_700,Sunday,11,70,6.0,180.0
17314_700,Sunday,11,174,23.8,120.0
17450_700,Sunday,11,124,8.7,60.0
17532_700,Sunday,11,160,43.9,480.0
24046_100,Sunday,11,56,-7.5,120.0
24042_100,Sunday,11,57,7.4,180.0
10143_109,Sunday,11,280,35.8,240.0
17416_900,Sunday,11,69,24.3,60.0
1882_900,Sunday,11,21,-14.5,145.0
17418_900,Sunday,11,76,3.2,120.0
27300_700,Sunday,11,60,63.0,240.0
11537_109,Sunday,11,40,6.0,60.0
10157_109,Sunday,11,326,41.8,360.0
26790_106,Sunday,11,66,3.3,97.0
18913_700,Sunday,11,82,49.3,131.0
26786_106,Sunday,11,30,0.0,0.0
26787_106,Sunday,11,15,0.0,0.0
18923_700,Sunday,11,16,7.9,63.0
5332_700,Sunday,11,39,51.6,118.0
5364_700,Sunday,11,56,26.8,60.0
17300_700,Sunday,11,126,60.0,300.0
1971_700,Sunday,11,60,-0.3,63.0
17340_700,Sunday,11,199,9.9,240.0
1548_700,Sunday,11,1036,8.3,149.0
27292_700,Sunday,11,39,0.0,0.0
17744_700,Sunday,11,31,1.9,60.0
17352_900,Sunday,11,105,2.3,60.0
10148_109,Sunday,11,300,47.0,540.0
5339_700,Sunday,11,82,65.2,339.0
5354_700,Sunday,11,13,13.8,60.0
20364_700,Sunday,11,21,94.1,132.0
17330_700,Sunday,11,352,27.3,240.0
17334_700,Sunday,11,299,59.4,600.0
17346_700,Sunday,11,102,-25.3,0.0
17378_700,Sunday,11,174,39.0,120.0
17455_700,Sunday,11,560,56.0,300.0
17417_900,Sunday,11,204,17.6,120.0
18950_109,Sunday,11,15,108.0,420.0
27291_700,Sunday,11,29,0.0,0.0
1955_700,Sunday,11,261,11.3,70.0
17331_700,Sunday,11,66,14.5,180.0
18884_700,Sunday,11,17,64.9,65.0
26783_106,Sunday,11,90,3.5,76.0
18931_700,Sunday,11,61,105.3,284.0
17359_700,Sunday,11,84,48.6,180.0
20813_100,Sunday,11,20,0.0,0.0
27277_700,Sunday,11,105,0.0,0.0
1923_700,Sunday,11,135,9.9,53.0
17322_700,Sunday,11,76,144.5,480.0
17341_700,Sunday,11,291,52.0,240.0
17435_700,Sunday,11,48,8.7,120.0
19063_100,Sunday,11,26,-13.8,60.0
17422_900,Sunday,11,186,-6.8,60.0
19155_109,Sunday,11,90,8.7,120.0
17460_900,Sunday,11,811,-12.9,120.0
18888_700,Sunday,11,29,61.0,80.0
16345_100,Sunday,11,33,10.9,120.0
5369_700,Sunday,11,69,0.0,0.0
5370_700,Sunday,11,24,2.5,60.0
17292_700,Sunday,11,216,51.1,240.0
29169_700,Sunday,11,60,33.1,320.0
17319_700,Sunday,11,216,138.6,360.0
18911_700,Sunday,11,75,17.7,67.0
17421_900,Sunday,11,54,3.3,60.0
17318_700,Sunday,11,88,15.0,180.0
17462_700,Sunday,11,342,0.2,300.0
17323_700,Sunday,11,24,0.0,0.0
24052_100,Sunday,11,45,17.3,300.0
24043_100,Sunday,11,42,4.3,240.0
5377_700,Sunday,11,11,27.3,60.0
5378_700,Sunday,11,67,0.0,0.0
28411_109,Sunday,11,12,5.0,60.0
1928_700,Sunday,11,67,0.0,0.0
1921_700,Sunday,11,84,0.0,0.0
21725_700,Sunday,11,94,0.0,0.0
17316_700,Sunday,11,186,17.7,120.0
17279_700,Sunday,11,11,0.0,0.0
28572_109,Sunday,11,9,20.0,120.0
1870_700,Sunday,11,15,30.6,180.0
28571_109,Sunday,11,6,20.0,60.0
16009_700,Sunday,11,13,27.7,60.0
17302_700,Sunday,11,280,17.6,180.0
18344_700,Sunday,11,78,1.5,62.0
17380_700,Sunday,11,34,0.0,0.0
17412_700,Sunday,11,56,33.2,120.0
17451_700,Sunday,11,157,4.6,60.0
27296_700,Sunday,11,31,0.0,0.0
16354_700,Sunday,11,44,71.0,151.0
27275_700,Sunday,11,204,5.0,300.0
17311_700,Sunday,11,273,18.2,240.0
17377_700,Sunday,11,78,14.6,120.0
17406_700,Sunday,11,13,0.0,0.0
10144_109,Sunday,11,168,19.6,180.0
17385_700,Sunday,11,36,53.3,120.0
26791_106,Sunday,11,8,0.0,0.0
1871_700,Sunday,11,10,-194.2,-1.0
20369_100,Sunday,11,12,0.0,0.0
5350_700,Sunday,11,65,10.2,106.0
27276_700,Sunday,11,115,0.0,0.0
17409_700,Sunday,11,56,10.7,60.0
17413_700,Sunday,11,11,0.0,0.0
17438_900,Sunday,11,166,9.0,180.0
28805_700,Sunday,11,15,106.9,127.0
18898_700,Sunday,11,67,128.4,217.0
18900_700,Sunday,11,27,30.2,130.0
20810_700,Sunday,11,18,3.3,60.0
17321_700,Sunday,11,66,22.7,60.0
13113_700,Sunday,11,36,88.4,140.0
17384_700,Sunday,11,42,-2.9,0.0
17381_700,Sunday,11,100,18.0,180.0
10673_700,Sunday,11,28,2830.0,2980.0
23945_100,Sunday,11,96,8.8,240.0
22726_700,Sunday,11,25,0.0,0.0
29140_700,Sunday,11,32,73.8,339.0
17281_700,Sunday,11,70,23.1,180.0
28712_700,Sunday,11,17,0.0,0.0
22691_700,Sunday,11,96,8.4,149.0
1930_700,Sunday,11,156,41.0,258.0
17362_700,Sunday,11,128,24.4,120.0
17453_700,Sunday,11,366,83.4,780.0
10676_700,Sunday,11,49,69.2,319.0
25489_700,Sunday,11,9,2.9,76.0
27959_700,Sunday,11,26,10.6,131.0
28259_100,Sunday,11,124,18.9,240.0
10163_109,Sunday,11,287,32.8,180.0
5371_700,Sunday,11,46,27.2,129.0
27289_700,Sunday,11,25,103.2,120.0
17403_700,Sunday,11,5,0.0,0.0
17446_900,Sunday,11,92,1.3,120.0
5362_700,Sunday,11,33,0.0,0.0
18945_700,Sunday,11,41,31.4,105.0
29150_700,Sunday,11,22,93.0,261.0
18909_700,Sunday,11,66,61.0,130.0
18926_700,Sunday,11,15,31.5,77.0
22609_700,Sunday,11,120,20.6,227.0
17328_700,Sunday,11,80,-14.2,120.0
13136_700,Sunday,11,24,64.0,64.0
5352_700,Sunday,11,26,16.2,60.0
17295_700,Sunday,11,57,68.4,300.0
26789_106,Sunday,11,8,0.0,0.0
19065_100,Sunday,11,6,0.0,0.0
21205_700,Sunday,11,21,91.3,118.0
17370_700,Sunday,11,88,-13.6,0.0
17529_700,Sunday,11,151,41.3,240.0
10170_109,Sunday,11,32,-3.8,60.0
17308_700,Sunday,11,86,-18.8,60.0
17296_700,Sunday,11,75,91.2,240.0
17364_700,Sunday,11,144,17.9,180.0
17309_700,Sunday,11,110,-2.7,60.0
17419_900,Sunday,11,72,-11.7,60.0
19705_700,Sunday,11,45,34.7,360.0
18897_700,Sunday,11,24,61.6,147.0
6620_700,Sunday,11,20,63.0,63.0
17305_700,Sunday,11,396,-3.0,360.0
17320_700,Sunday,11,301,-15.9,60.0
17357_700,Sunday,11,30,716.0,1140.0
17373_700,Sunday,11,150,-3.2,120.0
4514_700,Sunday,11,28,80.6,192.0
17299_700,Sunday,11,118,61.5,180.0
18920_700,Sunday,11,54,103.4,156.0
17315_700,Sunday,11,147,5.3,120.0
1872_700,Sunday,11,31,8.5,10.0
22451_700,Sunday,11,7,65.9,66.0
17336_700,Sunday,11,34,7.1,60.0
5366_700,Sunday,11,12,0.0,0.0
18341_700,Sunday,11,15,-4.1,19.0
10682_700,Sunday,11,114,63.7,276.0
23154_700,Sunday,11,16,45.0,60.0
17415_700,Sunday,11,17,0.0,0.0
17533_700,Sunday,11,102,305.9,780.0
17293_700,Sunday,11,26,156.9,360.0
26781_700,Sunday,11,13,18.5,60.0
5344_700,Sunday,11,10,0.0,0.0
18889_700,Sunday,11,9,62.9,63.0
27288_700,Sunday,11,27,0.0,0.0
28806_700,Sunday,11,33,63.0,63.0
15624_700,Sunday,11,14,262.7,324.0
17414_700,Sunday,11,80,21.8,120.0
17376_700,Sunday,11,54,10.0,120.0
28109_700,Sunday,11,7,0.0,0.0
19062_100,Sunday,11,12,5.0,60.0
18899_700,Sunday,11,28,79.4,209.0
18365_700,Sunday,11,2,17.0,34.0
17400_700,Sunday,11,44,6.8,60.0
18921_700,Sunday,11,19,15.5,74.0
17280_700,Sunday,11,87,120.0,300.0
18906_700,Sunday,11,20,82.8,197.0
13110_700,Sunday,11,63,196.7,298.0
19019_700,Sunday,11,22,-46.4,0.0
24759_700,Sunday,11,41,29.7,83.0
27952_700,Sunday,11,87,38.7,103.0
20930_700,Sunday,11,35,42.3,90.0
27569_700,Sunday,11,5,0.0,0.0
20812_100,Sunday,11,9,453.3,540.0
19244_700,Sunday,11,1,0.0,0.0
4222_700,Sunday,11,13,36.8,37.0
4238_700,Sunday,11,16,75.1,79.0
21750_700,Sunday,11,32,252.4,276.0
20879_700,Sunday,11,34,845.1,945.0
24715_700,Sunday,11,2,40.0,61.0
19127_700,Sunday,11,37,70.2,96.0
19128_700,Sunday,11,38,42.2,66.0
23534_700,Sunday,11,7,26.7,64.0
5233_700,Sunday,11,30,78.7,189.0
5246_700,Sunday,11,7,41.7,96.0
5239_700,Sunday,11,31,85.4,87.0
5237_700,Sunday,11,19,67.8,192.0
5249_700,Sunday,11,75,114.3,241.0
25354_700,Sunday,11,25,580.2,836.0
5236_700,Sunday,11,32,62.5,102.0
5238_700,Sunday,11,25,165.4,179.0
4253_700,Sunday,11,4,29.8,30.0
5243_3,Sunday,11,32,47.8,131.0
5252_3,Sunday,11,24,111.8,115.0
19124_700,Sunday,11,10,35.7,66.0
4245_700,Sunday,11,2,-18.0,-5.0
20479_700,Sunday,11,7,137.4,214.0
4281_700,Sunday,11,61,142.1,333.0
4259_700,Sunday,11,27,146.3,154.0
18361_700,Sunday,11,17,54.6,87.0
13133_700,Sunday,11,36,182.4,199.0
6629_700,Sunday,11,25,212.1,294.0
23944_100,Sunday,11,6,-10.0,60.0
18932_700,Sunday,11,5,73.8,74.0
18969_100,Sunday,11,4,0.0,0.0
29220_700,Sunday,11,30,0.0,0.0
29147_700,Sunday,11,5,71.0,71.0
6618_700,Sunday,11,25,635.0,635.0
5256_3,Sunday,11,28,229.0,244.0
18933_700,Sunday,11,24,135.0,135.0
4239_700,Sunday,11,26,88.0,88.0
5268_700,Sunday,11,1,-94.0,-94.0
1547_700,Sunday,15,270,0.0,0.0
1549_700,Sunday,15,435,0.4,106.0
5596_700,Sunday,15,112,0.7,75.0
28311_100,Sunday,15,88,5.5,120.0
5633_900,Sunday,15,644,1.2,138.0
5635_900,Sunday,15,858,1.5,162.0
24025_100,Sunday,15,362,48.9,960.0
24053_100,Sunday,15,144,-7.5,120.0
1546_700,Sunday,15,638,0.9,196.0
1548_700,Sunday,15,1003,1.4,134.0
7362_900,Sunday,15,513,0.2,70.0
16915_700,Sunday,15,98,4.0,157.0
15276_700,Sunday,15,233,0.6,139.0
15273_700,Sunday,15,260,1.2,128.0
15277_700,Sunday,15,560,3.3,243.0
18344_700,Sunday,15,139,7.8,120.0
18352_700,Sunday,15,10,0.0,0.0
18354_700,Sunday,15,24,0.2,5.0
24049_100,Sunday,15,72,17.5,240.0
24050_100,Sunday,15,77,-4.7,60.0
7361_700,Sunday,15,475,0.2,66.0
15274_700,Sunday,15,574,2.5,271.0
24043_100,Sunday,15,63,-22.9,0.0
27915_700,Sunday,15,48,-31.7,0.0
10141_109,Sunday,15,394,22.4,240.0
24046_100,Sunday,15,48,2.5,120.0
1558_900,Sunday,15,494,3.8,372.0
19059_100,Sunday,15,42,48.6,360.0
4456_700,Sunday,15,126,-0.5,7.0
1556_900,Sunday,15,899,0.6,123.0
19058_100,Sunday,15,178,4.0,240.0
11364_700,Sunday,15,325,2.5,148.0
19155_109,Sunday,15,119,65.5,480.0
18360_700,Sunday,15,73,10.5,171.0
15959_700,Sunday,15,159,14.5,219.0
22703_700,Sunday,15,51,0.0,0.0
19066_100,Sunday,15,176,159.5,1020.0
18341_700,Sunday,15,30,0.0,0.0
24045_100,Sunday,15,136,-3.5,180.0
21725_700,Sunday,15,94,1.7,140.0
1551_700,Sunday,15,276,2.7,138.0
26783_106,Sunday,15,90,0.0,0.0
28109_700,Sunday,15,13,96.9,180.0
26791_106,Sunday,15,12,0.0,0.0
21947_700,Sunday,15,66,-1.1,0.0
26785_106,Sunday,15,86,0.2,15.0
27276_700,Sunday,15,110,0.0,0.0
343_900,Sunday,15,246,-4.6,10.0
27275_700,Sunday,15,169,15.6,120.0
20809_100,Sunday,15,16,0.0,0.0
27277_700,Sunday,15,54,0.0,0.0
27300_700,Sunday,15,86,2.8,60.0
340_900,Sunday,15,225,0.6,207.0
18889_700,Sunday,15,9,888.8,1000.0
5332_700,Sunday,15,24,27.5,60.0
27280_700,Sunday,15,23,373.0,540.0
26790_106,Sunday,15,66,0.7,23.0
27292_700,Sunday,15,16,0.0,0.0
26789_106,Sunday,15,8,0.0,0.0
22723_700,Sunday,15,39,0.0,0.0
22691_700,Sunday,15,137,22.8,123.0
24057_100,Sunday,15,84,11.4,180.0
26784_106,Sunday,15,36,0.0,0.0
26788_106,Sunday,15,60,0.4,27.0
22712_700,Sunday,15,75,0.0,0.0
5371_700,Sunday,15,31,10.3,60.0
5365_700,Sunday,15,74,21.1,60.0
26793_106,Sunday,15,18,0.0,0.0
5376_700,Sunday,15,28,2.4,6.0
22726_700,Sunday,15,25,0.0,0.0
22708_700,Sunday,15,72,0.0,0.0
5345_700,Sunday,15,98,12.3,60.0
5350_700,Sunday,15,65,9.9,158.0
20813_100,Sunday,15,20,0.0,0.0
5352_700,Sunday,15,26,16.2,60.0
5362_700,Sunday,15,17,0.0,0.0
5377_700,Sunday,15,11,8.4,34.0
17456_700,Sunday,15,720,15.2,420.0
27291_700,Sunday,15,28,0.0,0.0
5353_700,Sunday,15,41,5.2,68.0
5372_700,Sunday,15,35,-7.5,60.0
5370_700,Sunday,15,26,5.3,96.0
22702_700,Sunday,15,28,0.0,0.0
16009_700,Sunday,15,6,60.0,60.0
20810_700,Sunday,15,24,0.0,0.0
17448_700,Sunday,15,551,20.4,240.0
17518_400,Sunday,15,543,1.4,120.0
27285_700,Sunday,15,33,1.8,60.0
22453_700,Sunday,15,1,0.0,0.0
26786_106,Sunday,15,44,0.0,0.0
17453_700,Sunday,15,483,32.4,480.0
24055_100,Sunday,15,48,27.5,480.0
10145_109,Sunday,15,168,10.4,120.0
10148_109,Sunday,15,262,6.0,60.0
10157_109,Sunday,15,348,13.1,180.0
17514_400,Sunday,15,677,0.4,60.0
27296_700,Sunday,15,30,0.0,0.0
17525_400,Sunday,15,464,0.6,120.0
17521_400,Sunday,15,494,1.8,240.0
17298_700,Sunday,15,45,0.0,0.0
17463_900,Sunday,15,200,0.6,60.0
17523_400,Sunday,15,1280,2.0,360.0
10158_109,Sunday,15,181,10.9,60.0
5366_700,Sunday,15,13,0.0,0.0
29169_700,Sunday,15,22,55.9,63.0
27952_700,Sunday,15,131,11.7,377.0
10143_109,Sunday,15,272,43.0,300.0
22804_700,Sunday,15,85,106.4,508.0
10163_109,Sunday,15,280,27.0,300.0
6620_700,Sunday,15,26,31.5,70.0
1882_900,Sunday,15,6,64.0,143.0
17378_700,Sunday,15,174,1.0,120.0
17515_400,Sunday,15,312,0.2,60.0
17374_900,Sunday,15,336,6.8,480.0
17444_900,Sunday,15,519,9.8,660.0
17459_900,Sunday,15,524,2.6,240.0
18920_700,Sunday,15,28,38.8,68.0
17360_700,Sunday,15,149,281.1,960.0
17420_900,Sunday,15,85,0.0,0.0
17333_700,Sunday,15,131,2.7,180.0
17422_900,Sunday,15,186,1.0,60.0
10224_109,Sunday,15,63,0.0,0.0
10144_109,Sunday,15,170,19.1,180.0
5354_700,Sunday,15,13,13.8,60.0
17438_900,Sunday,15,166,1.1,120.0
10149_109,Sunday,15,291,15.3,180.0
17440_900,Sunday,15,568,4.3,360.0
17446_900,Sunday,15,77,3.1,120.0
18370_700,Sunday,15,68,-22.6,101.0
18365_700,Sunday,15,3,0.0,0.0
17326_700,Sunday,15,165,2.2,120.0
17532_700,Sunday,15,127,7.1,240.0
17526_400,Sunday,15,315,0.4,60.0
17339_700,Sunday,15,464,4.4,240.0
17416_900,Sunday,15,352,0.7,120.0
17352_900,Sunday,15,105,2.9,120.0
17455_700,Sunday,15,597,12.4,180.0
17512_400,Sunday,15,117,1.0,60.0
17294_700,Sunday,15,166,-0.4,60.0
10223_109,Sunday,15,193,6.2,120.0
26787_106,Sunday,15,20,0.0,0.0
17384_700,Sunday,15,42,0.0,0.0
17442_900,Sunday,15,562,3.7,240.0
17369_700,Sunday,15,130,15.7,300.0
10162_109,Sunday,15,281,19.2,180.0
17348_700,Sunday,15,329,-2.6,120.0
17318_700,Sunday,15,129,134.9,960.0
17349_700,Sunday,15,358,4.9,180.0
17464_700,Sunday,15,176,2.0,60.0
1874_700,Sunday,15,1,0.0,0.0
1872_700,Sunday,15,13,14.1,528.0
17346_700,Sunday,15,101,-1.8,120.0
24052_100,Sunday,15,36,38.3,240.0
17361_700,Sunday,15,157,4.2,300.0
20969_700,Sunday,15,28,431.8,2307.0
17345_700,Sunday,15,85,7.8,120.0
23945_100,Sunday,15,108,167.8,1260.0
17460_900,Sunday,15,805,0.8,300.0
17452_900,Sunday,15,388,-0.2,300.0
17363_700,Sunday,15,93,87.1,240.0
19062_100,Sunday,15,11,5.5,60.0
10227_109,Sunday,15,63,1.9,60.0
4259_700,Sunday,15,29,62.8,134.0
17441_700,Sunday,15,1029,5.6,420.0
5238_700,Sunday,15,39,96.4,140.0
17314_700,Sunday,15,174,5.9,180.0
17315_700,Sunday,15,145,25.7,180.0
5369_700,Sunday,15,69,11.1,65.0
22754_700,Sunday,15,303,3.4,180.0
17462_700,Sunday,15,337,3.6,240.0
17308_700,Sunday,15,94,3.2,60.0
10226_109,Sunday,15,193,7.5,60.0
18913_700,Sunday,15,82,68.2,152.0
10165_109,Sunday,15,32,15.0,60.0
17325_700,Sunday,15,198,33.6,420.0
17350_700,Sunday,15,343,29.2,180.0
17535_700,Sunday,15,119,10.6,180.0
19065_100,Sunday,15,10,0.0,0.0
17334_700,Sunday,15,297,0.2,120.0
17449_700,Sunday,15,712,54.8,540.0
17342_700,Sunday,15,390,17.5,240.0
28571_109,Sunday,15,4,30.0,60.0
17516_400,Sunday,15,25,0.0,0.0
18949_109,Sunday,15,29,10.3,60.0
10155_109,Sunday,15,58,14.5,180.0
5339_700,Sunday,15,84,-6.5,61.0
25529_700,Sunday,15,2,0.0,0.0
10166_109,Sunday,15,32,13.1,60.0
19705_700,Sunday,15,33,158.2,780.0
10167_109,Sunday,15,66,9.1,120.0
17306_700,Sunday,15,540,-11.8,120.0
17303_700,Sunday,15,302,45.7,360.0
17457_700,Sunday,15,467,38.3,420.0
17465_700,Sunday,15,561,25.1,480.0
17356_700,Sunday,15,261,0.5,180.0
10142_109,Sunday,15,228,22.4,180.0
17372_700,Sunday,15,247,-0.7,60.0
17329_700,Sunday,15,93,49.0,180.0
27288_700,Sunday,15,26,0.0,0.0
17418_900,Sunday,15,76,-97.9,120.0
17451_700,Sunday,15,307,10.9,120.0
10170_109,Sunday,15,28,6.4,60.0
17353_700,Sunday,15,139,9.5,120.0
24047_100,Sunday,15,20,-12.0,120.0
17305_700,Sunday,15,346,19.6,120.0
17357_700,Sunday,15,15,0.0,0.0
23414_700,Sunday,15,92,156.5,900.0
20930_700,Sunday,15,36,47.5,96.0
17373_700,Sunday,15,146,14.4,180.0
17461_700,Sunday,15,407,4.6,120.0
22609_700,Sunday,15,79,237.4,480.0
22240_109,Sunday,15,12,10.0,60.0
17289_700,Sunday,15,196,74.7,600.0
17421_900,Sunday,15,54,0.0,0.0
17327_700,Sunday,15,33,1.8,60.0
17458_700,Sunday,15,331,1.8,120.0
17538_700,Sunday,15,309,7.0,240.0
17290_700,Sunday,15,382,4.2,60.0
17412_700,Sunday,15,26,2.3,60.0
17435_700,Sunday,15,56,69.6,240.0
22451_700,Sunday,15,8,93.4,124.0
18931_700,Sunday,15,63,122.6,214.0
5379_700,Sunday,15,69,154.0,484.0
17297_700,Sunday,15,231,9.9,120.0
22390_700,Sunday,15,72,17.5,240.0
17355_700,Sunday,15,222,61.4,420.0
17454_700,Sunday,15,126,21.4,240.0
17424_900,Sunday,15,348,10.2,480.0
15624_700,Sunday,15,4,43.8,112.0
17520_700,Sunday,15,131,-10.5,120.0
18929_700,Sunday,15,29,28.9,78.0
28411_109,Sunday,15,10,6.0,60.0
17317_700,Sunday,15,103,37.9,360.0
17375_700,Sunday,15,24,-552.5,0.0
4221_700,Sunday,15,46,25.2,67.0
27959_700,Sunday,15,52,82.0,162.0
17393_700,Sunday,15,66,30.9,360.0
18923_700,Sunday,15,17,67.9,68.0
17414_700,Sunday,15,68,115.6,420.0
17341_700,Sunday,15,310,13.2,180.0
17292_700,Sunday,15,248,59.5,720.0
13107_700,Sunday,15,4,94.2,219.0
17320_700,Sunday,15,299,-0.8,120.0
17340_700,Sunday,15,114,50.5,300.0
17347_700,Sunday,15,434,9.3,360.0
17445_700,Sunday,15,177,20.3,180.0
17536_700,Sunday,15,154,2.3,120.0
17332_700,Sunday,15,17,0.0,0.0
13105_700,Sunday,15,4,15.0,60.0
28572_109,Sunday,15,6,10.0,60.0
17398_700,Sunday,15,41,77.6,240.0
17311_700,Sunday,15,192,0.9,240.0
17409_700,Sunday,15,54,1.1,60.0
17450_700,Sunday,15,124,1.9,60.0
17413_700,Sunday,15,11,0.0,0.0
17279_700,Sunday,15,11,0.0,0.0
23415_700,Sunday,15,590,95.8,840.0
17527_700,Sunday,15,8,45.0,120.0
17531_700,Sunday,15,52,-27.7,60.0
4238_700,Sunday,15,21,45.0,207.0
18897_700,Sunday,15,24,90.7,139.0
13110_700,Sunday,15,5,1.6,8.0
18374_700,Sunday,15,270,20.4,120.0
17335_700,Sunday,15,298,-3.2,180.0
17354_700,Sunday,15,145,-3.7,120.0
17437_700,Sunday,15,106,13.6,180.0
17301_900,Sunday,15,156,4.6,180.0
28412_109,Sunday,15,36,18.3,60.0
4281_700,Sunday,15,38,38.4,89.0
17302_700,Sunday,15,318,31.3,240.0
17328_700,Sunday,15,79,10.6,600.0
17381_700,Sunday,15,99,0.6,60.0
17385_700,Sunday,15,46,118.7,480.0
17309_700,Sunday,15,106,15.3,120.0
17419_900,Sunday,15,70,12.0,60.0
17379_700,Sunday,15,121,17.4,240.0
18927_700,Sunday,15,19,164.1,203.0
18937_700,Sunday,15,29,6.0,62.0
17304_700,Sunday,15,391,18.6,240.0
18926_700,Sunday,15,15,82.9,83.0
21205_700,Sunday,15,1,0.0,0.0
17319_700,Sunday,15,249,77.1,420.0
17330_700,Sunday,15,306,20.2,180.0
17367_700,Sunday,15,148,5.3,120.0
18915_700,Sunday,15,30,225.3,348.0
5344_700,Sunday,15,9,42.6,243.0
17296_700,Sunday,15,71,11.0,300.0
17307_700,Sunday,15,61,805.6,2460.0
17310_700,Sunday,15,237,83.3,600.0
13108_700,Sunday,15,10,21.7,75.0
17316_700,Sunday,15,215,27.3,360.0
21284_700,Sunday,15,107,26.4,240.0
17392_700,Sunday,15,12,0.0,0.0
17391_700,Sunday,15,19,0.0,0.0
17417_900,Sunday,15,204,2.6,180.0
17447_700,Sunday,15,265,23.8,300.0
17744_700,Sunday,15,32,9.4,120.0
4241_700,Sunday,15,11,106.1,207.0
21726_700,Sunday,15,28,0.7,54.0
18939_700,Sunday,15,72,727.1,2544.0
17368_700,Sunday,15,189,14.6,300.0
17370_700,Sunday,15,83,-7.2,240.0
17530_700,Sunday,15,269,-0.0,60.0
5249_700,Sunday,15,69,178.6,237.0
18922_700,Sunday,15,29,74.7,139.0
17313_700,Sunday,15,50,-3.6,0.0
17323_700,Sunday,15,22,32.7,120.0
17321_700,Sunday,15,58,3.1,60.0
17401_700,Sunday,15,13,0.0,0.0
17402_700,Sunday,15,16,0.0,0.0
24042_100,Sunday,15,112,63.8,420.0
19063_100,Sunday,15,13,-18.5,0.0
24715_700,Sunday,15,2,92.0,127.0
5239_700,Sunday,15,77,45.0,137.0
10229_109,Sunday,15,20,15.0,60.0
18898_700,Sunday,15,57,178.2,930.0
5368_700,Sunday,15,63,0.0,0.0
5268_700,Sunday,15,1,0.0,0.0
17537_700,Sunday,15,42,144.3,780.0
18969_100,Sunday,15,4,60.0,180.0
17362_700,Sunday,15,126,45.7,360.0
26781_700,Sunday,15,26,2.3,60.0
18908_700,Sunday,15,11,443.9,488.0
29221_700,Sunday,15,18,0.0,0.0
28712_700,Sunday,15,12,0.0,0.0
17281_700,Sunday,15,78,14.6,420.0
17322_700,Sunday,15,56,697.5,1200.0
17533_700,Sunday,15,127,204.6,840.0
17376_700,Sunday,15,54,3.3,120.0
17383_700,Sunday,15,35,27.4,180.0
17359_700,Sunday,15,58,53.8,120.0
18909_700,Sunday,15,70,142.2,198.0
20479_700,Sunday,15,8,59.9,129.0
4245_700,Sunday,15,2,-72.0,0.0
4287_700,Sunday,15,37,84.2,201.0
17299_700,Sunday,15,113,39.8,360.0
1879_900,Sunday,15,2,-31.0,0.0
17312_700,Sunday,15,113,6.4,180.0
17343_700,Sunday,15,69,23.5,120.0
17377_700,Sunday,15,58,16.6,60.0
23154_700,Sunday,15,62,3.9,120.0
17400_700,Sunday,15,41,32.2,180.0
18899_700,Sunday,15,28,93.2,197.0
16349_100,Sunday,15,10,60.0,180.0
17387_700,Sunday,15,41,0.0,0.0
17529_700,Sunday,15,178,14.8,300.0
10234_700,Sunday,15,18,137.5,1536.0
17366_700,Sunday,15,75,93.6,180.0
4242_700,Sunday,15,46,194.8,393.0
28259_100,Sunday,15,124,162.6,900.0
17380_700,Sunday,15,31,1.9,60.0
1871_700,Sunday,15,11,15.5,78.0
17364_700,Sunday,15,140,21.0,360.0
18900_700,Sunday,15,30,122.3,196.0
17295_700,Sunday,15,74,8.1,120.0
4243_700,Sunday,15,26,49.5,179.0
27569_700,Sunday,15,4,0.0,0.0
17280_700,Sunday,15,116,-41.9,3000.0
23534_700,Sunday,15,9,67.9,96.0
18933_700,Sunday,15,23,115.6,141.0
20369_100,Sunday,15,12,0.0,0.0
5384_700,Sunday,15,35,54.3,125.0
18888_700,Sunday,15,29,62.7,65.0
4503_700,Sunday,15,21,43.4,125.0
18906_700,Sunday,15,20,96.5,211.0
9696_700,Sunday,15,12,83.7,170.0
17300_700,Sunday,15,120,60.5,180.0
17331_700,Sunday,15,64,42.2,120.0
5364_700,Sunday,15,31,0.0,0.0
5257_700,Sunday,15,11,-17.5,0.0
5256_3,Sunday,15,3,-17.3,0.0
14979_700,Sunday,15,8,27.9,223.0
19019_700,Sunday,15,22,2.7,60.0
17407_700,Sunday,15,30,0.0,0.0
17365_700,Sunday,15,54,5.6,180.0
17406_700,Sunday,15,12,0.0,0.0
17293_700,Sunday,15,27,2.2,60.0
17415_700,Sunday,15,15,120.0,120.0
16345_100,Sunday,15,39,0.0,0.0
4253_700,Sunday,15,4,-28.5,6.0
14733_700,Sunday,15,15,80.9,146.0
28806_700,Sunday,15,33,52.7,68.0
17336_700,Sunday,15,33,27.3,60.0
5233_700,Sunday,15,30,32.1,147.0
5241_700,Sunday,15,29,54.0,68.0
20812_100,Sunday,15,9,0.0,0.0
18945_700,Sunday,15,26,150.2,193.0
20364_700,Sunday,15,21,53.4,177.0
18361_700,Sunday,15,2,161.0,161.0
4514_700,Sunday,15,29,97.1,205.0
4222_700,Sunday,15,14,286.4,474.0
5237_700,Sunday,15,17,9.3,10.0
23944_100,Sunday,15,12,0.0,0.0
1870_700,Sunday,15,11,-4.6,136.0
18369_700,Sunday,15,19,14.5,105.0
13106_700,Sunday,15,2,472.0,472.0
29150_700,Sunday,15,5,37.0,185.0
13113_700,Sunday,15,2,30.0,60.0
17344_700,Sunday,15,24,5.0,60.0
29220_700,Sunday,15,28,0.0,60.0
19127_700,Sunday,15,30,9.6,10.0
4249_700,Sunday,15,37,51.7,82.0
10676_700,Sunday,18,122,48.8,1950.0
7361_700,Sunday,18,405,0.0,82.0
1558_900,Sunday,18,232,3.3,140.0
1549_700,Sunday,18,363,4.6,296.0
15274_700,Sunday,18,261,3.1,175.0
1556_900,Sunday,18,692,2.5,276.0
1547_700,Sunday,18,254,1.0,122.0
10674_700,Sunday,18,68,26.5,1358.0
5635_900,Sunday,18,930,1.6,171.0
15273_700,Sunday,18,151,2.6,145.0
1546_700,Sunday,18,488,2.0,140.0
1548_700,Sunday,18,774,2.9,279.0
1551_700,Sunday,18,276,-8.7,230.0
7362_900,Sunday,18,377,0.9,75.0
16915_700,Sunday,18,103,0.0,0.0
5633_900,Sunday,18,664,0.8,116.0
15277_700,Sunday,18,448,4.9,254.0
10671_700,Sunday,18,14,1.4,68.0
11364_700,Sunday,18,91,0.0,72.0
4456_700,Sunday,18,126,0.7,100.0
1924_700,Sunday,18,66,0.0,0.0
22723_700,Sunday,18,13,0.0,0.0
18360_700,Sunday,18,64,5.1,68.0
18344_700,Sunday,18,42,44.8,213.0
340_900,Sunday,18,211,0.0,0.0
21726_700,Sunday,18,11,6.3,69.0
15276_700,Sunday,18,193,-8.2,65.0
1938_700,Sunday,18,122,3.0,231.0
18365_700,Sunday,18,3,0.0,0.0
10682_700,Sunday,18,124,0.4,67.0
18354_700,Sunday,18,13,9.9,129.0
1955_700,Sunday,18,165,17.4,652.0
1923_700,Sunday,18,135,11.4,1252.0
1971_700,Sunday,18,120,240.7,3839.0
1928_700,Sunday,18,90,69.4,3515.0
1921_700,Sunday,18,105,3.6,196.0
5596_700,Sunday,18,87,1.4,107.0
13438_900,Sunday,18,244,0.0,0.0
1945_700,Sunday,18,70,0.3,19.0
20810_700,Sunday,18,18,0.0,0.0
343_900,Sunday,18,170,0.0,0.0
27915_700,Sunday,18,24,-65.3,0.0
27300_700,Sunday,18,83,2.2,60.0
27275_700,Sunday,18,202,0.0,0.0
27276_700,Sunday,18,136,0.0,0.0
27277_700,Sunday,18,94,0.0,0.0
28311_100,Sunday,18,46,17.0,240.0
10141_109,Sunday,18,359,16.0,180.0
24049_100,Sunday,18,59,13.2,180.0
24050_100,Sunday,18,66,1.8,120.0
24046_100,Sunday,18,47,-3.8,60.0
19155_109,Sunday,18,90,0.7,120.0
24043_100,Sunday,18,63,-7.6,180.0
24045_100,Sunday,18,122,32.0,540.0
19066_100,Sunday,18,142,29.6,540.0
24025_100,Sunday,18,218,74.0,1080.0
19058_100,Sunday,18,108,15.6,420.0
5339_700,Sunday,18,70,0.0,0.0
26790_106,Sunday,18,43,48.0,388.0
1930_700,Sunday,18,70,12.2,214.0
1925_700,Sunday,18,68,0.0,0.0
5363_700,Sunday,18,24,12.5,25.0
22726_700,Sunday,18,13,0.0,0.0
5362_700,Sunday,18,33,2.1,36.0
22691_700,Sunday,18,96,0.0,0.0
5366_700,Sunday,18,15,0.0,0.0
22712_700,Sunday,18,75,0.0,0.0
16009_700,Sunday,18,25,2.8,46.0
26788_106,Sunday,18,60,0.0,0.0
26784_106,Sunday,18,27,0.0,0.0
22708_700,Sunday,18,72,0.0,0.0
5365_700,Sunday,18,66,0.0,0.0
5370_700,Sunday,18,24,128.8,286.0
5384_700,Sunday,18,83,45.4,327.0
1929_700,Sunday,18,69,-4.8,105.0
5379_700,Sunday,18,69,0.9,60.0
26785_106,Sunday,18,69,0.0,0.0
3713_700,Sunday,18,27,0.0,0.0
5372_700,Sunday,18,33,22.9,258.0
5345_700,Sunday,18,116,14.1,115.0
20812_100,Sunday,18,18,0.0,0.0
22609_700,Sunday,18,144,10.4,240.0
22804_700,Sunday,18,182,24.4,326.0
5377_700,Sunday,18,23,21.0,68.0
5376_700,Sunday,18,28,30.0,60.0
26787_106,Sunday,18,15,0.0,0.0
26791_106,Sunday,18,8,0.0,0.0
5371_700,Sunday,18,31,34.8,60.0
10157_109,Sunday,18,340,45.7,360.0
21947_700,Sunday,18,67,-3.8,0.0
17458_700,Sunday,18,449,272.9,1920.0
16859_700,Sunday,18,23,0.0,0.0
17456_700,Sunday,18,719,50.0,660.0
20809_100,Sunday,18,24,0.0,0.0
27934_700,Sunday,18,10,0.0,0.0
26793_106,Sunday,18,18,0.0,0.0
26786_106,Sunday,18,26,0.0,0.0
17523_400,Sunday,18,1252,-0.7,120.0
10145_109,Sunday,18,179,63.0,420.0
27285_700,Sunday,18,11,0.0,0.0
27289_700,Sunday,18,25,0.0,0.0
4477_700,Sunday,18,90,1.7,76.0
21725_700,Sunday,18,33,125.4,315.0
23415_700,Sunday,18,575,143.4,1020.0
17333_700,Sunday,18,197,8.8,420.0
17422_900,Sunday,18,183,2.0,120.0
17525_400,Sunday,18,464,-0.1,60.0
17448_700,Sunday,18,551,34.3,480.0
5369_700,Sunday,18,97,35.7,245.0
10143_109,Sunday,18,243,8.9,120.0
10144_109,Sunday,18,168,28.2,300.0
10155_109,Sunday,18,60,14.0,120.0
10223_109,Sunday,18,192,7.8,120.0
17463_900,Sunday,18,200,-0.3,60.0
5378_700,Sunday,18,134,3.8,156.0
17514_400,Sunday,18,677,1.2,300.0
27292_700,Sunday,18,14,0.0,0.0
27959_700,Sunday,18,52,0.0,0.0
17328_700,Sunday,18,80,3.0,120.0
19065_100,Sunday,18,10,0.0,0.0
5368_700,Sunday,18,63,0.0,0.0
18374_700,Sunday,18,202,11.9,180.0
17461_700,Sunday,18,416,25.7,600.0
27945_700,Sunday,18,10,0.0,0.0
20813_100,Sunday,18,10,0.0,0.0
17521_400,Sunday,18,494,2.1,240.0
17360_700,Sunday,18,201,161.5,840.0
17518_400,Sunday,18,514,0.6,120.0
17417_900,Sunday,18,238,2.0,180.0
10162_109,Sunday,18,281,9.6,180.0
24052_100,Sunday,18,27,22.2,240.0
10148_109,Sunday,18,292,29.4,240.0
17312_700,Sunday,18,80,0.8,60.0
17460_900,Sunday,18,808,1.0,240.0
17526_400,Sunday,18,230,3.7,240.0
17341_700,Sunday,18,365,37.8,240.0
17515_400,Sunday,18,312,11.0,720.0
17440_900,Sunday,18,570,48.3,840.0
1882_900,Sunday,18,16,-12.1,64.0
25529_700,Sunday,18,16,3.4,34.0
17447_700,Sunday,18,311,-8.7,240.0
24055_100,Sunday,18,16,-22.5,60.0
10149_109,Sunday,18,292,38.0,360.0
17319_700,Sunday,18,214,-0.8,120.0
17416_900,Sunday,18,314,-6.3,60.0
17295_700,Sunday,18,94,1.9,180.0
17453_700,Sunday,18,484,62.9,780.0
17374_900,Sunday,18,334,-17.4,60.0
29150_700,Sunday,18,1,61.0,61.0
24047_100,Sunday,18,9,-33.3,0.0
5350_700,Sunday,18,65,8.0,122.0
17532_700,Sunday,18,156,51.5,420.0
17367_700,Sunday,18,153,15.7,360.0
10163_109,Sunday,18,281,23.9,300.0
17459_900,Sunday,18,524,2.5,360.0
17420_900,Sunday,18,78,-5.4,60.0
17451_700,Sunday,18,310,-1.5,60.0
17446_900,Sunday,18,91,0.0,60.0
1872_700,Sunday,18,6,897.0,5183.0
17442_900,Sunday,18,563,-0.5,120.0
17418_900,Sunday,18,76,0.8,60.0
17452_900,Sunday,18,412,4.5,300.0
17340_700,Sunday,18,153,30.6,120.0
19063_100,Sunday,18,12,-20.0,0.0
17378_700,Sunday,18,172,1.0,120.0
17298_700,Sunday,18,30,0.0,0.0
15959_700,Sunday,18,167,-19.2,39.0
17350_700,Sunday,18,371,62.9,660.0
17299_700,Sunday,18,142,22.0,360.0
17424_900,Sunday,18,348,7.8,540.0
17449_700,Sunday,18,749,22.0,300.0
26783_106,Sunday,18,89,99.1,780.0
17462_700,Sunday,18,311,0.4,180.0
10167_109,Sunday,18,66,0.0,60.0
17325_700,Sunday,18,203,0.9,120.0
17413_700,Sunday,18,22,0.0,0.0
17372_700,Sunday,18,246,10.2,120.0
24715_700,Sunday,18,4,-39.2,32.0
22390_700,Sunday,18,60,6.0,180.0
17441_700,Sunday,18,915,20.4,240.0
24053_100,Sunday,18,112,37.5,420.0
17289_700,Sunday,18,161,49.2,540.0
17419_900,Sunday,18,72,1.7,120.0
17290_700,Sunday,18,383,25.7,360.0
17536_700,Sunday,18,133,1.8,120.0
17421_900,Sunday,18,54,-4.4,0.0
17301_900,Sunday,18,182,2.3,120.0
19705_700,Sunday,18,34,8.8,60.0
17334_700,Sunday,18,331,14.5,480.0
17465_700,Sunday,18,515,37.4,420.0
27286_700,Sunday,18,18,0.0,0.0
23945_100,Sunday,18,102,14.7,180.0
17339_700,Sunday,18,420,4.6,180.0
17516_400,Sunday,18,25,0.0,0.0
18923_700,Sunday,18,18,66.9,67.0
4512_700,Sunday,18,17,49.6,72.0
17533_700,Sunday,18,126,338.1,2580.0
13110_700,Sunday,18,11,16.3,76.0
17347_700,Sunday,18,409,34.8,360.0
17373_700,Sunday,18,176,1.4,120.0
17457_700,Sunday,18,436,14.9,420.0
17352_900,Sunday,18,84,2.1,120.0
17362_700,Sunday,18,124,2.4,120.0
17315_700,Sunday,18,157,52.7,180.0
4242_700,Sunday,18,92,167.8,273.0
17308_700,Sunday,18,105,0.6,60.0
17538_700,Sunday,18,296,20.5,240.0
17361_700,Sunday,18,102,16.5,120.0
17455_700,Sunday,18,484,126.7,1680.0
4281_700,Sunday,18,18,0.0,0.0
23154_700,Sunday,18,31,-3.9,0.0
17444_900,Sunday,18,478,12.3,660.0
18922_700,Sunday,18,30,154.1,202.0
17310_700,Sunday,18,206,8.7,60.0
17529_700,Sunday,18,143,54.1,420.0
17297_700,Sunday,18,231,0.5,120.0
26781_700,Sunday,18,13,0.0,0.0
4239_700,Sunday,18,26,0.0,0.0
17304_700,Sunday,18,344,1.2,360.0
17744_700,Sunday,18,32,7.5,120.0
17380_700,Sunday,18,66,14.5,60.0
26789_106,Sunday,18,8,0.0,0.0
17292_700,Sunday,18,244,123.0,480.0
17306_700,Sunday,18,463,7.3,360.0
17384_700,Sunday,18,42,0.0,0.0
17414_700,Sunday,18,74,-26.8,0.0
17356_700,Sunday,18,243,2.5,180.0
17531_700,Sunday,18,63,56.2,300.0
28712_700,Sunday,18,11,0.0,0.0
28802_700,Sunday,18,17,136.9,196.0
17375_700,Sunday,18,12,0.0,0.0
10158_109,Sunday,18,175,91.9,780.0
17387_700,Sunday,18,24,0.0,0.0
17368_700,Sunday,18,195,4.6,300.0
10229_109,Sunday,18,22,8.2,60.0
18921_700,Sunday,18,21,102.0,138.0
22754_700,Sunday,18,299,12.0,360.0
17305_700,Sunday,18,396,47.4,180.0
17437_700,Sunday,18,105,4.0,120.0
17331_700,Sunday,18,66,-1.8,120.0
17412_700,Sunday,18,84,-1.4,60.0
17309_700,Sunday,18,137,0.4,60.0
4222_700,Sunday,18,7,17.4,31.0
18897_700,Sunday,18,21,161.3,263.0
17348_700,Sunday,18,307,33.8,300.0
17530_700,Sunday,18,270,5.3,180.0
24057_100,Sunday,18,42,28.6,300.0
17407_700,Sunday,18,15,0.0,0.0
17343_700,Sunday,18,50,-2.4,60.0
17464_700,Sunday,18,194,-21.6,60.0
17359_700,Sunday,18,56,28.9,180.0
29169_700,Sunday,18,10,14.4,48.0
17366_700,Sunday,18,79,94.2,360.0
17330_700,Sunday,18,346,3.8,180.0
28571_109,Sunday,18,7,17.1,60.0
28412_109,Sunday,18,30,116.0,300.0
17345_700,Sunday,18,66,20.9,240.0
17512_400,Sunday,18,130,34.6,900.0
17296_700,Sunday,18,75,20.0,360.0
17336_700,Sunday,18,33,30.9,120.0
17445_700,Sunday,18,203,11.5,120.0
17520_700,Sunday,18,130,7.4,120.0
20969_700,Sunday,18,21,83.2,209.0
10226_109,Sunday,18,192,10.3,120.0
10227_109,Sunday,18,63,2.9,60.0
10170_109,Sunday,18,43,46.0,420.0
17335_700,Sunday,18,277,8.9,120.0
17314_700,Sunday,18,145,2.9,240.0
17342_700,Sunday,18,306,8.2,360.0
17346_700,Sunday,18,102,35.9,180.0
19019_700,Sunday,18,22,0.0,0.0
17364_700,Sunday,18,118,65.6,360.0
17450_700,Sunday,18,121,8.9,120.0
5353_700,Sunday,18,81,-2.0,61.0
17401_700,Sunday,18,7,0.0,0.0
17438_900,Sunday,18,168,1.8,120.0
17329_700,Sunday,18,119,15.1,420.0
17535_700,Sunday,18,61,-18.7,120.0
17355_700,Sunday,18,189,13.0,120.0
1874_700,Sunday,18,5,15.0,71.0
27291_700,Sunday,18,28,0.0,0.0
28806_700,Sunday,18,33,47.6,147.0
17294_700,Sunday,18,112,-3.2,60.0
17349_700,Sunday,18,356,22.1,180.0
4264_700,Sunday,18,47,88.9,182.0
5249_700,Sunday,18,74,139.7,284.0
5238_700,Sunday,18,78,34.9,185.0
16345_100,Sunday,18,39,101.5,600.0
18937_700,Sunday,18,27,39.9,40.0
4257_700,Sunday,18,14,61.9,62.0
17307_700,Sunday,18,33,101.8,240.0
17326_700,Sunday,18,141,-6.8,180.0
17369_700,Sunday,18,90,0.0,120.0
337_700,Sunday,18,27,0.0,0.0
17321_700,Sunday,18,50,15.6,60.0
17353_700,Sunday,18,123,531.2,900.0
17279_700,Sunday,18,17,28.2,120.0
17454_700,Sunday,18,143,2.1,300.0
17281_700,Sunday,18,69,19.1,180.0
19113_700,Sunday,18,13,122.8,134.0
5234_700,Sunday,18,11,40.8,41.0
23944_100,Sunday,18,12,435.0,1080.0
17303_700,Sunday,18,356,7.8,300.0
17381_700,Sunday,18,117,-11.3,0.0
17537_700,Sunday,18,41,11.7,60.0
24759_700,Sunday,18,41,0.0,0.0
17354_700,Sunday,18,173,2.1,60.0
18949_109,Sunday,18,29,20.7,120.0
18913_700,Sunday,18,17,57.1,65.0
17300_700,Sunday,18,162,57.8,240.0
19079_700,Sunday,18,28,30.5,126.0
10142_109,Sunday,18,288,34.2,300.0
10165_109,Sunday,18,33,12.7,60.0
10166_109,Sunday,18,32,16.9,60.0
17322_700,Sunday,18,78,13.1,240.0
16354_700,Sunday,18,19,50.8,121.0
20879_700,Sunday,18,31,55.8,99.0
9696_700,Sunday,18,13,9.8,81.0
17344_700,Sunday,18,35,58.3,120.0
17320_700,Sunday,18,318,4.5,180.0
23414_700,Sunday,18,116,272.6,1140.0
21284_700,Sunday,18,126,86.2,420.0
17383_700,Sunday,18,34,45.9,120.0
4249_700,Sunday,18,44,146.0,230.0
17402_700,Sunday,18,17,49.4,120.0
5235_700,Sunday,18,33,137.2,203.0
1880_900,Sunday,18,2,13.5,27.0
28259_100,Sunday,18,124,13.5,180.0
14733_700,Sunday,18,6,7.0,22.0
20479_700,Sunday,18,16,179.1,727.0
17318_700,Sunday,18,125,62.4,660.0
17365_700,Sunday,18,58,11.4,120.0
17293_700,Sunday,18,54,4.4,120.0
10224_109,Sunday,18,85,10.6,60.0
19059_100,Sunday,18,27,1046.7,2520.0
22451_700,Sunday,18,21,146.8,195.0
4503_700,Sunday,18,22,55.1,206.0
17357_700,Sunday,18,30,0.0,0.0
17415_700,Sunday,18,34,1.8,60.0
17435_700,Sunday,18,45,53.3,180.0
17377_700,Sunday,18,59,111.9,360.0
17379_700,Sunday,18,96,1.3,60.0
17409_700,Sunday,18,56,6.4,180.0
18931_700,Sunday,18,27,52.3,67.0
20930_700,Sunday,18,36,6.6,68.0
4287_700,Sunday,18,29,33.1,65.0
17313_700,Sunday,18,52,-1.2,60.0
17400_700,Sunday,18,44,1.4,60.0
28572_109,Sunday,18,6,30.0,60.0
17385_700,Sunday,18,45,97.3,420.0
18899_700,Sunday,18,40,115.6,287.0
18927_700,Sunday,18,19,42.9,43.0
22240_109,Sunday,18,13,23.1,60.0
17302_700,Sunday,18,235,-7.1,120.0
1870_700,Sunday,18,18,-10.6,138.0
5248_700,Sunday,18,11,0.0,0.0
17316_700,Sunday,18,214,44.3,360.0
17327_700,Sunday,18,33,3.6,60.0
17363_700,Sunday,18,141,117.9,660.0
5233_700,Sunday,18,31,146.3,198.0
28411_109,Sunday,18,10,6.0,60.0
4495_700,Sunday,18,20,62.2,127.0
17311_700,Sunday,18,233,1.5,300.0
17406_700,Sunday,18,13,0.0,0.0
17323_700,Sunday,18,15,136.0,180.0
24042_100,Sunday,18,83,-5.8,120.0
10234_700,Sunday,18,18,53.4,62.0
18926_700,Sunday,18,15,386.4,408.0
18945_700,Sunday,18,50,69.7,160.0
5236_700,Sunday,18,28,61.9,62.0
18915_700,Sunday,18,17,155.9,199.0
18884_700,Sunday,18,16,63.9,64.0
17280_700,Sunday,18,87,35.9,180.0
13108_700,Sunday,18,3,48.7,139.0
27280_700,Sunday,18,53,1.1,60.0
17392_700,Sunday,18,12,5.0,60.0
18911_700,Sunday,18,48,84.8,147.0
16349_100,Sunday,18,5,0.0,0.0
18929_700,Sunday,18,20,10.4,38.0
17398_700,Sunday,18,45,88.0,360.0
1871_700,Sunday,18,4,-18.5,0.0
29143_700,Sunday,18,2,32.0,64.0
17370_700,Sunday,18,64,14.1,300.0
29221_700,Sunday,18,17,24.7,180.0
17376_700,Sunday,18,78,37.7,180.0
17403_700,Sunday,18,6,0.0,0.0
27288_700,Sunday,18,27,0.0,0.0
4259_700,Sunday,18,29,72.0,72.0
15624_700,Sunday,18,2,68.0,68.0
6629_700,Sunday,18,19,90.5,128.0
19062_100,Sunday,18,11,38.2,120.0
17393_700,Sunday,18,50,148.8,480.0
18900_700,Sunday,18,36,170.2,220.0
19118_700,Sunday,18,63,60.6,151.0
18909_700,Sunday,18,49,46.1,141.0
4241_700,Sunday,18,11,45.8,64.0
20369_100,Sunday,18,12,0.0,0.0
4238_700,Sunday,18,19,2.9,3.0
5237_700,Sunday,18,20,59.7,76.0
5252_3,Sunday,18,27,136.1,371.0
5256_3,Sunday,18,44,508.0,557.0
19124_700,Sunday,18,28,10.7,63.0
18939_700,Sunday,18,17,38.9,43.0
18370_700,Sunday,18,30,8.9,101.0
21205_700,Sunday,18,1,139.0,139.0
13105_700,Sunday,18,2,24.0,24.0
15020_700,Sunday,18,4,15.2,61.0
17317_700,Sunday,18,51,4.7,180.0
17527_700,Sunday,18,5,48.0,120.0
17391_700,Sunday,18,7,0.0,0.0
27952_700,Sunday,18,87,108.6,281.0
23534_700,Sunday,18,10,147.3,157.0
5260_3,Sunday,18,16,383.1,399.0
4243_700,Sunday,18,13,155.8,156.0
4223_700,Sunday,18,7,118.9,119.0
18969_100,Sunday,18,4,0.0,0.0
5332_700,Sunday,18,12,0.0,0.0
5344_700,Sunday,18,5,-169.2,26.0
18353_700,Sunday,18,11,-7.3,0.0
17332_700,Sunday,18,11,180.0,180.0
19126_700,Sunday,18,49,31.5,86.0
5232_700,Sunday,18,24,31.4,94.0
3975_700,Sunday,18,118,38.7,1314.0
18920_700,Sunday,18,28,14.8,68.0
4245_700,Sunday,18,11,206.2,275.0
25489_700,Sunday,18,9,88.6,140.0
5257_700,Sunday,18,12,792.9,793.0
4497_700,Sunday,18,23,56.0,144.0
18352_700,Sunday,18,1,189.0,189.0
17304_700,Sunday,20,395,3.5,60.0
17319_700,Sunday,20,252,390.0,2040.0
4242_700,Sunday,20,38,100.9,110.0
4287_700,Sunday,20,36,150.5,214.0
19112_700,Sunday,20,16,-6.4,29.0
17289_700,Sunday,20,160,-1.1,120.0
17437_700,Sunday,20,48,15.0,120.0
17281_700,Sunday,20,89,247.4,1560.0
27569_700,Sunday,20,5,24.0,60.0
17464_700,Sunday,20,185,1.3,120.0
17516_400,Sunday,20,25,0.0,0.0
17379_700,Sunday,20,122,-3.4,60.0
20479_700,Sunday,20,7,87.9,152.0
17346_700,Sunday,20,101,20.2,120.0
17317_700,Sunday,20,104,84.8,300.0
17450_700,Sunday,20,124,-12.1,60.0
23415_700,Sunday,20,647,362.6,1380.0
17538_700,Sunday,20,225,57.3,180.0
17392_700,Sunday,20,12,0.0,0.0
17526_400,Sunday,20,175,5.8,60.0
17452_900,Sunday,20,389,11.4,120.0
29157_700,Sunday,20,38,4971.4,5903.0
17349_700,Sunday,20,354,-4.9,120.0
17512_400,Sunday,20,117,21.5,120.0
1880_900,Sunday,20,37,12.2,59.0
5633_900,Sunday,20,710,3.8,109.0
17380_700,Sunday,20,68,-23.8,60.0
17455_700,Sunday,20,519,26.9,300.0
4456_700,Sunday,20,110,3.0,67.0
17293_700,Sunday,20,41,89.3,420.0
17315_700,Sunday,20,54,20.0,120.0
10148_109,Sunday,20,270,31.1,360.0
24025_100,Sunday,20,134,82.8,780.0
17459_900,Sunday,20,508,19.3,540.0
26791_106,Sunday,20,8,0.0,0.0
7361_700,Sunday,20,335,6.3,132.0
16859_700,Sunday,20,91,0.0,0.0
1929_700,Sunday,20,23,204.0,204.0
17307_700,Sunday,20,38,175.3,240.0
10157_109,Sunday,20,275,62.0,420.0
17447_700,Sunday,20,342,-2.8,120.0
17456_700,Sunday,20,653,40.6,300.0
17527_700,Sunday,20,8,0.0,0.0
17296_700,Sunday,20,75,8.8,60.0
337_700,Sunday,20,197,-4.1,0.0
5376_700,Sunday,20,29,41.4,60.0
10145_109,Sunday,20,186,30.6,240.0
17305_700,Sunday,20,400,2.1,240.0
17440_900,Sunday,20,513,125.4,1320.0
17310_700,Sunday,20,207,8.4,540.0
17421_900,Sunday,20,54,27.8,180.0
17444_900,Sunday,20,478,31.4,660.0
18945_700,Sunday,20,52,72.2,161.0
17327_700,Sunday,20,22,0.0,0.0
17328_700,Sunday,20,80,14.3,120.0
1548_700,Sunday,20,587,30.1,310.0
15274_700,Sunday,20,493,21.6,414.0
17354_700,Sunday,20,118,-35.1,60.0
17309_700,Sunday,20,111,41.6,240.0
1549_700,Sunday,20,216,15.2,190.0
17300_700,Sunday,20,126,71.9,240.0
27280_700,Sunday,20,40,0.0,0.0
13438_900,Sunday,20,354,2.2,66.0
17352_900,Sunday,20,126,46.7,540.0
17419_900,Sunday,20,72,-10.0,60.0
10155_109,Sunday,20,66,3.6,120.0
5332_700,Sunday,20,17,95.3,120.0
1925_700,Sunday,20,51,0.0,0.0
17360_700,Sunday,20,241,238.8,960.0
17350_700,Sunday,20,348,-1.4,120.0
17462_700,Sunday,20,313,0.6,180.0
17523_400,Sunday,20,640,30.4,180.0
24049_100,Sunday,20,48,22.5,180.0
5635_900,Sunday,20,920,5.2,168.0
10676_700,Sunday,20,69,1.8,65.0
17366_700,Sunday,20,101,42.2,180.0
10682_700,Sunday,20,85,9.8,228.0
27277_700,Sunday,20,105,0.0,0.0
17446_900,Sunday,20,92,13.7,180.0
17525_400,Sunday,20,264,14.1,120.0
1556_900,Sunday,20,546,20.9,134.0
17416_900,Sunday,20,92,-15.0,0.0
17417_900,Sunday,20,204,-0.9,120.0
1546_700,Sunday,20,214,57.5,474.0
26788_106,Sunday,20,60,13.2,143.0
3713_700,Sunday,20,27,0.0,0.0
28571_109,Sunday,20,6,0.0,0.0
5596_700,Sunday,20,50,0.0,0.0
17311_700,Sunday,20,273,34.7,180.0
17316_700,Sunday,20,186,32.3,420.0
17325_700,Sunday,20,202,25.5,120.0
17424_900,Sunday,20,335,34.6,420.0
28411_109,Sunday,20,16,75.0,420.0
20809_100,Sunday,20,16,3.7,60.0
1928_700,Sunday,20,23,144.4,213.0
1547_700,Sunday,20,257,2.2,64.0
1551_700,Sunday,20,273,20.6,2222.0
17460_900,Sunday,20,840,61.5,540.0
10227_109,Sunday,20,66,2.7,60.0
27275_700,Sunday,20,204,8.5,180.0
17448_700,Sunday,20,558,28.1,360.0
17530_700,Sunday,20,68,-3.5,60.0
4497_700,Sunday,20,12,1.2,2.0
16915_700,Sunday,20,119,2.0,89.0
22804_700,Sunday,20,168,16.0,143.0
5350_700,Sunday,20,44,65.5,181.0
17343_700,Sunday,20,70,0.0,0.0
19065_100,Sunday,20,12,-5.0,0.0
17403_700,Sunday,20,6,0.0,0.0
17515_400,Sunday,20,312,12.5,180.0
17442_900,Sunday,20,526,12.8,240.0
19058_100,Sunday,20,97,29.7,240.0
17514_400,Sunday,20,399,25.7,120.0
17356_700,Sunday,20,198,37.0,300.0
17521_400,Sunday,20,258,14.0,120.0
10224_109,Sunday,20,66,2.7,60.0
26790_106,Sunday,20,39,8.5,60.0
10170_109,Sunday,20,32,1.9,60.0
17355_700,Sunday,20,231,13.0,180.0
336_700,Sunday,20,158,7.4,62.0
18909_700,Sunday,20,31,36.7,144.0
1924_700,Sunday,20,33,0.0,0.0
1923_700,Sunday,20,72,49.4,205.0
10142_109,Sunday,20,236,18.8,120.0
24046_100,Sunday,20,40,25.5,420.0
17438_900,Sunday,20,146,-0.8,420.0
17361_700,Sunday,20,159,304.5,960.0
17387_700,Sunday,20,52,1.2,60.0
17297_700,Sunday,20,222,30.8,180.0
15277_700,Sunday,20,295,18.7,148.0
17537_700,Sunday,20,32,13.1,60.0
28802_700,Sunday,20,16,126.3,201.0
26793_106,Sunday,20,18,11.2,81.0
10141_109,Sunday,20,402,14.5,180.0
17335_700,Sunday,20,326,46.7,360.0
28572_109,Sunday,20,9,6.7,60.0
17340_700,Sunday,20,158,59.6,180.0
24045_100,Sunday,20,126,22.9,600.0
27276_700,Sunday,20,107,0.0,0.0
24053_100,Sunday,20,101,80.2,540.0
24042_100,Sunday,20,75,28.0,240.0
21284_700,Sunday,20,107,101.5,360.0
5607_700,Sunday,20,54,0.0,0.0
22609_700,Sunday,20,151,21.1,120.0
1921_700,Sunday,20,84,64.1,564.0
10143_109,Sunday,20,280,15.6,180.0
10167_109,Sunday,20,72,5.8,60.0
15959_700,Sunday,20,173,1.2,89.0
5368_700,Sunday,20,57,39.7,144.0
17294_700,Sunday,20,168,-12.9,120.0
17308_700,Sunday,20,98,20.8,180.0
17313_700,Sunday,20,70,3.4,60.0
17451_700,Sunday,20,157,-18.7,0.0
5379_700,Sunday,20,102,0.6,60.0
17369_700,Sunday,20,73,-39.5,120.0
17415_700,Sunday,20,17,0.0,0.0
17420_900,Sunday,20,86,6.3,60.0
15276_700,Sunday,20,138,0.0,0.0
17334_700,Sunday,20,299,68.2,300.0
24050_100,Sunday,20,55,149.5,780.0
17744_700,Sunday,20,33,7.3,60.0
17536_700,Sunday,20,158,38.4,180.0
26783_106,Sunday,20,90,11.0,420.0
17457_700,Sunday,20,438,21.4,360.0
18949_109,Sunday,20,32,26.3,180.0
19079_700,Sunday,20,28,62.6,148.0
17385_700,Sunday,20,34,105.9,240.0
23945_100,Sunday,20,104,61.2,720.0
17322_700,Sunday,20,46,73.0,240.0
17342_700,Sunday,20,328,38.6,240.0
10163_109,Sunday,20,247,10.0,120.0
17518_400,Sunday,20,257,42.7,300.0
26784_106,Sunday,20,36,0.0,0.0
17290_700,Sunday,20,437,-1.8,60.0
17345_700,Sunday,20,68,19.4,120.0
17445_700,Sunday,20,175,11.0,120.0
20369_100,Sunday,20,12,10.0,60.0
15273_700,Sunday,20,62,0.0,0.0
26786_106,Sunday,20,37,24.3,60.0
21205_700,Sunday,20,8,0.0,0.0
17441_700,Sunday,20,957,11.8,180.0
17326_700,Sunday,20,143,0.4,60.0
22390_700,Sunday,20,60,28.0,120.0
19062_100,Sunday,20,24,5.0,60.0
24043_100,Sunday,20,63,-22.9,60.0
17374_900,Sunday,20,336,-33.6,240.0
1882_900,Sunday,20,13,-0.5,71.0
19066_100,Sunday,20,131,16.5,180.0
10226_109,Sunday,20,200,4.5,120.0
17364_700,Sunday,20,120,65.5,360.0
17377_700,Sunday,20,60,0.0,0.0
17363_700,Sunday,20,119,78.7,420.0
17402_700,Sunday,20,16,26.2,120.0
10162_109,Sunday,20,287,33.9,420.0
18913_700,Sunday,20,31,45.8,118.0
3975_700,Sunday,20,59,12.7,265.0
20813_100,Sunday,20,14,0.0,0.0
1870_700,Sunday,20,16,-4.4,67.0
17465_700,Sunday,20,304,60.4,300.0
24052_100,Sunday,20,27,15.6,240.0
10158_109,Sunday,20,125,51.4,300.0
28412_109,Sunday,20,39,9.2,60.0
17368_700,Sunday,20,186,39.0,240.0
17381_700,Sunday,20,252,16.7,360.0
26787_106,Sunday,20,15,0.0,0.0
17532_700,Sunday,20,135,29.8,240.0
10149_109,Sunday,20,293,33.0,360.0
17463_900,Sunday,20,200,1.8,120.0
5372_700,Sunday,20,33,144.5,506.0
5345_700,Sunday,20,66,2.8,94.0
22754_700,Sunday,20,275,36.9,420.0
28109_700,Sunday,20,7,0.0,0.0
17292_700,Sunday,20,216,31.7,180.0
17320_700,Sunday,20,301,32.7,360.0
17449_700,Sunday,20,660,44.8,300.0
27291_700,Sunday,20,29,0.0,0.0
5384_700,Sunday,20,84,26.6,84.0
18374_700,Sunday,20,204,6.5,120.0
17339_700,Sunday,20,234,34.6,240.0
340_900,Sunday,20,41,-14.2,0.0
17409_700,Sunday,20,55,750.5,3120.0
17461_700,Sunday,20,387,12.4,180.0
17400_700,Sunday,20,44,10.9,60.0
5371_700,Sunday,20,35,36.0,60.0
18937_700,Sunday,20,29,224.1,226.0
21726_700,Sunday,20,10,0.0,0.0
16345_100,Sunday,20,39,7.7,60.0
17406_700,Sunday,20,13,0.0,0.0
17391_700,Sunday,20,19,0.0,0.0
10223_109,Sunday,20,199,1.8,60.0
1938_700,Sunday,20,41,179.1,204.0
17302_700,Sunday,20,280,151.7,780.0
17367_700,Sunday,20,162,-32.6,60.0
17529_700,Sunday,20,129,8.8,240.0
17376_700,Sunday,20,54,15.6,120.0
17435_700,Sunday,20,48,41.2,240.0
10144_109,Sunday,20,176,9.2,120.0
17321_700,Sunday,20,44,4.1,120.0
26785_106,Sunday,20,84,19.2,94.0
17303_700,Sunday,20,276,43.5,240.0
1930_700,Sunday,20,4,0.0,0.0
17365_700,Sunday,20,100,75.6,600.0
17458_700,Sunday,20,476,106.9,660.0
19059_100,Sunday,20,37,-6.5,120.0
26789_106,Sunday,20,11,0.0,0.0
17401_700,Sunday,20,13,0.0,0.0
7362_900,Sunday,20,130,13.8,71.0
17306_700,Sunday,20,549,41.9,360.0
18927_700,Sunday,20,19,137.9,138.0
22712_700,Sunday,20,25,-16.4,26.0
17362_700,Sunday,20,127,17.0,120.0
1945_700,Sunday,20,56,-1.8,71.0
17333_700,Sunday,20,99,146.1,480.0
26781_700,Sunday,20,13,0.0,0.0
28712_700,Sunday,20,11,0.0,0.0
17301_900,Sunday,20,156,5.8,120.0
18354_700,Sunday,20,12,0.0,0.0
1874_700,Sunday,20,5,26.0,67.0
20810_700,Sunday,20,18,0.0,0.0
17314_700,Sunday,20,174,13.8,120.0
17454_700,Sunday,20,139,34.5,360.0
17422_900,Sunday,20,186,-10.0,60.0
17413_700,Sunday,20,20,69.0,120.0
23414_700,Sunday,20,80,-26.2,60.0
17412_700,Sunday,20,83,103.4,420.0
27300_700,Sunday,20,28,2.1,60.0
17453_700,Sunday,20,367,160.5,840.0
17418_900,Sunday,20,76,15.0,120.0
27296_700,Sunday,20,25,0.0,0.0
22240_109,Sunday,20,15,8.0,60.0
17318_700,Sunday,20,132,424.1,960.0
17398_700,Sunday,20,34,192.4,540.0
5377_700,Sunday,20,5,60.0,60.0
17375_700,Sunday,20,24,17.5,60.0
17280_700,Sunday,20,87,51.7,180.0
17347_700,Sunday,20,204,30.3,360.0
17298_700,Sunday,20,15,0.0,0.0
17341_700,Sunday,20,247,37.9,180.0
5365_700,Sunday,20,28,68.8,157.0
17414_700,Sunday,20,78,-3.8,60.0
27289_700,Sunday,20,25,0.0,0.0
18920_700,Sunday,20,28,161.6,195.0
1971_700,Sunday,20,40,50.5,101.0
27292_700,Sunday,20,16,0.0,0.0
5369_700,Sunday,20,33,25.5,60.0
18900_700,Sunday,20,35,111.9,126.0
21947_700,Sunday,20,15,-13.3,61.0
17295_700,Sunday,20,76,26.8,120.0
16009_700,Sunday,20,22,38.1,115.0
22708_700,Sunday,20,24,-12.6,214.0
29140_700,Sunday,20,32,29.3,319.0
18931_700,Sunday,20,61,113.1,192.0
17373_700,Sunday,20,146,5.3,60.0
17348_700,Sunday,20,135,4.0,120.0
17329_700,Sunday,20,120,5.0,180.0
17323_700,Sunday,20,21,20.0,60.0
17370_700,Sunday,20,88,36.8,120.0
17332_700,Sunday,20,24,25.0,120.0
17312_700,Sunday,20,80,-7.5,60.0
27286_700,Sunday,20,17,49.4,180.0
10165_109,Sunday,20,36,3.3,60.0
4503_700,Sunday,20,43,30.3,140.0
13107_700,Sunday,20,17,62.0,62.0
13133_700,Sunday,20,8,62.0,62.0
17353_700,Sunday,20,62,-104.5,0.0
17372_700,Sunday,20,94,72.1,180.0
17378_700,Sunday,20,145,-6.6,120.0
17531_700,Sunday,20,70,-6.0,180.0
5238_700,Sunday,20,49,55.3,67.0
10234_700,Sunday,20,12,21.2,64.0
18889_700,Sunday,20,11,67.9,68.0
7251_700,Sunday,20,4,-5.8,0.0
4239_700,Sunday,20,7,44.7,63.0
4245_700,Sunday,20,4,63.0,63.0
4243_700,Sunday,20,14,265.4,285.0
4223_700,Sunday,20,18,72.9,73.0
1871_700,Sunday,20,11,-13.5,75.0
16349_100,Sunday,20,10,6.0,60.0
5353_700,Sunday,20,27,7.9,61.0
24057_100,Sunday,20,28,4.3,120.0
28311_100,Sunday,20,25,19.2,180.0
24055_100,Sunday,20,16,-18.8,60.0
19155_109,Sunday,20,60,187.0,360.0
1955_700,Sunday,20,115,0.5,62.0
10229_109,Sunday,20,22,2.7,60.0
10166_109,Sunday,20,9,6.7,60.0
19156_109,Sunday,20,28,12.9,120.0
5378_700,Sunday,20,67,85.1,219.0
5249_700,Sunday,20,75,161.8,259.0
18899_700,Sunday,20,28,76.1,139.0
18911_700,Sunday,20,44,14.1,66.0
4249_700,Sunday,20,1,-92.0,-92.0
4281_700,Sunday,20,39,111.6,121.0
17384_700,Sunday,20,42,47.1,120.0
17407_700,Sunday,20,30,24.0,120.0
17331_700,Sunday,20,66,-16.4,0.0
5248_700,Sunday,20,24,12.4,13.0
343_900,Sunday,20,18,-27.4,0.0
4514_700,Sunday,20,29,62.0,62.0
28259_100,Sunday,20,93,38.1,240.0
18939_700,Sunday,20,17,47.8,52.0
18969_100,Sunday,20,4,30.0,60.0
19705_700,Sunday,20,27,-4.4,420.0
29221_700,Sunday,20,35,18.9,60.0
17336_700,Sunday,20,34,28.2,60.0
17359_700,Sunday,20,84,23.6,180.0
17330_700,Sunday,20,352,26.8,240.0
13108_700,Sunday,20,20,14.3,75.0
24759_700,Sunday,20,43,117.8,246.0
4495_700,Sunday,20,19,55.9,240.0
17299_700,Sunday,20,118,9.7,240.0
13106_700,Sunday,20,1,60.0,60.0
29160_700,Sunday,20,23,269.0,878.0
23154_700,Sunday,20,16,30.0,60.0
17535_700,Sunday,20,35,63.4,120.0
5236_700,Sunday,20,29,62.4,105.0
22691_700,Sunday,20,32,82.8,160.0
18360_700,Sunday,20,84,72.5,335.0
24715_700,Sunday,20,2,45.0,61.0
5237_700,Sunday,20,21,32.2,508.0
13113_700,Sunday,20,36,172.7,314.0
17279_700,Sunday,20,11,0.0,0.0
4259_700,Sunday,20,29,58.8,133.0
17344_700,Sunday,20,39,24.6,240.0
18898_700,Sunday,20,25,-1.1,0.0
5256_3,Sunday,20,45,785.0,785.0
25489_700,Sunday,20,9,63.4,110.0
17357_700,Sunday,20,15,4.0,60.0
4477_700,Sunday,20,30,14.6,91.0
18933_700,Sunday,20,23,65.0,68.0
5339_700,Sunday,20,15,1044.0,1123.0
7361_700,Sunday,22,195,1.0,65.0
1548_700,Sunday,22,442,1.8,169.0
13438_900,Sunday,22,138,0.0,0.0
1556_900,Sunday,22,288,0.6,72.0
1551_700,Sunday,22,106,16.7,1407.0
19058_100,Sunday,22,108,34.4,420.0
4456_700,Sunday,22,54,-4.1,61.0
15277_700,Sunday,22,126,0.0,0.0
16859_700,Sunday,22,247,0.3,66.0
1547_700,Sunday,22,199,3.0,134.0
5635_900,Sunday,22,579,0.8,150.0
15274_700,Sunday,22,182,0.4,75.0
5633_900,Sunday,22,405,0.4,74.0
27277_700,Sunday,22,39,0.0,0.0
5596_700,Sunday,22,62,0.0,0.0
15276_700,Sunday,22,69,-1.0,0.0
15273_700,Sunday,22,21,-19.1,0.0
15959_700,Sunday,22,106,13.9,321.0
16915_700,Sunday,22,60,5.5,196.0
20810_700,Sunday,22,6,0.0,0.0
19066_100,Sunday,22,96,166.3,540.0
24043_100,Sunday,22,47,25.5,300.0
27275_700,Sunday,22,35,0.0,0.0
26785_106,Sunday,22,49,0.0,0.0
1549_700,Sunday,22,133,5.2,168.0
1882_900,Sunday,22,2,204.0,408.0
337_700,Sunday,22,141,-0.1,63.0
336_700,Sunday,22,113,0.7,57.0
28109_700,Sunday,22,20,0.0,0.0
22804_700,Sunday,22,110,10.6,108.0
26783_106,Sunday,22,46,0.0,0.0
26791_106,Sunday,22,8,0.0,0.0
11362_700,Sunday,22,177,0.0,0.0
26786_106,Sunday,22,22,0.0,0.0
28777_700,Sunday,22,62,0.0,0.0
24025_100,Sunday,22,96,160.6,1020.0
17448_700,Sunday,22,362,20.6,180.0
12193_700,Sunday,22,1,0.0,0.0
10148_109,Sunday,22,262,6.4,60.0
10149_109,Sunday,22,209,5.2,60.0
5384_700,Sunday,22,62,62.6,126.0
26790_106,Sunday,22,23,0.0,0.0
17360_700,Sunday,22,226,6.1,240.0
10143_109,Sunday,22,268,21.5,240.0
26793_106,Sunday,22,18,0.0,0.0
10162_109,Sunday,22,252,8.8,120.0
1554_700,Sunday,22,76,0.0,0.0
26784_106,Sunday,22,27,0.0,0.0
26787_106,Sunday,22,10,0.0,0.0
10142_109,Sunday,22,163,21.7,120.0
5371_700,Sunday,22,16,11.2,60.0
1883_900,Sunday,22,1,0.0,0.0
17514_400,Sunday,22,287,1.0,120.0
17303_700,Sunday,22,304,12.2,180.0
17333_700,Sunday,22,164,3.7,300.0
17456_700,Sunday,22,379,9.7,240.0
10145_109,Sunday,22,157,31.7,180.0
17463_900,Sunday,22,180,-1.0,120.0
22625_700,Sunday,22,39,60.0,60.0
17515_400,Sunday,22,312,3.3,240.0
17460_900,Sunday,22,549,3.3,360.0
10141_109,Sunday,22,360,35.8,300.0
17521_400,Sunday,22,259,1.4,120.0
17518_400,Sunday,22,242,2.5,180.0
17381_700,Sunday,22,169,21.3,420.0
17352_900,Sunday,22,105,0.0,0.0
17447_700,Sunday,22,116,-12.4,120.0
26788_106,Sunday,22,60,0.0,0.0
17440_900,Sunday,22,363,237.5,3480.0
17418_900,Sunday,22,76,0.8,60.0
17536_700,Sunday,22,129,22.3,120.0
17422_900,Sunday,22,186,1.9,120.0
17298_700,Sunday,22,30,0.0,0.0
19060_100,Sunday,22,1,0.0,0.0
17301_900,Sunday,22,156,4.2,240.0
17442_900,Sunday,22,502,3.8,240.0
17452_900,Sunday,22,357,-7.1,180.0
17294_700,Sunday,22,138,-1.3,0.0
17365_700,Sunday,22,84,6.4,180.0
17529_700,Sunday,22,80,-1.5,60.0
18351_700,Sunday,22,22,0.0,0.0
17419_900,Sunday,22,72,0.0,0.0
17328_700,Sunday,22,59,2.0,60.0
17363_700,Sunday,22,77,0.0,0.0
22754_700,Sunday,22,161,7.8,60.0
17325_700,Sunday,22,200,0.0,120.0
17346_700,Sunday,22,82,0.0,0.0
17374_900,Sunday,22,336,1.4,180.0
17459_900,Sunday,22,342,3.0,180.0
17523_400,Sunday,22,471,2.2,180.0
17421_900,Sunday,22,54,1.1,60.0
10229_109,Sunday,22,10,0.0,0.0
28412_109,Sunday,22,32,50.6,240.0
17290_700,Sunday,22,287,9.8,120.0
17316_700,Sunday,22,185,4.5,240.0
17400_700,Sunday,22,44,0.0,0.0
23945_100,Sunday,22,77,6.2,120.0
17462_700,Sunday,22,166,2.5,120.0
17304_700,Sunday,22,396,-2.4,60.0
18374_700,Sunday,22,198,17.3,180.0
17416_900,Sunday,22,115,-1.0,60.0
17424_900,Sunday,22,234,15.6,360.0
17516_400,Sunday,22,30,0.0,0.0
17345_700,Sunday,22,62,1.9,60.0
17526_400,Sunday,22,140,0.4,60.0
17527_700,Sunday,22,9,0.0,0.0
17537_700,Sunday,22,33,0.0,0.0
17525_400,Sunday,22,264,1.8,180.0
24053_100,Sunday,22,73,43.6,240.0
10223_109,Sunday,22,168,8.2,60.0
24715_700,Sunday,22,4,-49.5,45.0
22609_700,Sunday,22,31,0.0,0.0
17450_700,Sunday,22,91,8.6,60.0
17319_700,Sunday,22,176,23.5,180.0
17330_700,Sunday,22,258,27.7,120.0
22390_700,Sunday,22,71,3.4,120.0
26748_100,Sunday,22,8,0.0,0.0
28571_109,Sunday,22,4,0.0,0.0
17398_700,Sunday,22,43,27.9,60.0
17373_700,Sunday,22,109,2.8,180.0
17454_700,Sunday,22,111,1.1,120.0
17329_700,Sunday,22,118,32.0,240.0
10160_109,Sunday,22,31,13.5,60.0
18923_700,Sunday,22,28,63.5,67.0
17457_700,Sunday,22,211,17.6,120.0
17289_700,Sunday,22,86,36.3,240.0
17305_700,Sunday,22,395,62.9,360.0
17310_700,Sunday,22,238,0.5,540.0
17312_700,Sunday,22,79,11.4,60.0
17355_700,Sunday,22,165,-1.8,0.0
17306_700,Sunday,22,499,9.7,240.0
17446_900,Sunday,22,81,-0.7,60.0
24049_100,Sunday,22,12,30.0,180.0
17451_700,Sunday,22,185,11.7,120.0
17464_700,Sunday,22,156,25.4,120.0
11537_109,Sunday,22,36,5.0,60.0
17369_700,Sunday,22,44,19.1,180.0
17314_700,Sunday,22,116,1.0,60.0
17438_900,Sunday,22,163,2.6,180.0
17342_700,Sunday,22,322,52.4,300.0
17445_700,Sunday,22,76,0.8,120.0
17449_700,Sunday,22,455,50.6,360.0
17413_700,Sunday,22,11,5.5,60.0
17402_700,Sunday,22,12,0.0,0.0
10165_109,Sunday,22,41,22.0,120.0
10167_109,Sunday,22,34,0.0,0.0
17348_700,Sunday,22,135,0.4,120.0
17368_700,Sunday,22,175,10.3,120.0
23415_700,Sunday,22,309,33.0,480.0
17465_700,Sunday,22,263,25.1,180.0
17326_700,Sunday,22,111,90.8,420.0
24046_100,Sunday,22,20,12.0,120.0
10155_109,Sunday,22,60,22.0,300.0
17367_700,Sunday,22,155,9.7,120.0
17292_700,Sunday,22,213,40.3,240.0
17444_900,Sunday,22,361,0.0,240.0
17520_700,Sunday,22,30,14.0,120.0
17334_700,Sunday,22,297,-164.0,120.0
17461_700,Sunday,22,204,2.4,120.0
10226_109,Sunday,22,193,60.0,660.0
17299_700,Sunday,22,112,2.7,120.0
24042_100,Sunday,22,46,43.0,840.0
17320_700,Sunday,22,299,32.5,240.0
17453_700,Sunday,22,355,174.4,900.0
1955_700,Sunday,22,37,-5125.8,162.0
17339_700,Sunday,22,228,6.6,60.0
10170_109,Sunday,22,28,6.4,60.0
17361_700,Sunday,22,156,4.2,120.0
4495_700,Sunday,22,10,255.2,298.0
17344_700,Sunday,22,39,-4.6,0.0
17512_400,Sunday,22,20,3.0,60.0
17420_900,Sunday,22,82,5.9,120.0
23154_700,Sunday,22,15,0.0,0.0
17341_700,Sunday,22,244,20.2,120.0
17302_700,Sunday,22,146,42.3,180.0
17356_700,Sunday,22,160,43.1,240.0
17297_700,Sunday,22,133,-11.3,60.0
17296_700,Sunday,22,50,0.0,120.0
17362_700,Sunday,22,85,4.2,180.0
1880_900,Sunday,22,10,-33.0,73.0
28259_100,Sunday,22,104,50.2,360.0
17415_700,Sunday,22,18,0.0,0.0
17281_700,Sunday,22,58,19.7,60.0
17313_700,Sunday,22,70,-1.7,60.0
17327_700,Sunday,22,34,1.8,60.0
17354_700,Sunday,22,122,23.1,120.0
5238_700,Sunday,22,65,49.0,133.0
4281_700,Sunday,22,41,83.2,142.0
17406_700,Sunday,22,13,0.0,0.0
17309_700,Sunday,22,128,0.0,60.0
17532_700,Sunday,22,91,-0.7,120.0
17744_700,Sunday,22,33,0.0,60.0
17340_700,Sunday,22,126,21.0,120.0
17349_700,Sunday,22,296,23.9,120.0
17517_700,Sunday,22,8,37.5,180.0
28572_109,Sunday,22,7,25.7,60.0
24045_100,Sunday,22,93,62.6,420.0
10157_109,Sunday,22,150,16.8,120.0
28411_109,Sunday,22,13,13.8,60.0
22240_109,Sunday,22,13,18.5,60.0
17541_700,Sunday,22,17,63.2,225.0
17311_700,Sunday,22,226,-0.5,120.0
17318_700,Sunday,22,109,13.8,300.0
17538_700,Sunday,22,257,-0.2,120.0
19065_100,Sunday,22,6,150.0,240.0
18915_700,Sunday,22,12,61.9,62.0
17530_700,Sunday,22,50,-3.6,0.0
17364_700,Sunday,22,90,90.0,360.0
17280_700,Sunday,22,87,-5.5,60.0
17323_700,Sunday,22,22,16.4,60.0
23414_700,Sunday,22,80,-0.8,60.0
17437_700,Sunday,22,42,7.1,120.0
18945_700,Sunday,22,49,99.3,200.0
17414_700,Sunday,22,77,25.7,240.0
17441_700,Sunday,22,455,33.1,180.0
17455_700,Sunday,22,236,1.3,120.0
26781_700,Sunday,22,8,0.0,0.0
24050_100,Sunday,22,22,32.7,180.0
17417_900,Sunday,22,246,-1.2,60.0
10144_109,Sunday,22,58,34.1,120.0
5249_700,Sunday,22,72,94.7,203.0
1945_700,Sunday,22,28,6.0,89.0
17357_700,Sunday,22,15,0.0,0.0
17375_700,Sunday,22,22,0.0,0.0
21284_700,Sunday,22,106,13.0,300.0
17332_700,Sunday,22,16,3.7,60.0
19155_109,Sunday,22,59,4.1,60.0
17380_700,Sunday,22,65,26.8,120.0
17321_700,Sunday,22,42,14.3,60.0
17308_700,Sunday,22,75,12.8,60.0
17370_700,Sunday,22,88,13.0,120.0
17343_700,Sunday,22,52,19.6,60.0
17347_700,Sunday,22,265,18.1,240.0
17350_700,Sunday,22,224,12.9,300.0
12194_700,Sunday,22,3,138.3,159.0
20369_100,Sunday,22,12,0.0,0.0
17335_700,Sunday,22,240,26.3,120.0
17435_700,Sunday,22,47,14.0,180.0
17540_700,Sunday,22,3,45.7,109.0
17379_700,Sunday,22,147,-0.4,60.0
17407_700,Sunday,22,12,0.0,0.0
17458_700,Sunday,22,368,9.8,180.0
17293_700,Sunday,22,40,19.5,60.0
17384_700,Sunday,22,34,-5.3,0.0
17331_700,Sunday,22,30,0.0,0.0
17359_700,Sunday,22,63,16.2,120.0
16354_700,Sunday,22,3,-96.3,0.0
17295_700,Sunday,22,48,7.5,60.0
17322_700,Sunday,22,41,0.0,60.0
17409_700,Sunday,22,53,2.3,120.0
17535_700,Sunday,22,31,17.4,60.0
17300_700,Sunday,22,120,118.5,300.0
17307_700,Sunday,22,19,18.9,60.0
13107_700,Sunday,22,3,42.3,127.0
17412_700,Sunday,22,54,-2.2,0.0
29220_700,Sunday,22,29,2.1,60.0
17336_700,Sunday,22,16,0.0,0.0
4259_700,Sunday,22,29,16.0,35.0
1925_700,Sunday,22,17,4.1,70.0
17377_700,Sunday,22,46,10.4,120.0
17366_700,Sunday,22,77,13.2,60.0
17378_700,Sunday,22,112,47.7,180.0
24057_100,Sunday,22,28,25.7,180.0
28311_100,Sunday,22,12,0.0,180.0
19059_100,Sunday,22,23,65.2,360.0
1546_700,Sunday,22,28,3.8,81.0
10158_109,Sunday,22,33,18.2,60.0
18911_700,Sunday,22,43,60.3,63.0
4287_700,Sunday,22,41,7.4,63.0
17315_700,Sunday,22,54,-6.7,0.0
1879_900,Sunday,22,3,26.7,54.0
16345_100,Sunday,22,26,0.0,0.0
19705_700,Sunday,22,17,84.7,420.0
10682_700,Sunday,22,21,152.0,217.0
24759_700,Sunday,22,42,18.6,300.0
18920_700,Sunday,22,28,71.0,89.0
17317_700,Sunday,22,50,4.8,180.0
10676_700,Sunday,22,22,-7.9,69.0
5379_700,Sunday,22,66,41.8,178.0
17372_700,Sunday,22,92,5.2,180.0
17279_700,Sunday,22,12,55.0,120.0
5382_700,Sunday,22,10,21.4,25.0
18937_700,Sunday,22,36,16.4,68.0
18909_700,Sunday,22,37,27.4,68.0
18931_700,Sunday,22,32,138.0,138.0
1870_700,Sunday,22,4,243.8,893.0
1921_700,Sunday,22,21,-29.4,5.0
9696_700,Sunday,22,3,-3.0,0.0
1548_700,Monday,0,190,12.4,75.0
17518_400,Monday,0,264,7.5,60.0
17442_900,Monday,0,300,21.2,360.0
28777_700,Monday,0,93,0.0,0.0
10143_109,Monday,0,251,269.2,1380.0
1556_900,Monday,0,123,2.8,66.0
17452_900,Monday,0,226,-43.8,180.0
1547_700,Monday,0,74,10.9,130.0
17512_400,Monday,0,24,0.0,0.0
17460_900,Monday,0,423,27.9,300.0
19059_100,Monday,0,28,-8.6,0.0
5596_700,Monday,0,25,39.4,108.0
11362_700,Monday,0,354,0.0,0.0
17446_900,Monday,0,76,-29.2,60.0
10223_109,Monday,0,199,8.7,240.0
17514_400,Monday,0,230,12.3,180.0
17465_700,Monday,0,147,-46.1,60.0
5633_900,Monday,0,175,3.8,73.0
17424_900,Monday,0,130,1.4,60.0
17459_900,Monday,0,295,2.4,360.0
17515_400,Monday,0,312,19.6,240.0
1549_700,Monday,0,27,0.0,0.0
19058_100,Monday,0,69,141.7,900.0
11537_109,Monday,0,30,16.0,180.0
7361_700,Monday,0,75,44.5,99.0
16859_700,Monday,0,242,6.2,129.0
17374_900,Monday,0,273,-34.3,60.0
15277_700,Monday,0,70,9.1,73.0
10141_109,Monday,0,406,98.1,1320.0
17325_700,Monday,0,197,-5.5,120.0
17365_700,Monday,0,83,1.4,120.0
28571_109,Monday,0,8,0.0,0.0
17526_400,Monday,0,140,13.3,60.0
10148_109,Monday,0,242,6.9,120.0
18351_700,Monday,0,44,224.6,912.0
17523_400,Monday,0,396,6.2,120.0
24025_100,Monday,0,126,16.7,480.0
17527_700,Monday,0,6,40.0,120.0
17440_900,Monday,0,378,5.9,180.0
17520_700,Monday,0,24,5.0,60.0
17438_900,Monday,0,111,-3.8,60.0
26783_106,Monday,0,8,0.0,0.0
17419_900,Monday,0,72,-34.2,0.0
24053_100,Monday,0,44,250.9,960.0
17352_900,Monday,0,59,-6.1,0.0
19705_700,Monday,0,8,0.0,0.0
17355_700,Monday,0,131,-42.1,60.0
22754_700,Monday,0,108,17.2,60.0
17279_700,Monday,0,11,0.0,0.0
17463_900,Monday,0,180,2.3,120.0
17320_700,Monday,0,204,-15.0,120.0
10149_109,Monday,0,212,2.3,60.0
10155_109,Monday,0,65,85.8,480.0
17521_400,Monday,0,235,9.2,180.0
17306_700,Monday,0,345,-4.2,120.0
26785_106,Monday,0,6,0.0,0.0
18909_700,Monday,0,69,2.5,38.0
17450_700,Monday,0,59,13.2,60.0
17525_400,Monday,0,261,16.6,240.0
10170_109,Monday,0,31,3.9,60.0
17305_700,Monday,0,230,194.3,1080.0
17529_700,Monday,0,27,-40.0,0.0
5635_900,Monday,0,248,2.0,83.0
17458_700,Monday,0,141,-11.9,180.0
1554_700,Monday,0,178,0.0,0.0
17316_700,Monday,0,125,-19.7,120.0
19155_109,Monday,0,60,-6.0,60.0
17422_900,Monday,0,144,-19.6,180.0
18915_700,Monday,0,17,82.9,129.0
17310_700,Monday,0,147,-18.8,60.0
15274_700,Monday,0,77,14.3,142.0
24043_100,Monday,0,7,-17.1,0.0
17334_700,Monday,0,132,-25.9,120.0
17330_700,Monday,0,119,-30.8,60.0
17370_700,Monday,0,44,0.0,0.0
17540_700,Monday,0,8,125.0,125.0
17516_400,Monday,0,30,0.0,0.0
21619_700,Monday,0,9,76.0,76.0
17508_700,Monday,0,23,0.0,0.0
17495_700,Monday,0,12,0.0,0.0
10157_109,Monday,0,163,4.8,60.0
10162_109,Monday,0,278,16.4,240.0
28411_109,Monday,0,14,0.0,0.0
22625_700,Monday,0,156,34.2,181.0
10226_109,Monday,0,220,35.2,480.0
10165_109,Monday,0,44,27.3,180.0
17418_900,Monday,0,218,5.8,180.0
17302_700,Monday,0,108,-59.4,0.0
17461_700,Monday,0,175,13.4,120.0
17311_700,Monday,0,80,23.3,120.0
17312_700,Monday,0,54,-18.9,0.0
17318_700,Monday,0,46,5.2,60.0
17328_700,Monday,0,59,2.0,60.0
17341_700,Monday,0,181,38.8,180.0
17342_700,Monday,0,181,-7.3,300.0
17343_700,Monday,0,35,-10.3,0.0
17347_700,Monday,0,97,-4.3,60.0
17349_700,Monday,0,168,-27.5,60.0
17350_700,Monday,0,114,-20.0,0.0
17359_700,Monday,0,41,5.9,60.0
17364_700,Monday,0,72,22.5,180.0
17367_700,Monday,0,118,-21.9,120.0
17381_700,Monday,0,22,-49.1,0.0
17445_700,Monday,0,66,-42.7,0.0
17447_700,Monday,0,124,12.6,60.0
17449_700,Monday,0,224,-5.6,60.0
17451_700,Monday,0,94,44.7,60.0
17453_700,Monday,0,262,70.5,540.0
23415_700,Monday,0,149,71.7,180.0
17455_700,Monday,0,237,-20.5,60.0
17456_700,Monday,0,231,0.3,180.0
17462_700,Monday,0,114,-26.3,60.0
17309_700,Monday,0,94,40.2,120.0
17437_700,Monday,0,32,20.6,120.0
17301_900,Monday,0,119,-1.0,240.0
17416_900,Monday,0,107,-22.4,0.0
17417_900,Monday,0,194,4.0,60.0
17444_900,Monday,0,313,-17.8,60.0
17457_700,Monday,0,175,13.4,120.0
17303_700,Monday,0,164,-56.0,120.0
17319_700,Monday,0,130,52.2,180.0
18374_700,Monday,0,119,26.2,120.0
17337_700,Monday,0,14,17.1,120.0
17339_700,Monday,0,203,201.6,2220.0
17368_700,Monday,0,126,-21.4,60.0
17378_700,Monday,0,104,12.7,120.0
17441_700,Monday,0,286,-19.5,120.0
17448_700,Monday,0,123,-8.3,180.0
17354_700,Monday,0,65,-80.3,0.0
22390_700,Monday,0,36,16.7,120.0
17293_700,Monday,0,15,52.0,60.0
17335_700,Monday,0,60,-27.0,0.0
18931_700,Monday,0,32,0.1,68.0
17299_700,Monday,0,104,8.7,120.0
17493_700,Monday,0,8,60.0,60.0
17280_700,Monday,0,87,15.9,180.0
21284_700,Monday,0,77,22.6,180.0
17536_700,Monday,0,19,-22.1,60.0
17281_700,Monday,0,69,20.0,120.0
18926_700,Monday,0,11,70.9,71.0
17366_700,Monday,0,72,-23.3,60.0
17292_700,Monday,0,100,22.8,180.0
26784_106,Monday,0,7,8.6,60.0
17345_700,Monday,0,49,-26.9,60.0
17379_700,Monday,0,96,13.7,120.0
17464_700,Monday,0,40,27.0,60.0
17503_700,Monday,0,49,0.0,0.0
17384_700,Monday,0,23,-67.8,0.0
17398_700,Monday,0,22,-2.7,0.0
17289_700,Monday,0,33,54.5,120.0
17340_700,Monday,0,87,-13.1,60.0
17361_700,Monday,0,26,-6.9,0.0
17333_700,Monday,0,46,-1.3,0.0
18937_700,Monday,0,36,227.4,277.0
17308_700,Monday,0,36,-45.0,0.0
17360_700,Monday,0,90,16.7,240.0
17537_700,Monday,0,28,15.0,120.0
1928_700,Monday,0,13,-144.6,0.0
17317_700,Monday,0,50,37.2,180.0
17363_700,Monday,0,32,20.6,60.0
24050_100,Monday,0,7,-8.6,60.0
10145_109,Monday,0,207,202.6,1320.0
10160_109,Monday,0,27,2.2,60.0
10167_109,Monday,0,32,3.8,60.0
17313_700,Monday,0,32,-56.2,0.0
17346_700,Monday,0,59,-34.6,0.0
17474_700,Monday,0,43,0.0,0.0
17321_700,Monday,0,44,-5.5,0.0
17420_900,Monday,0,41,-1.5,120.0
17294_700,Monday,0,105,-5.1,0.0
17484_700,Monday,0,26,0.0,0.0
17304_700,Monday,0,167,-71.5,0.0
22804_700,Monday,0,24,-28.6,60.0
17454_700,Monday,0,36,1.7,60.0
17488_700,Monday,0,24,2.5,60.0
17356_700,Monday,0,141,53.6,300.0
10229_109,Monday,0,22,5.5,60.0
17300_700,Monday,0,121,94.2,420.0
17373_700,Monday,0,98,-31.8,60.0
17538_700,Monday,0,170,-38.1,0.0
17435_700,Monday,0,34,33.5,60.0
18923_700,Monday,0,18,131.8,140.0
17467_700,Monday,0,68,0.0,0.0
17400_700,Monday,0,44,-8.2,0.0
18945_700,Monday,0,5,16.6,17.0
17314_700,Monday,0,56,-37.5,60.0
23945_100,Monday,0,55,96.0,540.0
17541_700,Monday,0,26,10.7,65.0
17380_700,Monday,0,32,28.1,60.0
17497_700,Monday,0,16,-112.5,0.0
17290_700,Monday,0,213,-37.2,180.0
17494_700,Monday,0,66,26.4,120.0
17535_700,Monday,0,29,-39.3,0.0
17509_700,Monday,0,4,120.0,180.0
17296_700,Monday,0,23,26.1,60.0
17369_700,Monday,0,17,-7.1,0.0
17744_700,Monday,0,18,3.3,60.0
17517_700,Monday,0,8,0.0,0.0
17530_700,Monday,0,14,8.6,60.0
29220_700,Monday,0,30,42.0,60.0
15959_700,Monday,0,36,124.4,140.0
28412_109,Monday,0,12,0.0,0.0
17297_700,Monday,0,66,-73.6,0.0
17372_700,Monday,0,92,28.0,60.0
17362_700,Monday,0,18,0.0,0.0
17409_700,Monday,0,25,38.4,180.0
24045_100,Monday,0,73,211.2,1080.0
5249_700,Monday,0,38,7.2,10.0
18939_700,Monday,0,14,292.9,293.0
17315_700,Monday,0,25,0.0,0.0
19066_100,Monday,0,13,18.5,60.0
28259_100,Monday,0,35,22.3,300.0
17329_700,Monday,0,68,0.9,180.0
17326_700,Monday,0,5,60.0,60.0
336_700,Monday,0,23,2.7,61.0
12193_700,Monday,0,7,-11.7,74.0
17295_700,Monday,0,17,-10.6,0.0
23414_700,Monday,0,61,3.0,60.0
17407_700,Monday,0,15,0.0,0.0
17348_700,Monday,0,106,-10.8,60.0
12194_700,Monday,0,4,-51.8,0.0
17377_700,Monday,0,42,0.0,0.0
21681_700,Monday,0,14,0.0,0.0
24052_100,Monday,0,9,0.0,60.0
24042_100,Monday,0,19,6.3,60.0
26788_106,Monday,0,24,264.8,516.0
17375_700,Monday,0,12,-5.0,0.0
337_700,Monday,0,29,-6.1,56.0
24759_700,Monday,0,20,132.8,136.0
18920_700,Monday,0,28,80.4,102.0
17327_700,Monday,0,22,0.0,0.0
17483_700,Monday,0,25,0.0,0.0
17307_700,Monday,0,11,0.0,0.0
28777_700,Monday,2,62,0.0,0.0
16859_700,Monday,2,186,1.3,76.0
22625_700,Monday,2,234,25.8,72.0
11362_700,Monday,2,400,22.1,147.0
1554_700,Monday,2,195,10.3,135.0
23945_100,Monday,2,16,0.0,0.0
19059_100,Monday,2,28,-8.6,0.0
19058_100,Monday,2,52,-2.3,120.0
10141_109,Monday,2,23,2.6,60.0
24025_100,Monday,2,248,-14.8,60.0
19155_109,Monday,2,30,-6.0,0.0
17441_700,Monday,2,275,28.8,180.0
24045_100,Monday,2,106,-4.0,240.0
24053_100,Monday,2,31,-19.4,0.0
28311_100,Monday,2,44,1.4,120.0
24052_100,Monday,2,11,38.2,240.0
17460_900,Monday,2,124,3.4,180.0
17467_700,Monday,2,307,31.1,180.0
17470_700,Monday,2,236,9.2,120.0
17484_700,Monday,2,121,13.9,60.0
17504_700,Monday,2,161,-1.9,0.0
22754_700,Monday,2,55,0.0,60.0
17456_700,Monday,2,228,16.6,120.0
17468_700,Monday,2,92,38.5,60.0
22755_700,Monday,2,34,0.0,0.0
23416_700,Monday,2,47,61.3,180.0
17477_700,Monday,2,170,13.1,180.0
17472_700,Monday,2,203,156.1,540.0
17452_900,Monday,2,75,1.6,120.0
24050_100,Monday,2,53,-7.9,0.0
17481_700,Monday,2,87,60.7,180.0
24046_100,Monday,2,40,-12.0,0.0
17494_700,Monday,2,290,5.8,120.0
17479_700,Monday,2,130,-15.7,0.0
17442_900,Monday,2,221,40.2,360.0
17448_700,Monday,2,185,14.3,60.0
21681_700,Monday,2,25,26.4,60.0
17491_700,Monday,2,15,48.0,120.0
17444_900,Monday,2,200,-0.6,60.0
17473_700,Monday,2,146,0.4,120.0
17449_700,Monday,2,176,30.3,300.0
17500_700,Monday,2,20,60.0,120.0
17489_700,Monday,2,276,28.3,480.0
17497_700,Monday,2,376,27.4,180.0
17507_700,Monday,2,22,60.0,120.0
17505_700,Monday,2,54,0.0,0.0
17459_900,Monday,2,108,-1.1,60.0
22674_700,Monday,2,135,8.4,60.0
20359_700,Monday,2,23,0.0,0.0
17496_700,Monday,2,136,7.5,180.0
24044_100,Monday,2,35,0.0,0.0
17492_700,Monday,2,125,108.0,480.0
17461_700,Monday,2,138,2.6,120.0
17457_700,Monday,2,100,15.6,120.0
17466_700,Monday,2,92,-0.7,180.0
17471_700,Monday,2,688,239.5,1860.0
17510_700,Monday,2,26,36.9,60.0
17438_900,Monday,2,35,0.0,0.0
17450_700,Monday,2,32,1.9,60.0
17463_900,Monday,2,118,1.5,60.0
17508_700,Monday,2,41,32.2,120.0
17488_700,Monday,2,44,77.7,120.0
17455_700,Monday,2,160,-0.0,60.0
17465_700,Monday,2,50,18.0,60.0
17435_700,Monday,2,29,22.8,60.0
17454_700,Monday,2,31,280.6,540.0
17447_700,Monday,2,89,2.0,60.0
17446_900,Monday,2,32,0.0,0.0
17482_700,Monday,2,12,0.0,0.0
17474_700,Monday,2,215,21.2,120.0
17437_700,Monday,2,32,18.8,300.0
17464_700,Monday,2,82,0.0,0.0
17493_700,Monday,2,47,-3.8,0.0
10223_109,Monday,2,6,410.0,420.0
17462_700,Monday,2,106,58.3,120.0
17490_700,Monday,2,20,3.0,60.0
17483_700,Monday,2,48,-1.3,0.0
17495_700,Monday,2,20,93.0,180.0
17480_700,Monday,2,27,4.4,60.0
17451_700,Monday,2,61,31.5,180.0
17458_700,Monday,2,64,9.4,180.0
17453_700,Monday,2,115,17.2,120.0
17445_700,Monday,2,62,1.0,60.0
17469_700,Monday,2,309,33.8,240.0
17476_700,Monday,2,191,-0.9,120.0
17487_700,Monday,2,111,5.4,300.0
17501_700,Monday,2,10,6.0,60.0
17440_900,Monday,2,146,-4.9,120.0
23415_700,Monday,2,146,37.0,240.0
26782_700,Monday,2,37,30.8,120.0
17503_700,Monday,2,139,1.3,120.0
17744_700,Monday,2,13,4.6,60.0
10149_109,Monday,2,13,0.0,0.0
27300_700,Monday,2,9,13.3,60.0
17509_700,Monday,2,13,55.4,60.0
28258_100,Monday,2,9,0.0,0.0
17499_700,Monday,2,10,54.0,60.0
17485_700,Monday,2,13,4.6,60.0
17486_700,Monday,2,17,0.0,0.0
17478_700,Monday,2,8,0.0,0.0
12193_700,Monday,2,24,0.0,0.0
17530_700,Monday,6,313,-14.0,180.0
17417_900,Monday,6,170,18.0,120.0
5249_700,Monday,6,245,107.5,3259.0
19106_700,Monday,6,24,627.5,1048.0
22754_700,Monday,6,340,3.2,180.0
17305_700,Monday,6,437,7.6,420.0
5269_3,Monday,6,17,1669.1,1678.0
10142_109,Monday,6,260,5.8,60.0
24044_100,Monday,6,35,-3.4,0.0
10685_700,Monday,6,8,0.0,0.0
5341_700,Monday,6,39,35.4,65.0
5337_700,Monday,6,86,97.8,315.0
16009_700,Monday,6,119,21.3,149.0
5596_700,Monday,6,238,6.1,1259.0
15274_700,Monday,6,684,1.2,257.0
7362_900,Monday,6,595,1.5,76.0
1556_900,Monday,6,653,0.1,74.0
18369_700,Monday,6,119,71.8,336.0
22719_700,Monday,6,4,0.0,0.0
18344_700,Monday,6,58,-1.3,0.0
22696_700,Monday,6,36,0.0,0.0
18354_700,Monday,6,72,12.1,96.0
5371_700,Monday,6,89,34.0,227.0
1546_700,Monday,6,524,10.3,270.0
25529_700,Monday,6,16,0.0,0.0
4456_700,Monday,6,210,0.9,73.0
19059_100,Monday,6,54,-3.3,120.0
10162_109,Monday,6,287,3.1,120.0
5633_900,Monday,6,684,2.0,131.0
26788_106,Monday,6,60,68.9,311.0
27308_700,Monday,6,13,0.0,0.0
15273_700,Monday,6,150,0.0,0.0
22688_700,Monday,6,23,0.0,0.0
22708_700,Monday,6,193,31.5,387.0
5365_700,Monday,6,164,1.6,60.0
5332_700,Monday,6,91,11.4,166.0
1549_700,Monday,6,781,8.6,238.0
1550_700,Monday,6,273,1.8,76.0
19066_100,Monday,6,133,55.0,360.0
26748_100,Monday,6,42,104.3,300.0
27289_700,Monday,6,96,1.9,60.0
7361_700,Monday,6,490,0.9,137.0
18358_700,Monday,6,90,18.2,112.0
18348_700,Monday,6,20,39.2,392.0
5350_700,Monday,6,127,63.2,479.0
5351_700,Monday,6,19,31.6,60.0
15277_700,Monday,6,567,12.9,408.0
27279_700,Monday,6,68,0.0,0.0
27968_700,Monday,6,82,11.3,294.0
1547_700,Monday,6,242,-5.8,133.0
27310_700,Monday,6,31,0.0,0.0
27291_700,Monday,6,131,39.8,180.0
27293_700,Monday,6,89,48.5,180.0
27916_700,Monday,6,112,25.8,270.0
22692_700,Monday,6,98,22.2,183.0
20813_100,Monday,6,32,0.0,0.0
27307_700,Monday,6,16,0.0,0.0
24057_100,Monday,6,60,2.0,120.0
1548_700,Monday,6,1140,1.2,146.0
19058_100,Monday,6,210,2.3,300.0
5635_900,Monday,6,1571,5.3,159.0
18359_700,Monday,6,144,3.5,81.0
1558_900,Monday,6,562,0.1,57.0
5340_700,Monday,6,97,29.6,231.0
15278_700,Monday,6,18,0.0,0.0
24025_100,Monday,6,366,-2.8,600.0
26793_106,Monday,6,12,0.0,0.0
5384_700,Monday,6,196,36.2,182.0
10167_109,Monday,6,258,9.3,180.0
18353_700,Monday,6,132,7.1,134.0
5372_700,Monday,6,135,31.3,120.0
22706_700,Monday,6,70,95.0,303.0
22707_700,Monday,6,34,0.0,0.0
3713_700,Monday,6,38,0.0,0.0
22804_700,Monday,6,270,3.7,156.0
27297_700,Monday,6,28,0.0,0.0
1551_700,Monday,6,660,3.4,289.0
5339_700,Monday,6,221,29.8,367.0
15276_700,Monday,6,256,1.1,74.0
1934_700,Monday,6,20,0.0,0.0
5355_700,Monday,6,13,27.7,60.0
5362_700,Monday,6,59,69.7,120.0
5377_700,Monday,6,101,1.9,60.0
22685_700,Monday,6,68,0.0,0.0
18347_700,Monday,6,70,0.0,0.0
340_900,Monday,6,484,0.9,103.0
27268_700,Monday,6,79,0.0,0.0
5334_700,Monday,6,84,3.5,139.0
24050_100,Monday,6,77,12.5,180.0
5378_700,Monday,6,171,-10.8,85.0
10143_109,Monday,6,222,9.5,180.0
26791_106,Monday,6,8,0.0,0.0
18906_700,Monday,6,39,59.3,65.0
22240_109,Monday,6,200,7.5,120.0
18352_700,Monday,6,50,1.3,22.0
22712_700,Monday,6,181,23.8,252.0
18339_700,Monday,6,42,0.3,14.0
22722_700,Monday,6,31,11.0,108.0
18361_700,Monday,6,161,11.2,158.0
22711_700,Monday,6,57,0.0,0.0
5353_700,Monday,6,106,18.2,450.0
27275_700,Monday,6,394,36.5,420.0
10226_109,Monday,6,221,1.1,60.0
22691_700,Monday,6,292,16.0,108.0
18360_700,Monday,6,168,27.4,185.0
22698_700,Monday,6,82,0.0,0.0
22697_700,Monday,6,29,0.0,0.0
22701_700,Monday,6,100,74.8,336.0
27299_700,Monday,6,99,23.0,180.0
18949_109,Monday,6,172,16.4,180.0
22686_700,Monday,6,122,9.7,86.0
27963_700,Monday,6,134,241.6,620.0
26790_106,Monday,6,77,0.8,61.0
22694_700,Monday,6,110,3.7,43.0
16915_700,Monday,6,142,3.2,106.0
343_900,Monday,6,418,1.8,115.0
10141_109,Monday,6,343,9.3,180.0
27300_700,Monday,6,165,2.2,60.0
10144_109,Monday,6,130,10.6,120.0
10170_109,Monday,6,268,5.1,120.0
18368_700,Monday,6,71,15.0,96.0
21947_700,Monday,6,122,4.3,84.0
22718_700,Monday,6,10,0.0,0.0
10224_109,Monday,6,222,2.4,120.0
5380_700,Monday,6,77,-2.1,60.0
22702_700,Monday,6,143,47.2,268.0
22714_700,Monday,6,384,10.1,141.0
29102_700,Monday,6,71,-1.2,31.0
5348_700,Monday,6,14,12.1,137.0
27306_700,Monday,6,25,0.0,0.0
22699_700,Monday,6,24,0.0,0.0
18350_700,Monday,6,230,1.6,82.0
17294_700,Monday,6,152,-2.0,0.0
22709_700,Monday,6,58,39.7,256.0
5381_700,Monday,6,253,6.9,197.0
26786_106,Monday,6,80,6.0,60.0
22739_700,Monday,6,166,1.4,12.0
27290_700,Monday,6,162,45.9,300.0
5379_700,Monday,6,139,4.8,108.0
5370_700,Monday,6,154,19.7,151.0
22687_700,Monday,6,91,0.0,0.0
22724_700,Monday,6,72,0.0,0.0
27294_700,Monday,6,23,0.0,0.0
23444_700,Monday,6,42,43.2,76.0
16735_700,Monday,6,28,0.0,0.0
5364_700,Monday,6,123,47.6,238.0
27276_700,Monday,6,114,0.0,0.0
22723_700,Monday,6,48,13.3,122.0
22725_700,Monday,6,20,0.0,0.0
5336_700,Monday,6,83,32.4,137.0
17452_900,Monday,6,645,-0.2,360.0
18355_700,Monday,6,84,4.0,121.0
22717_700,Monday,6,72,61.8,234.0
18900_700,Monday,6,109,90.0,149.0
22693_700,Monday,6,48,0.0,0.0
5343_700,Monday,6,124,29.2,259.0
27939_700,Monday,6,27,20.1,68.0
18910_700,Monday,6,30,0.5,4.0
22726_700,Monday,6,69,0.9,40.0
27947_700,Monday,6,230,44.7,385.0
26784_106,Monday,6,72,57.7,603.0
27277_700,Monday,6,94,113.6,660.0
27966_700,Monday,6,53,155.9,628.0
22710_700,Monday,6,90,0.0,0.0
20812_100,Monday,6,9,0.0,0.0
24052_100,Monday,6,60,19.0,300.0
5335_700,Monday,6,69,30.7,158.0
27280_700,Monday,6,185,27.6,180.0
1929_700,Monday,6,18,0.0,0.0
5382_700,Monday,6,19,0.0,0.0
27967_700,Monday,6,83,11.5,262.0
24045_100,Monday,6,186,-7.7,180.0
10227_109,Monday,6,210,8.0,120.0
26787_106,Monday,6,15,0.0,0.0
18341_700,Monday,6,24,45.6,136.0
27292_700,Monday,6,62,43.5,180.0
1880_900,Monday,6,31,2.1,63.0
5368_700,Monday,6,178,59.2,456.0
27934_700,Monday,6,195,37.8,288.0
27959_700,Monday,6,113,35.1,160.0
27915_700,Monday,6,56,3.6,69.0
20809_100,Monday,6,14,0.0,0.0
19155_109,Monday,6,60,8.0,120.0
1870_700,Monday,6,86,344.9,3635.0
26454_700,Monday,6,44,1.7,74.0
29101_700,Monday,6,59,42.9,246.0
18351_700,Monday,6,40,67.2,302.0
20810_700,Monday,6,18,0.0,0.0
5369_700,Monday,6,168,21.6,304.0
5346_700,Monday,6,52,89.2,410.0
27945_700,Monday,6,120,3.5,133.0
10223_109,Monday,6,221,7.9,180.0
15714_700,Monday,6,40,1.5,60.0
22695_700,Monday,6,69,6.9,131.0
18340_700,Monday,6,22,0.0,0.0
19065_100,Monday,6,8,0.0,0.0
18345_700,Monday,6,18,0.0,0.0
26405_700,Monday,6,44,66.9,373.0
22700_700,Monday,6,92,3.6,30.0
17744_700,Monday,6,43,0.0,0.0
27270_700,Monday,6,23,120.0,240.0
16734_700,Monday,6,33,0.0,0.0
22704_700,Monday,6,32,0.0,0.0
5358_700,Monday,6,38,44.9,276.0
27278_700,Monday,6,44,0.0,0.0
17521_400,Monday,6,469,18.7,120.0
28311_100,Monday,6,54,6.7,120.0
17427_900,Monday,6,150,7.6,60.0
24055_100,Monday,6,24,-22.5,120.0
27942_700,Monday,6,64,33.2,73.0
5376_700,Monday,6,160,-3.7,14.0
28109_700,Monday,6,5,0.0,0.0
10165_109,Monday,6,48,15.0,120.0
24046_100,Monday,6,72,123.3,1200.0
1882_900,Monday,6,48,-0.1,0.0
26783_106,Monday,6,56,139.9,660.0
17462_700,Monday,6,271,37.2,180.0
10684_700,Monday,6,28,2.8,73.0
27296_700,Monday,6,74,41.4,180.0
10148_109,Monday,6,297,0.6,60.0
15959_700,Monday,6,179,17.9,333.0
27953_700,Monday,6,34,0.0,0.0
22705_700,Monday,6,33,0.0,0.0
22721_700,Monday,6,41,-39.2,0.0
26785_106,Monday,6,69,12.6,131.0
10163_109,Monday,6,287,4.4,60.0
27957_700,Monday,6,69,72.8,228.0
26789_106,Monday,6,4,0.0,0.0
10145_109,Monday,6,235,78.1,780.0
18356_700,Monday,6,17,-17.6,21.0
18370_700,Monday,6,206,21.6,225.0
17463_900,Monday,6,184,-3.6,60.0
29104_700,Monday,6,6,0.0,0.0
16214_700,Monday,6,20,56.3,346.0
27301_700,Monday,6,35,30.9,60.0
27274_700,Monday,6,45,109.3,180.0
21725_700,Monday,6,94,0.0,0.0
28803_700,Monday,6,4,0.0,0.0
27287_700,Monday,6,31,1.9,60.0
17526_400,Monday,6,261,-0.2,0.0
27285_700,Monday,6,11,0.0,0.0
22689_700,Monday,6,33,0.0,0.0
24053_100,Monday,6,158,45.6,540.0
5345_700,Monday,6,181,25.0,205.0
1881_900,Monday,6,30,5.6,63.0
22703_700,Monday,6,144,16.0,103.0
18366_700,Monday,6,19,27.6,72.0
5344_700,Monday,6,37,24.7,169.0
17518_400,Monday,6,623,9.6,180.0
27951_700,Monday,6,97,446.6,1812.0
18363_700,Monday,6,123,92.6,496.0
27962_700,Monday,6,24,0.0,0.0
1971_700,Monday,6,20,10.3,72.0
5354_700,Monday,6,35,28.4,150.0
17293_700,Monday,6,82,13.2,120.0
28800_700,Monday,6,11,91.9,92.0
16733_700,Monday,6,14,0.0,0.0
17438_900,Monday,6,197,0.3,60.0
27952_700,Monday,6,227,44.5,177.0
18935_700,Monday,6,43,50.7,63.0
18931_700,Monday,6,184,52.8,123.0
22690_700,Monday,6,55,0.0,0.0
27958_700,Monday,6,15,0.0,0.0
5338_700,Monday,6,13,55.4,60.0
27969_700,Monday,6,130,158.7,683.0
27284_700,Monday,6,24,0.0,0.0
5373_700,Monday,6,20,0.0,0.0
29103_700,Monday,6,48,14.0,117.0
5232_700,Monday,6,78,470.1,1734.0
4257_700,Monday,6,70,53.9,193.0
4223_700,Monday,6,46,43.3,128.0
22684_700,Monday,6,22,0.0,0.0
18911_700,Monday,6,63,34.3,65.0
6621_700,Monday,6,15,72.9,125.0
27941_700,Monday,6,41,32.9,128.0
27948_700,Monday,6,48,0.0,0.0
23945_100,Monday,6,125,46.1,660.0
24049_100,Monday,6,48,3.8,60.0
27960_700,Monday,6,10,0.0,0.0
5252_700,Monday,6,30,136.6,273.0
27950_700,Monday,6,24,36.8,129.0
10149_109,Monday,6,186,7.1,180.0
10155_109,Monday,6,204,12.6,180.0
10157_109,Monday,6,298,9.1,120.0
22609_700,Monday,6,369,-9.1,60.0
18365_700,Monday,6,3,6.0,18.0
18364_700,Monday,6,146,580.3,2846.0
17441_700,Monday,6,1211,10.0,600.0
26410_700,Monday,6,34,180.3,407.0
19121_700,Monday,6,57,558.0,1008.0
4259_700,Monday,6,63,45.8,75.0
17376_700,Monday,6,48,0.0,0.0
27965_700,Monday,6,81,63.7,419.0
5333_700,Monday,6,71,39.4,143.0
18349_700,Monday,6,20,21.5,275.0
1874_700,Monday,6,2,-35.5,0.0
17454_700,Monday,6,152,1.6,120.0
17531_700,Monday,6,88,6.8,120.0
22390_700,Monday,6,74,-10.5,180.0
17380_700,Monday,6,102,0.0,0.0
17460_900,Monday,6,834,8.8,300.0
23435_700,Monday,6,17,86.6,408.0
17461_700,Monday,6,321,45.4,600.0
17424_900,Monday,6,334,-3.1,180.0
17328_700,Monday,6,149,70.1,180.0
17347_700,Monday,6,299,72.2,480.0
25219_700,Monday,6,9,-48.8,97.0
18343_700,Monday,6,102,59.8,331.0
19127_700,Monday,6,49,129.7,228.0
28806_700,Monday,6,65,96.7,203.0
20369_100,Monday,6,12,0.0,0.0
17443_700,Monday,6,43,-2.8,120.0
5234_700,Monday,6,64,131.6,340.0
17448_700,Monday,6,384,20.8,300.0
17464_700,Monday,6,131,-20.2,0.0
4238_700,Monday,6,33,90.2,216.0
4505_700,Monday,6,16,61.9,62.0
19103_700,Monday,6,81,34.2,137.0
28805_700,Monday,6,29,39.8,86.0
18922_700,Monday,6,118,64.8,138.0
19104_700,Monday,6,27,67.0,67.0
20930_700,Monday,6,70,99.9,132.0
19112_700,Monday,6,44,97.9,241.0
5363_700,Monday,6,60,48.9,259.0
18920_700,Monday,6,122,96.7,212.0
27937_700,Monday,6,54,115.0,218.0
27943_700,Monday,6,51,-0.2,63.0
17348_700,Monday,6,461,42.2,420.0
27288_700,Monday,6,54,83.4,206.0
28572_109,Monday,6,4,30.0,60.0
17525_400,Monday,6,461,1.0,120.0
4518_700,Monday,6,13,107.6,160.0
4248_700,Monday,6,18,89.1,124.0
10166_109,Monday,6,43,1.4,60.0
24056_100,Monday,6,42,-11.4,60.0
11536_109,Monday,6,31,1.9,60.0
10158_109,Monday,6,158,17.8,240.0
24864_109,Monday,6,25,0.0,0.0
27949_700,Monday,6,25,0.0,0.0
5342_700,Monday,6,78,1.0,55.0
17459_900,Monday,6,684,6.6,420.0
18909_700,Monday,6,177,53.7,155.0
22452_700,Monday,6,29,32.0,72.0
19114_700,Monday,6,17,235.6,438.0
4247_700,Monday,6,39,60.2,154.0
17520_700,Monday,6,115,-2.1,120.0
4234_700,Monday,6,13,7.1,31.0
28802_700,Monday,6,18,144.4,294.0
17381_700,Monday,6,183,50.2,240.0
19118_700,Monday,6,91,36.0,88.0
6626_700,Monday,6,40,52.3,125.0
24042_100,Monday,6,139,10.4,240.0
18907_700,Monday,6,9,166.3,269.0
5631_700,Monday,6,88,-0.7,0.0
5243_700,Monday,6,66,122.6,271.0
17390_700,Monday,6,42,51.4,120.0
17335_700,Monday,6,645,-17.1,240.0
10913_700,Monday,6,63,98.3,244.0
5366_700,Monday,6,5,-6.0,0.0
13889_700,Monday,6,50,167.1,215.0
18926_700,Monday,6,38,129.6,158.0
27044_700,Monday,6,24,101.0,220.0
4266_700,Monday,6,43,288.4,516.0
17364_700,Monday,6,209,-18.9,180.0
4267_700,Monday,6,18,121.2,251.0
20845_700,Monday,6,11,62.4,63.0
18898_700,Monday,6,111,85.3,213.0
5241_700,Monday,6,92,35.3,158.0
17357_700,Monday,6,29,0.0,0.0
12043_700,Monday,6,9,62.9,63.0
27946_700,Monday,6,43,233.9,808.0
18939_700,Monday,6,73,65.6,232.0
4281_700,Monday,6,86,94.7,286.0
18923_700,Monday,6,44,79.6,132.0
19009_700,Monday,6,56,87.2,217.0
4249_700,Monday,6,46,66.8,403.0
1871_700,Monday,6,17,22.4,73.0
5239_700,Monday,6,69,567.7,1977.0
23414_700,Monday,6,114,-24.2,60.0
18915_700,Monday,6,16,151.9,152.0
18932_700,Monday,6,14,84.7,132.0
25489_700,Monday,6,15,57.7,66.0
24715_700,Monday,6,4,-6.5,35.0
21749_700,Monday,6,27,134.4,217.0
17450_700,Monday,6,228,33.9,420.0
5356_700,Monday,6,7,64.3,190.0
5352_700,Monday,6,21,1.7,35.0
17435_700,Monday,6,50,30.0,120.0
27266_700,Monday,6,42,34.3,120.0
17331_700,Monday,6,113,126.4,480.0
4236_700,Monday,6,24,35.3,73.0
17437_700,Monday,6,148,52.3,360.0
17442_900,Monday,6,521,5.0,120.0
17418_900,Monday,6,76,3.2,180.0
27267_700,Monday,6,19,3.2,60.0
17338_900,Monday,6,277,0.2,180.0
17416_900,Monday,6,432,1.8,180.0
10229_109,Monday,6,34,0.0,0.0
4517_700,Monday,6,12,64.9,65.0
17316_700,Monday,6,160,33.0,240.0
20364_700,Monday,6,41,56.5,249.0
17319_700,Monday,6,289,-5.0,120.0
17453_700,Monday,6,451,56.4,420.0
17329_700,Monday,6,109,62.2,300.0
4520_700,Monday,6,55,124.0,207.0
5246_700,Monday,6,34,145.3,269.0
19126_700,Monday,6,86,61.0,229.0
18929_700,Monday,6,142,35.4,72.0
17516_400,Monday,6,20,3.0,60.0
4242_700,Monday,6,107,72.0,241.0
18930_700,Monday,6,20,102.8,124.0
17532_700,Monday,6,245,14.9,240.0
17514_400,Monday,6,701,-35.6,120.0
18913_700,Monday,6,149,106.9,258.0
17322_700,Monday,6,146,113.4,420.0
17327_700,Monday,6,195,0.3,60.0
17402_700,Monday,6,10,0.0,0.0
5359_700,Monday,6,19,-33.9,56.0
17372_700,Monday,6,83,169.2,300.0
17425_900,Monday,6,260,-12.7,0.0
17409_700,Monday,6,55,20.7,120.0
17309_700,Monday,6,99,18.8,60.0
17447_700,Monday,6,218,0.6,60.0
17403_700,Monday,6,11,-54.5,60.0
28571_109,Monday,6,10,0.0,0.0
17533_700,Monday,6,321,6.0,120.0
17446_900,Monday,6,92,0.7,60.0
24694_700,Monday,6,22,56.2,118.0
17308_700,Monday,6,99,-7.9,120.0
18362_700,Monday,6,42,174.0,260.0
17313_700,Monday,6,89,-7.4,0.0
17362_700,Monday,6,249,44.6,360.0
17458_700,Monday,6,214,26.4,120.0
24759_700,Monday,6,122,37.5,180.0
19117_700,Monday,6,3,136.7,137.0
4239_700,Monday,6,70,551.1,1677.0
16345_100,Monday,6,39,-18.5,120.0
18937_700,Monday,6,43,50.6,65.0
4502_700,Monday,6,4,86.8,87.0
6620_700,Monday,6,55,115.8,265.0
27938_700,Monday,6,47,61.4,188.0
5235_700,Monday,6,76,213.7,290.0
17325_700,Monday,6,237,3.5,60.0
17535_700,Monday,6,198,-16.1,60.0
17315_700,Monday,6,119,-1.0,120.0
17392_700,Monday,6,22,49.1,120.0
17324_900,Monday,6,225,0.5,120.0
24641_900,Monday,6,77,-2.3,0.0
5248_700,Monday,6,63,37.8,67.0
4237_700,Monday,6,21,65.6,71.0
4240_700,Monday,6,58,54.5,182.0
4495_700,Monday,6,29,228.2,384.0
17307_700,Monday,6,34,8.8,120.0
17359_700,Monday,6,154,76.0,480.0
15280_900,Monday,6,78,0.0,0.0
24718_700,Monday,6,4,0.0,0.0
17341_700,Monday,6,377,5.3,120.0
4221_700,Monday,6,43,205.3,302.0
17407_700,Monday,6,30,0.0,0.0
17281_700,Monday,6,67,16.1,60.0
17419_900,Monday,6,111,-7.0,0.0
4225_700,Monday,6,19,148.5,217.0
4253_700,Monday,6,3,109.7,133.0
4287_700,Monday,6,112,32.8,154.0
6617_700,Monday,6,65,178.9,590.0
1872_700,Monday,6,4,21.5,78.0
18367_700,Monday,6,104,83.5,206.0
19111_700,Monday,6,34,169.9,275.0
17311_700,Monday,6,242,26.3,240.0
17349_700,Monday,6,483,11.2,180.0
17351_700,Monday,6,69,0.0,0.0
17382_700,Monday,6,44,0.0,0.0
17455_700,Monday,6,494,10.4,120.0
17457_700,Monday,6,373,-3.5,180.0
17356_700,Monday,6,386,-4.8,240.0
17370_700,Monday,6,134,-7.6,120.0
17400_700,Monday,6,79,-9.9,0.0
5262_700,Monday,6,22,214.6,318.0
5256_700,Monday,6,111,156.0,286.0
19110_700,Monday,6,36,109.2,202.0
17321_700,Monday,6,67,-8.1,60.0
18945_700,Monday,6,92,24.6,132.0
17344_700,Monday,6,52,0.0,0.0
17378_700,Monday,6,158,17.5,180.0
28260_900,Monday,6,67,18.8,180.0
17444_900,Monday,6,112,22.0,240.0
5258_700,Monday,6,13,57.5,92.0
17374_900,Monday,6,52,1.2,60.0
19133_700,Monday,6,24,121.2,214.0
21750_700,Monday,6,32,72.8,137.0
17383_700,Monday,6,59,15.3,60.0
17538_700,Monday,6,321,0.4,240.0
13105_700,Monday,6,85,64.8,140.0
13136_700,Monday,6,25,116.4,124.0
13120_700,Monday,6,17,290.3,384.0
13115_700,Monday,6,13,17.1,64.0
29147_700,Monday,6,6,64.0,64.0
13113_700,Monday,6,29,55.3,203.0
13118_700,Monday,6,30,116.2,211.0
13125_700,Monday,6,23,49.1,121.0
15624_700,Monday,6,12,44.5,71.0
13122_700,Monday,6,18,112.2,127.0
29143_700,Monday,6,4,37.5,121.0
29150_700,Monday,6,28,97.0,277.0
13116_700,Monday,6,27,64.5,141.0
13110_700,Monday,6,10,58.0,74.0
29140_700,Monday,6,11,78.5,269.0
13111_700,Monday,6,4,45.0,62.0
4227_700,Monday,6,15,57.7,67.0
4250_700,Monday,6,114,110.0,327.0
4265_700,Monday,6,97,49.2,211.0
15020_700,Monday,6,2,40.0,80.0
13443_700,Monday,6,28,67.7,77.0
29169_700,Monday,6,6,20.5,63.0
29141_700,Monday,6,21,181.0,181.0
17339_700,Monday,6,372,59.8,240.0
29161_700,Monday,6,3,22.0,66.0
28712_700,Monday,6,11,5.5,60.0
5257_700,Monday,6,24,238.7,319.0
16349_100,Monday,6,10,96.0,180.0
4231_700,Monday,6,11,0.0,0.0
5251_700,Monday,6,37,81.9,197.0
5236_700,Monday,6,73,34.9,118.0
17333_700,Monday,6,209,-4.0,120.0
17398_700,Monday,6,42,45.7,240.0
17445_700,Monday,6,78,13.1,180.0
17515_400,Monday,6,562,-5.8,120.0
27286_700,Monday,6,26,0.0,0.0
17440_900,Monday,6,573,-14.5,240.0
19062_100,Monday,6,17,24.7,180.0
10150_109,Monday,6,21,2.9,60.0
4245_700,Monday,6,22,108.7,138.0
18891_700,Monday,6,25,66.0,75.0
29144_700,Monday,6,6,31.8,69.0
13114_700,Monday,6,1,67.0,67.0
17330_700,Monday,6,425,-32.0,120.0
17537_700,Monday,6,59,-10.2,0.0
24048_100,Monday,6,15,260.0,780.0
4232_700,Monday,6,27,209.0,209.0
10159_109,Monday,6,28,2.1,60.0
17421_900,Monday,6,63,0.0,0.0
9696_700,Monday,6,23,89.8,193.0
13108_700,Monday,6,40,92.6,190.0
19115_700,Monday,6,15,51.5,159.0
4511_700,Monday,6,74,81.4,198.0
17523_400,Monday,6,1095,9.4,60.0
4508_700,Monday,6,15,180.0,391.0
4256_700,Monday,6,38,145.3,254.0
25906_700,Monday,6,15,121.0,206.0
5259_700,Monday,6,16,72.8,137.0
19122_700,Monday,6,13,103.0,146.0
4499_700,Monday,6,57,47.1,163.0
27936_700,Monday,6,37,42.9,108.0
19079_700,Monday,6,14,90.7,255.0
18969_100,Monday,6,4,0.0,0.0
17320_700,Monday,6,246,-37.3,120.0
5233_700,Monday,6,43,36.9,58.0
5238_700,Monday,6,82,70.0,135.0
27954_700,Monday,6,66,15.7,91.0
17303_700,Monday,6,468,14.7,240.0
23944_100,Monday,6,6,2120.0,2220.0
4268_700,Monday,6,21,63.9,64.0
18371_700,Monday,6,44,82.7,138.0
17366_700,Monday,6,180,-48.7,0.0
17365_700,Monday,6,124,-1.0,0.0
17367_700,Monday,6,247,1.5,60.0
17451_700,Monday,6,210,-5.7,60.0
17456_700,Monday,6,404,-6.5,60.0
26780_700,Monday,6,60,27.0,120.0
4243_700,Monday,6,29,55.5,96.0
18899_700,Monday,6,58,20.3,72.0
27269_700,Monday,6,30,0.0,0.0
16354_700,Monday,6,44,47.7,150.0
17306_700,Monday,6,622,-11.3,420.0
18374_700,Monday,6,191,-15.1,0.0
4254_700,Monday,6,34,87.7,336.0
13126_700,Monday,6,41,84.9,151.0
29145_700,Monday,6,1,0.0,0.0
15024_700,Monday,6,1,62.0,62.0
13107_700,Monday,6,1,62.0,62.0
4515_700,Monday,6,34,452.3,560.0
6625_700,Monday,6,13,3.5,4.0
4251_700,Monday,6,61,103.1,132.0
18895_700,Monday,6,25,32.0,32.0
19119_700,Monday,6,35,65.8,120.0
5237_700,Monday,6,45,112.1,180.0
4521_700,Monday,6,19,73.7,141.0
4492_700,Monday,6,10,133.9,183.0
4519_700,Monday,6,27,32.0,153.0
6624_700,Monday,6,6,95.7,136.0
19109_700,Monday,6,13,112.0,187.0
28259_100,Monday,6,138,17.4,480.0
28799_700,Monday,6,24,64.3,70.0
22451_700,Monday,6,20,115.2,144.0
22453_700,Monday,6,11,65.6,113.0
23724_700,Monday,6,55,110.7,192.0
4241_700,Monday,6,12,5.9,6.0
27935_700,Monday,6,27,102.7,170.0
25905_700,Monday,6,17,89.6,196.0
18921_700,Monday,6,38,78.1,140.0
18342_700,Monday,6,21,56.7,277.0
5260_700,Monday,6,18,96.4,137.0
18893_700,Monday,6,4,111.8,112.0
18892_700,Monday,6,1,0.0,0.0
28399_700,Monday,6,12,111.9,112.0
17312_700,Monday,6,80,0.0,0.0
17314_700,Monday,6,187,-3.5,60.0
17323_700,Monday,6,191,17.0,180.0
17326_700,Monday,6,118,-17.3,0.0
17334_700,Monday,6,267,28.5,180.0
17342_700,Monday,6,246,-19.3,120.0
17350_700,Monday,6,133,-9.9,180.0
17360_700,Monday,6,250,48.7,300.0
17354_700,Monday,6,120,-15.5,240.0
17363_700,Monday,6,57,3.2,60.0
17368_700,Monday,6,208,-8.4,60.0
17369_700,Monday,6,92,38.5,180.0
17379_700,Monday,6,150,12.8,360.0
17449_700,Monday,6,376,8.9,120.0
17512_400,Monday,6,12,0.0,0.0
17465_700,Monday,6,749,-4.2,120.0
23415_700,Monday,6,381,54.0,540.0
17279_700,Monday,6,42,71.4,300.0
17332_700,Monday,6,8,-7.5,0.0
17413_700,Monday,6,34,0.0,0.0
17336_700,Monday,6,34,0.0,0.0
17414_700,Monday,6,64,-9.4,0.0
17420_900,Monday,6,171,1.1,120.0
5253_700,Monday,6,27,33.9,175.0
17388_700,Monday,6,11,0.0,0.0
17301_900,Monday,6,72,0.0,0.0
17422_900,Monday,6,232,-4.1,60.0
17296_700,Monday,6,47,-25.5,60.0
17297_700,Monday,6,196,-1.8,60.0
17290_700,Monday,6,354,5.4,120.0
17300_700,Monday,6,68,127.1,360.0
17340_700,Monday,6,266,23.2,180.0
17345_700,Monday,6,99,0.0,0.0
17343_700,Monday,6,49,18.4,60.0
17355_700,Monday,6,151,-23.8,120.0
17384_700,Monday,6,64,-39.4,0.0
17415_700,Monday,6,32,28.1,60.0
23154_700,Monday,6,67,-10.7,0.0
17536_700,Monday,6,99,-37.6,0.0
17289_700,Monday,6,32,0.0,0.0
17292_700,Monday,6,179,-6.4,240.0
17352_900,Monday,6,84,-2.1,0.0
17304_700,Monday,6,246,-27.8,120.0
17302_700,Monday,6,242,46.6,120.0
17310_700,Monday,6,170,-12.4,120.0
17318_700,Monday,6,84,-33.6,60.0
17317_700,Monday,6,90,-38.0,0.0
17346_700,Monday,6,75,21.6,120.0
17373_700,Monday,6,137,49.9,180.0
17361_700,Monday,6,117,17.4,180.0
17412_700,Monday,6,53,61.1,120.0
17529_700,Monday,6,203,-12.4,120.0
17391_700,Monday,6,15,0.0,0.0
17295_700,Monday,6,76,0.0,0.0
17299_700,Monday,6,136,-21.6,60.0
17377_700,Monday,6,68,0.0,0.0
17387_700,Monday,6,13,0.0,0.0
17401_700,Monday,6,9,80.0,240.0
13543_700,Monday,6,20,106.8,228.0
4235_700,Monday,6,7,63.9,64.0
21284_700,Monday,6,67,-28.7,60.0
17393_700,Monday,6,15,60.0,60.0
17385_700,Monday,6,18,3.3,60.0
19019_700,Monday,6,22,0.0,0.0
5250_700,Monday,6,4,26.5,137.0
17527_700,Monday,6,6,0.0,0.0
17394_700,Monday,6,4,0.0,0.0
17411_700,Monday,6,8,82.5,120.0
27961_700,Monday,6,20,121.3,285.0
5254_700,Monday,6,40,32.0,114.0
4261_700,Monday,6,19,371.9,438.0
26781_700,Monday,6,39,-15.4,60.0
4503_700,Monday,6,21,164.0,231.0
6629_700,Monday,6,15,174.8,217.0
7251_700,Monday,6,11,64.6,73.0
10914_700,Monday,6,15,125.9,129.0
27956_700,Monday,6,9,-39.4,0.0
4516_700,Monday,6,14,91.6,144.0
4258_700,Monday,6,37,128.3,130.0
4504_700,Monday,6,27,77.2,131.0
5268_700,Monday,6,40,74.2,173.0
5270_700,Monday,6,14,56.3,70.0
6618_700,Monday,6,34,135.4,263.0
19131_700,Monday,6,26,66.0,66.0
20479_700,Monday,6,15,260.9,261.0
13132_700,Monday,6,2,113.0,181.0
13131_700,Monday,6,1,181.0,181.0
4262_700,Monday,6,21,314.0,314.0
17395_700,Monday,6,18,-30.0,0.0
4222_700,Monday,6,10,63.9,64.0
4509_700,Monday,6,21,174.4,236.0
27569_700,Monday,6,1,-60.0,-60.0
27964_700,Monday,6,29,165.0,165.0
4512_700,Monday,6,22,109.3,132.0
4514_700,Monday,6,52,79.1,257.0
1878_700,Monday,6,1,0.0,0.0
18933_700,Monday,6,47,105.0,150.0
18357_700,Monday,6,14,-10.6,34.0
13133_700,Monday,6,4,47.0,125.0
15710_700,Monday,6,15,33.5,70.0
1883_900,Monday,6,3,-52.0,66.0
19123_700,Monday,6,10,5.9,6.0
29153_700,Monday,6,14,61.3,66.0
17406_700,Monday,6,4,-105.0,-60.0
10276_109,Monday,6,15,0.0,0.0
24047_100,Monday,6,10,-30.0,0.0
24043_100,Monday,6,28,653.6,1800.0
4244_700,Monday,6,11,-8.9,18.0
19156_109,Monday,6,28,94.3,240.0
25904_700,Monday,6,18,0.0,0.0
27944_700,Monday,6,62,79.1,675.0
10912_700,Monday,6,15,40.3,62.0
17298_700,Monday,6,4,-60.0,-60.0
20931_700,Monday,6,6,32.7,73.0
25354_700,Monday,6,26,134.1,144.0
4270_700,Monday,6,14,83.7,121.0
19124_700,Monday,6,28,135.7,235.0
17375_700,Monday,6,26,0.0,60.0
17534_700,Monday,6,12,100.0,120.0
19128_700,Monday,6,6,-64.0,0.0
16374_700,Monday,6,17,55.1,137.0
19120_700,Monday,6,16,89.5,197.0
19116_700,Monday,6,16,143.6,159.0
18934_700,Monday,6,14,71.9,72.0
4497_700,Monday,6,8,143.4,191.0
5269_700,Monday,6,11,121.3,182.0
18888_700,Monday,6,20,0.0,0.0
19705_700,Monday,6,36,170.0,840.0
18904_700,Monday,6,13,71.8,132.0
22713_700,Monday,6,10,0.0,0.0
13729_700,Monday,6,12,58.6,64.0
13134_700,Monday,6,2,139.0,139.0
5247_700,Monday,6,21,77.0,77.0
18889_700,Monday,6,15,97.4,152.0
18908_700,Monday,6,68,33.0,62.0
16774_700,Monday,6,1,0.0,0.0
19155_109,Monday,11,117,19.5,180.0
17289_700,Monday,11,143,86.0,780.0
17295_700,Monday,11,152,382.1,3480.0
17350_700,Monday,11,504,110.5,1020.0
17394_700,Monday,11,4,-6075.0,-5940.0
17453_700,Monday,11,701,401.2,3360.0
17400_700,Monday,11,125,-824.6,60.0
17420_900,Monday,11,187,-10.6,60.0
17352_900,Monday,11,105,1.7,60.0
17317_700,Monday,11,225,79.7,600.0
17520_700,Monday,11,164,7.7,240.0
17438_900,Monday,11,245,14.2,180.0
17329_700,Monday,11,161,13.0,60.0
17515_400,Monday,11,624,-3.1,60.0
17344_700,Monday,11,39,-4.6,0.0
17346_700,Monday,11,100,-4.2,60.0
17361_700,Monday,11,159,-12.1,60.0
18945_700,Monday,11,96,104.7,298.0
5233_700,Monday,11,57,42.8,98.0
17333_700,Monday,11,239,8.0,120.0
17457_700,Monday,11,546,-25.1,120.0
17532_700,Monday,11,335,12.0,240.0
17518_400,Monday,11,569,19.6,300.0
343_900,Monday,11,398,10.5,269.0
17416_900,Monday,11,384,13.8,180.0
3975_700,Monday,11,51,109.4,214.0
16915_700,Monday,11,154,3.6,136.0
18370_700,Monday,11,100,2.3,127.0
17417_900,Monday,11,231,17.4,180.0
17311_700,Monday,11,226,12.2,240.0
17331_700,Monday,11,139,26.3,180.0
17339_700,Monday,11,502,271.8,3240.0
17395_700,Monday,11,15,20.0,60.0
17448_700,Monday,11,705,41.6,300.0
17514_400,Monday,11,676,5.0,60.0
10142_109,Monday,11,260,27.0,240.0
17521_400,Monday,11,494,15.1,60.0
1548_700,Monday,11,1110,8.8,232.0
17452_900,Monday,11,532,17.1,300.0
10162_109,Monday,11,256,9.6,120.0
17292_700,Monday,11,274,28.2,180.0
18930_700,Monday,11,18,132.8,211.0
17449_700,Monday,11,901,6.0,300.0
17456_700,Monday,11,800,81.6,720.0
17538_700,Monday,11,449,15.6,240.0
5339_700,Monday,11,186,16.9,211.0
17460_900,Monday,11,764,0.9,180.0
26785_106,Monday,11,93,12.8,211.0
26784_106,Monday,11,70,15.0,210.0
15959_700,Monday,11,159,0.4,47.0
18374_700,Monday,11,284,13.1,120.0
17349_700,Monday,11,655,-10.5,180.0
17304_700,Monday,11,483,47.0,420.0
17323_700,Monday,11,209,25.8,240.0
24056_100,Monday,11,43,-7.0,120.0
17526_400,Monday,11,315,19.0,180.0
27275_700,Monday,11,334,159.0,1920.0
22240_109,Monday,11,254,9.2,120.0
27276_700,Monday,11,115,0.0,0.0
29160_700,Monday,11,23,51.4,136.0
15624_700,Monday,11,14,159.7,255.0
17525_400,Monday,11,468,12.7,240.0
24025_100,Monday,11,332,14.3,540.0
4503_700,Monday,11,43,70.4,192.0
17341_700,Monday,11,468,44.1,240.0
17347_700,Monday,11,404,1.6,180.0
17465_700,Monday,11,904,-1.3,360.0
17355_700,Monday,11,354,13.4,300.0
17351_700,Monday,11,82,55.6,360.0
4287_700,Monday,11,111,170.7,746.0
17308_700,Monday,11,124,17.4,120.0
17360_700,Monday,11,549,18.4,240.0
17370_700,Monday,11,220,-11.7,180.0
22609_700,Monday,11,236,38.9,240.0
22754_700,Monday,11,493,4.4,360.0
17461_700,Monday,11,474,-2.5,360.0
28109_700,Monday,11,29,39.3,180.0
19058_100,Monday,11,142,54.9,1080.0
10157_109,Monday,11,349,27.3,240.0
18899_700,Monday,11,53,75.3,192.0
17299_700,Monday,11,173,92.6,300.0
17302_700,Monday,11,272,-5.1,120.0
18353_700,Monday,11,44,94.2,409.0
17330_700,Monday,11,342,-26.7,60.0
22691_700,Monday,11,228,8.7,216.0
17451_700,Monday,11,291,19.6,300.0
17463_900,Monday,11,120,-1.0,60.0
5236_700,Monday,11,31,193.7,280.0
17340_700,Monday,11,442,48.1,480.0
17523_400,Monday,11,1280,26.3,240.0
17440_900,Monday,11,799,18.9,360.0
17303_700,Monday,11,643,4.6,180.0
17379_700,Monday,11,169,0.0,120.0
17384_700,Monday,11,109,-6.6,60.0
5340_700,Monday,11,55,1.1,60.0
10149_109,Monday,11,140,23.6,180.0
29141_700,Monday,11,41,36.4,87.0
28799_700,Monday,11,19,0.0,0.0
17279_700,Monday,11,111,29.2,300.0
17437_700,Monday,11,164,128.8,2700.0
27300_700,Monday,11,120,106.5,600.0
5252_700,Monday,11,54,61.4,174.0
17446_900,Monday,11,179,3.7,120.0
1923_700,Monday,11,262,25.4,482.0
17364_700,Monday,11,413,102.7,1500.0
27277_700,Monday,11,117,0.0,0.0
17314_700,Monday,11,344,19.5,180.0
17365_700,Monday,11,162,3.3,240.0
5337_700,Monday,11,19,140.5,191.0
29157_700,Monday,11,28,84.9,148.0
27292_700,Monday,11,52,0.0,0.0
18911_700,Monday,11,48,49.2,161.0
17316_700,Monday,11,243,45.2,300.0
17442_900,Monday,11,562,-17.8,180.0
18917_700,Monday,11,26,10.8,117.0
20810_700,Monday,11,18,6.7,60.0
17310_700,Monday,11,282,8.3,120.0
17318_700,Monday,11,264,63.9,300.0
340_900,Monday,11,471,12.0,269.0
17462_700,Monday,11,338,23.8,420.0
1556_900,Monday,11,934,3.9,213.0
18939_700,Monday,11,73,55.5,206.0
10163_109,Monday,11,261,24.6,180.0
28800_700,Monday,11,32,1477.2,4977.0
26781_700,Monday,11,98,86.9,240.0
17536_700,Monday,11,174,-9.0,120.0
24053_100,Monday,11,160,22.5,360.0
27278_700,Monday,11,42,50.0,180.0
4240_700,Monday,11,30,-2.8,112.0
4266_700,Monday,11,20,114.5,223.0
18906_700,Monday,11,21,163.2,204.0
15277_700,Monday,11,515,12.2,124.0
17328_700,Monday,11,226,-10.4,180.0
5356_700,Monday,11,17,21.2,60.0
17385_700,Monday,11,63,129.5,360.0
10224_109,Monday,11,196,62.1,420.0
24048_100,Monday,11,13,-41.5,120.0
24759_700,Monday,11,105,38.9,180.0
18949_109,Monday,11,126,10.5,120.0
17425_900,Monday,11,293,-5.3,180.0
22726_700,Monday,11,55,-5.8,59.0
10170_109,Monday,11,329,34.8,300.0
27310_700,Monday,11,34,0.0,0.0
17443_700,Monday,11,50,702.0,3480.0
17373_700,Monday,11,146,33.7,180.0
17306_700,Monday,11,813,12.8,180.0
6625_700,Monday,11,9,13.9,70.0
17535_700,Monday,11,300,50.8,780.0
1931_700,Monday,11,76,13.1,143.0
10143_109,Monday,11,279,15.9,180.0
17459_900,Monday,11,490,-6.9,180.0
10166_109,Monday,11,44,17.7,120.0
27290_700,Monday,11,190,50.5,240.0
5248_700,Monday,11,44,131.8,136.0
1938_700,Monday,11,218,54.2,295.0
5343_700,Monday,11,45,29.4,242.0
5381_700,Monday,11,182,26.5,210.0
24050_100,Monday,11,44,19.1,180.0
24715_700,Monday,11,2,-101.0,40.0
17530_700,Monday,11,271,-32.8,240.0
18889_700,Monday,11,12,-6.3,0.0
13107_700,Monday,11,34,1.5,3.0
6618_700,Monday,11,23,131.0,195.0
5249_700,Monday,11,220,89.2,312.0
23945_100,Monday,11,97,41.4,720.0
22804_700,Monday,11,131,16.7,299.0
17455_700,Monday,11,712,53.3,720.0
17529_700,Monday,11,375,15.2,240.0
5246_700,Monday,11,18,40.2,93.0
17378_700,Monday,11,282,10.2,240.0
10223_109,Monday,11,251,52.8,360.0
5242_700,Monday,11,17,53.9,54.0
10226_109,Monday,11,251,24.9,300.0
5635_900,Monday,11,1829,10.9,206.0
18931_700,Monday,11,189,151.1,434.0
17345_700,Monday,11,63,23.8,120.0
17301_900,Monday,11,131,6.9,60.0
17421_900,Monday,11,78,16.2,120.0
4239_700,Monday,11,46,5.6,66.0
17342_700,Monday,11,365,19.7,420.0
17372_700,Monday,11,211,-1.7,120.0
17441_700,Monday,11,1087,10.4,240.0
22714_700,Monday,11,480,6.3,115.0
17445_700,Monday,11,230,-10.2,120.0
1928_700,Monday,11,45,0.0,0.0
18908_700,Monday,11,54,82.5,140.0
18915_700,Monday,11,6,-14.5,0.0
27274_700,Monday,11,56,-3.2,60.0
13443_700,Monday,11,16,24.8,66.0
24641_900,Monday,11,88,6.1,120.0
18349_700,Monday,11,18,29.0,156.0
13889_700,Monday,11,22,46.8,61.0
18372_700,Monday,11,49,3950.0,7709.0
17424_900,Monday,11,406,15.5,420.0
24045_100,Monday,11,150,2.4,300.0
6626_700,Monday,11,39,84.5,190.0
17319_700,Monday,11,249,12.3,180.0
17744_700,Monday,11,67,28.7,300.0
4265_700,Monday,11,52,27.2,99.0
10148_109,Monday,11,300,11.8,180.0
18920_700,Monday,11,128,119.3,353.0
10684_700,Monday,11,20,0.0,0.0
17368_700,Monday,11,318,22.1,240.0
1877_700,Monday,11,110,18.9,76.0
23534_700,Monday,11,12,47.1,142.0
18922_700,Monday,11,117,26.3,140.0
17348_700,Monday,11,320,27.8,240.0
10155_109,Monday,11,184,102.4,480.0
17366_700,Monday,11,317,3.8,240.0
1929_700,Monday,11,119,67.3,1058.0
1921_700,Monday,11,103,66.1,388.0
1872_700,Monday,11,114,-2.4,7.0
13126_700,Monday,11,29,78.5,196.0
17325_700,Monday,11,237,16.2,180.0
17418_900,Monday,11,76,33.9,120.0
20930_700,Monday,11,66,78.0,133.0
17533_700,Monday,11,424,122.1,660.0
17393_700,Monday,11,85,48.0,240.0
21725_700,Monday,11,62,3.8,64.0
18359_700,Monday,11,36,31.2,91.0
22390_700,Monday,11,70,40.3,420.0
1880_900,Monday,11,250,2.6,62.0
27307_700,Monday,11,3,0.0,0.0
4512_700,Monday,11,28,159.9,210.0
13115_700,Monday,11,57,93.4,132.0
27268_700,Monday,11,16,0.0,0.0
18909_700,Monday,11,122,81.9,164.0
17419_900,Monday,11,117,-12.8,120.0
17294_700,Monday,11,176,-17.4,60.0
28260_900,Monday,11,83,-18.1,180.0
1925_700,Monday,11,187,2.8,161.0
17447_700,Monday,11,331,-14.5,120.0
27296_700,Monday,11,40,0.0,0.0
4516_700,Monday,11,9,74.8,129.0
5241_700,Monday,11,154,63.5,2239.0
17334_700,Monday,11,341,69.0,960.0
17356_700,Monday,11,180,29.7,180.0
17324_900,Monday,11,306,6.5,60.0
18360_700,Monday,11,111,43.9,274.0
18923_700,Monday,11,65,71.1,190.0
29146_700,Monday,11,11,19.3,72.0
27280_700,Monday,11,75,6.4,60.0
4515_700,Monday,11,18,364.3,621.0
17322_700,Monday,11,210,311.7,2400.0
4223_700,Monday,11,51,23.1,80.0
10141_109,Monday,11,345,11.8,120.0
28311_100,Monday,11,56,0.0,120.0
4281_700,Monday,11,123,199.2,621.0
1550_700,Monday,11,283,5.1,133.0
1871_700,Monday,11,501,13.2,222.0
4221_700,Monday,11,20,58.1,71.0
17362_700,Monday,11,225,29.9,300.0
5362_700,Monday,11,6,109.0,109.0
18350_700,Monday,11,92,6.3,73.0
18929_700,Monday,11,60,18.7,66.0
28571_109,Monday,11,6,0.0,0.0
24052_100,Monday,11,50,56.4,1440.0
10158_109,Monday,11,161,28.0,240.0
26788_106,Monday,11,72,0.5,37.0
5341_700,Monday,11,27,0.0,0.0
22703_700,Monday,11,109,6.1,291.0
7362_900,Monday,11,513,4.7,70.0
13133_700,Monday,11,52,241.8,449.0
5238_700,Monday,11,110,75.1,144.0
5332_700,Monday,11,60,41.9,187.0
19062_100,Monday,11,12,5.0,60.0
23444_700,Monday,11,31,3.4,120.0
28805_700,Monday,11,14,99.8,128.0
17458_700,Monday,11,474,58.4,660.0
1547_700,Monday,11,365,8.9,198.0
27299_700,Monday,11,19,0.0,0.0
1558_900,Monday,11,488,0.8,69.0
18937_700,Monday,11,106,461.4,2707.0
5239_700,Monday,11,62,31.1,143.0
10165_109,Monday,11,44,12.3,120.0
7361_700,Monday,11,475,30.0,455.0
1549_700,Monday,11,574,14.0,263.0
5384_700,Monday,11,231,25.4,158.0
21947_700,Monday,11,118,22.4,1032.0
27569_700,Monday,11,10,0.0,0.0
17281_700,Monday,11,69,36.5,300.0
5631_700,Monday,11,64,0.0,0.0
24044_100,Monday,11,35,0.0,0.0
1881_900,Monday,11,105,-0.6,0.0
5335_700,Monday,11,38,15.8,120.0
4456_700,Monday,11,172,0.0,0.0
5633_900,Monday,11,644,5.2,132.0
1879_900,Monday,11,110,2.6,63.0
27915_700,Monday,11,65,6.2,80.0
18366_700,Monday,11,16,0.0,0.0
10679_700,Monday,11,91,18.1,72.0
3713_700,Monday,11,60,0.0,0.0
22688_700,Monday,11,26,0.0,0.0
1882_900,Monday,11,264,-0.4,77.0
6622_700,Monday,11,14,4.9,5.0
22684_700,Monday,11,102,0.0,0.0
27293_700,Monday,11,2,0.0,0.0
27916_700,Monday,11,102,0.0,0.0
1546_700,Monday,11,477,8.8,266.0
5350_700,Monday,11,84,7.9,60.0
15274_700,Monday,11,613,35.2,499.0
1551_700,Monday,11,543,8.8,165.0
26748_100,Monday,11,42,125.7,300.0
13438_900,Monday,11,155,0.0,0.0
18341_700,Monday,11,22,0.0,0.0
26786_106,Monday,11,44,0.0,0.0
17327_700,Monday,11,114,54.7,300.0
5382_700,Monday,11,6,0.0,0.0
5336_700,Monday,11,68,54.0,214.0
19066_100,Monday,11,173,125.9,540.0
22708_700,Monday,11,120,0.0,0.0
17422_900,Monday,11,306,13.3,540.0
5354_700,Monday,11,16,-19.3,0.0
10671_700,Monday,11,38,0.0,0.0
22692_700,Monday,11,65,0.0,0.0
22706_700,Monday,11,61,0.0,0.0
22698_700,Monday,11,106,0.0,0.0
27939_700,Monday,11,39,94.9,191.0
17298_700,Monday,11,41,11.7,60.0
23415_700,Monday,11,483,167.0,1860.0
17407_700,Monday,11,15,0.0,0.0
17444_900,Monday,11,112,18.8,180.0
15714_700,Monday,11,39,6.2,60.0
1924_700,Monday,11,140,0.0,0.0
4517_700,Monday,11,6,96.5,97.0
27966_700,Monday,11,30,0.0,0.0
22695_700,Monday,11,33,0.0,0.0
22700_700,Monday,11,55,0.0,0.0
23414_700,Monday,11,185,205.9,840.0
5363_700,Monday,11,48,57.3,162.0
24042_100,Monday,11,56,10.7,240.0
27954_700,Monday,11,85,14.1,63.0
17338_900,Monday,11,110,-33.3,0.0
1874_700,Monday,11,39,0.0,0.0
26790_106,Monday,11,88,2.3,60.0
17694_700,Monday,11,18,0.0,0.0
22705_700,Monday,11,36,0.0,0.0
27285_700,Monday,11,11,38.2,300.0
17427_900,Monday,11,100,32.4,120.0
1955_700,Monday,11,102,32.6,202.0
5364_700,Monday,11,67,54.0,154.0
27955_700,Monday,11,10,0.0,0.0
1930_700,Monday,11,123,16.8,136.0
22739_700,Monday,11,122,3.8,88.0
18356_700,Monday,11,26,26.7,151.0
22686_700,Monday,11,70,0.0,0.0
22694_700,Monday,11,71,0.4,3.0
22718_700,Monday,11,6,0.0,0.0
22690_700,Monday,11,22,0.0,0.0
17367_700,Monday,11,351,45.8,360.0
17313_700,Monday,11,125,24.0,120.0
10677_700,Monday,11,34,0.0,0.0
24049_100,Monday,11,36,20.0,180.0
27963_700,Monday,11,87,127.9,576.0
10144_109,Monday,11,175,39.1,240.0
1870_700,Monday,11,130,-3.6,0.0
16009_700,Monday,11,160,17.4,352.0
10167_109,Monday,11,228,8.2,60.0
27269_700,Monday,11,27,215.6,420.0
18368_700,Monday,11,3,0.0,0.0
22693_700,Monday,11,47,0.0,0.0
29102_700,Monday,11,19,0.0,0.0
28572_109,Monday,11,10,12.0,60.0
5371_700,Monday,11,105,29.6,151.0
29101_700,Monday,11,54,0.0,0.0
22702_700,Monday,11,97,27.1,141.0
26787_106,Monday,11,10,0.0,0.0
17401_700,Monday,11,29,29.0,240.0
29165_700,Monday,11,3,165.3,247.0
27959_700,Monday,11,105,38.5,131.0
10676_700,Monday,11,51,6.3,128.0
17381_700,Monday,11,296,27.8,180.0
22717_700,Monday,11,81,-4.5,37.0
22710_700,Monday,11,36,0.0,0.0
1934_700,Monday,11,50,0.0,0.0
17450_700,Monday,11,192,27.5,240.0
17454_700,Monday,11,280,26.4,480.0
10682_700,Monday,11,75,41.1,229.0
5368_700,Monday,11,136,14.1,60.0
20813_100,Monday,11,22,0.0,0.0
16349_100,Monday,11,10,-5358.0,180.0
17369_700,Monday,11,148,33.6,240.0
17332_700,Monday,11,18,3.3,60.0
5376_700,Monday,11,70,-30.2,60.0
22709_700,Monday,11,78,18.2,78.0
27950_700,Monday,11,22,-1.3,62.0
22711_700,Monday,11,53,0.0,0.0
17300_700,Monday,11,230,47.7,240.0
25529_700,Monday,11,12,0.0,0.0
5379_700,Monday,11,243,13.0,191.0
5596_700,Monday,11,114,8.3,194.0
15276_700,Monday,11,145,8.2,143.0
26454_700,Monday,11,22,4.4,46.0
4521_700,Monday,11,63,73.7,106.0
22701_700,Monday,11,104,43.8,330.0
27958_700,Monday,11,39,139.5,192.0
27936_700,Monday,11,34,20.7,52.0
27283_700,Monday,11,10,0.0,0.0
1945_700,Monday,11,89,7.9,306.0
15273_700,Monday,11,30,31.6,174.0
27948_700,Monday,11,72,-16.7,89.0
27942_700,Monday,11,15,0.0,0.0
27969_700,Monday,11,136,102.6,440.0
17374_900,Monday,11,52,-23.1,0.0
26789_106,Monday,11,4,0.0,0.0
23724_700,Monday,11,19,5.0,21.0
19113_700,Monday,11,12,0.0,0.0
17409_700,Monday,11,54,-1.1,60.0
5345_700,Monday,11,109,1.1,65.0
10229_109,Monday,11,36,15.0,120.0
22712_700,Monday,11,179,0.0,0.0
17415_700,Monday,11,32,56.2,120.0
22685_700,Monday,11,12,0.0,0.0
17406_700,Monday,11,13,0.0,0.0
1920_700,Monday,11,65,70.6,274.0
13418_700,Monday,11,123,44.2,312.0
27934_700,Monday,11,162,128.2,405.0
17512_400,Monday,11,20,3.0,60.0
5377_700,Monday,11,61,8.3,60.0
22687_700,Monday,11,71,27.9,291.0
1939_700,Monday,11,29,0.0,0.0
17343_700,Monday,11,54,16.7,60.0
18364_700,Monday,11,29,51.0,272.0
16735_700,Monday,11,61,0.0,0.0
27941_700,Monday,11,23,-3.3,0.0
1933_700,Monday,11,22,0.0,0.0
24057_100,Monday,11,58,13.4,180.0
27967_700,Monday,11,45,82.4,244.0
20812_100,Monday,11,5,0.0,0.0
26791_106,Monday,11,4,0.0,0.0
5369_700,Monday,11,88,112.9,476.0
17537_700,Monday,11,75,-4.8,60.0
17354_700,Monday,11,255,10.8,240.0
17315_700,Monday,11,228,91.6,660.0
26783_106,Monday,11,73,9.8,139.0
22689_700,Monday,11,25,0.0,0.0
22722_700,Monday,11,40,0.0,0.0
5378_700,Monday,11,201,11.7,247.0
17290_700,Monday,11,378,23.7,300.0
26793_106,Monday,11,12,0.0,0.0
22713_700,Monday,11,15,0.0,0.0
17527_700,Monday,11,9,-13.3,0.0
24055_100,Monday,11,24,-5.0,120.0
5333_700,Monday,11,67,111.7,367.0
18900_700,Monday,11,71,125.1,329.0
25905_700,Monday,11,17,223.4,330.0
18352_700,Monday,11,10,0.0,0.0
22699_700,Monday,11,49,0.0,0.0
22724_700,Monday,11,22,0.0,0.0
24046_100,Monday,11,48,-1.2,120.0
5352_700,Monday,11,59,113.5,310.0
27938_700,Monday,11,40,66.0,128.0
17516_400,Monday,11,35,1.7,60.0
5353_700,Monday,11,50,33.8,210.0
17296_700,Monday,11,72,126.7,420.0
10683_700,Monday,11,39,0.0,0.0
17390_700,Monday,11,32,16.9,120.0
5344_700,Monday,11,39,56.4,234.0
17414_700,Monday,11,95,48.0,360.0
17305_700,Monday,11,493,76.3,720.0
22696_700,Monday,11,26,0.0,0.0
17382_700,Monday,11,57,-1.1,60.0
17464_700,Monday,11,108,-5.6,240.0
17531_700,Monday,11,145,-21.1,120.0
27945_700,Monday,11,123,22.9,265.0
16354_700,Monday,11,43,72.2,138.0
17297_700,Monday,11,233,15.5,180.0
16214_700,Monday,11,23,83.9,385.0
22715_700,Monday,11,58,0.0,0.0
25906_700,Monday,11,23,173.0,592.0
18339_700,Monday,11,15,0.0,0.0
22704_700,Monday,11,43,0.0,0.0
18369_700,Monday,11,99,1.0,106.0
18343_700,Monday,11,43,0.0,0.0
27968_700,Monday,11,52,-4.3,0.0
17335_700,Monday,11,377,14.8,300.0
5348_700,Monday,11,15,4.0,60.0
17402_700,Monday,11,17,17.6,60.0
19065_100,Monday,11,11,0.0,0.0
18371_700,Monday,11,32,0.0,0.0
27270_700,Monday,11,5,168.0,240.0
5346_700,Monday,11,61,2.0,60.0
18342_700,Monday,11,14,0.0,0.0
17293_700,Monday,11,56,-1.1,60.0
23154_700,Monday,11,108,42.2,180.0
27291_700,Monday,11,61,0.0,0.0
17375_700,Monday,11,78,8.5,60.0
17357_700,Monday,11,30,16.0,60.0
17388_700,Monday,11,10,0.0,0.0
27957_700,Monday,11,34,3.6,61.0
29103_700,Monday,11,28,0.0,0.0
16733_700,Monday,11,34,0.6,67.0
4247_700,Monday,11,22,-8.0,0.0
4477_700,Monday,11,49,77.4,281.0
21284_700,Monday,11,127,-10.4,180.0
27937_700,Monday,11,74,119.7,224.0
5366_700,Monday,11,15,155.6,294.0
22707_700,Monday,11,45,0.0,0.0
1922_700,Monday,11,26,0.0,0.0
5370_700,Monday,11,119,89.5,360.0
27946_700,Monday,11,16,0.0,0.0
5351_700,Monday,11,24,0.0,0.0
5237_700,Monday,11,44,31.6,146.0
27935_700,Monday,11,15,4.6,40.0
20364_700,Monday,11,38,46.3,194.0
4249_700,Monday,11,52,89.3,538.0
22723_700,Monday,11,41,67.0,471.0
17321_700,Monday,11,93,-16.1,60.0
21749_700,Monday,11,14,65.8,140.0
27288_700,Monday,11,26,72.2,170.0
17391_700,Monday,11,7,0.0,0.0
27947_700,Monday,11,115,92.7,392.0
4226_700,Monday,11,10,107.3,136.0
20369_100,Monday,11,6,20.0,60.0
17363_700,Monday,11,144,25.4,300.0
17376_700,Monday,11,22,0.0,0.0
11536_109,Monday,11,38,48.9,240.0
22624_700,Monday,11,12,198.9,199.0
17307_700,Monday,11,67,109.3,300.0
13110_700,Monday,11,63,83.8,216.0
20969_700,Monday,11,21,202.2,289.0
17312_700,Monday,11,78,44.6,240.0
17359_700,Monday,11,57,72.6,120.0
19128_700,Monday,11,14,188.6,221.0
4497_700,Monday,11,23,17.5,92.0
17383_700,Monday,11,68,-39.7,60.0
17411_700,Monday,11,25,50.4,120.0
10145_109,Monday,11,263,40.2,300.0
25219_700,Monday,11,3,0.0,0.0
17320_700,Monday,11,299,5.0,180.0
17398_700,Monday,11,82,12.4,180.0
27943_700,Monday,11,32,23.9,64.0
10227_109,Monday,11,116,67.2,360.0
18921_700,Monday,11,39,126.9,264.0
4251_700,Monday,11,1,0.0,0.0
17413_700,Monday,11,18,0.0,0.0
25489_700,Monday,11,20,69.0,142.0
6629_700,Monday,11,26,115.7,155.0
5243_700,Monday,11,54,57.2,146.0
17412_700,Monday,11,54,24.4,120.0
4250_700,Monday,11,66,129.3,1374.0
17353_700,Monday,11,31,431.6,540.0
19126_700,Monday,11,136,167.6,615.0
17435_700,Monday,11,58,20.7,240.0
4268_700,Monday,11,16,-231.0,0.0
18916_700,Monday,11,33,41.4,68.0
21726_700,Monday,11,18,3.5,16.0
17336_700,Monday,11,34,1.8,60.0
17309_700,Monday,11,105,49.1,240.0
4498_700,Monday,11,32,70.0,70.0
7251_700,Monday,11,27,85.7,124.0
28259_100,Monday,11,124,228.9,1500.0
19127_700,Monday,11,98,452.1,841.0
13113_700,Monday,11,76,125.9,259.0
13108_700,Monday,11,18,14.1,64.0
4511_700,Monday,11,21,204.4,254.0
4514_700,Monday,11,29,371.1,483.0
6624_700,Monday,11,19,60.1,156.0
4264_700,Monday,11,20,156.2,208.0
16345_100,Monday,11,26,9.2,120.0
20479_700,Monday,11,17,213.8,391.0
18355_700,Monday,11,21,94.0,166.0
19063_100,Monday,11,13,60.0,180.0
9696_700,Monday,11,23,15.0,97.0
18363_700,Monday,11,2,299.0,598.0
24043_100,Monday,11,28,-17.1,60.0
27940_700,Monday,11,12,39.0,39.0
27949_700,Monday,11,21,144.8,419.0
13125_700,Monday,11,40,285.5,448.0
4222_700,Monday,11,28,287.0,339.0
22424_700,Monday,11,24,165.7,199.0
18361_700,Monday,11,25,87.6,131.0
13105_700,Monday,11,55,154.0,204.0
17326_700,Monday,11,140,-3.0,60.0
5365_700,Monday,11,45,55.0,249.0
27944_700,Monday,11,22,0.7,15.0
4495_700,Monday,11,29,111.1,230.0
17392_700,Monday,11,10,60.0,60.0
18347_700,Monday,11,22,-20.7,216.0
29169_700,Monday,11,16,135.0,135.0
6617_700,Monday,11,36,103.3,197.0
5380_700,Monday,11,26,-1.0,64.0
27953_700,Monday,11,14,-6.6,0.0
27964_700,Monday,11,13,63.5,337.0
21750_700,Monday,11,30,54.7,82.0
4242_700,Monday,11,64,21.3,62.0
19059_100,Monday,11,14,4.3,60.0
18898_700,Monday,11,69,197.1,419.0
19119_700,Monday,11,29,320.0,520.0
13106_700,Monday,11,31,199.0,199.0
13136_700,Monday,11,28,64.0,64.0
10675_700,Monday,11,23,0.0,0.0
17387_700,Monday,11,11,-5.5,0.0
27951_700,Monday,11,45,64.9,127.0
16374_700,Monday,11,9,10.6,12.0
4245_700,Monday,11,10,62.8,63.0
22453_700,Monday,11,11,175.0,220.0
29148_700,Monday,11,2,47.0,94.0
10678_700,Monday,11,56,106.3,229.0
17377_700,Monday,11,57,-0.0,180.0
17380_700,Monday,11,76,15.8,120.0
10911_700,Monday,11,2,0.0,0.0
5358_700,Monday,11,11,180.0,180.0
27952_700,Monday,11,149,49.2,174.0
19121_700,Monday,11,30,83.9,157.0
4492_700,Monday,11,18,252.4,353.0
4499_700,Monday,11,10,188.9,189.0
19118_700,Monday,11,36,226.2,241.0
18926_700,Monday,11,45,83.3,188.0
19705_700,Monday,11,44,62.7,480.0
18365_700,Monday,11,21,157.8,288.0
29140_700,Monday,11,31,32.3,148.0
28712_700,Monday,11,5,0.0,0.0
19079_700,Monday,11,28,326.4,568.0
19009_700,Monday,11,30,227.8,473.0
6620_700,Monday,11,41,62.7,71.0
18895_700,Monday,11,44,150.9,280.0
15020_700,Monday,11,11,24.0,88.0
4256_700,Monday,11,14,396.5,436.0
5251_700,Monday,11,1,0.0,0.0
13729_700,Monday,11,12,89.8,126.0
5232_3,Monday,11,24,3.0,3.0
25904_700,Monday,11,18,0.2,10.0
4502_700,Monday,11,24,463.2,649.0
23435_700,Monday,11,12,116.2,133.0
4254_700,Monday,11,12,83.4,99.0
18927_700,Monday,11,19,61.5,65.0
4505_700,Monday,11,25,81.2,189.0
4259_700,Monday,11,66,58.4,151.0
18914_700,Monday,11,11,429.9,1297.0
25354_700,Monday,11,25,85.9,236.0
5235_700,Monday,11,31,236.2,303.0
10913_700,Monday,11,20,105.8,114.0
19019_700,Monday,11,11,5.5,60.0
5334_700,Monday,11,13,34.3,129.0
5372_700,Monday,11,29,52.0,144.0
27961_700,Monday,11,30,98.8,140.0
4238_700,Monday,11,21,163.0,377.0
4243_700,Monday,11,12,170.0,192.0
5254_700,Monday,11,29,166.0,166.0
18884_700,Monday,11,17,157.9,158.0
28802_700,Monday,11,2,-49.5,0.0
18357_700,Monday,11,2,103.5,142.0
18367_700,Monday,11,18,73.2,184.0
4496_700,Monday,11,28,87.0,87.0
13118_700,Monday,11,2,67.0,67.0
16734_700,Monday,11,79,0.0,0.0
26780_700,Monday,11,52,-11.5,60.0
27965_700,Monday,11,64,35.4,76.0
4244_700,Monday,11,20,33.4,83.0
4257_700,Monday,11,18,81.2,103.0
4518_700,Monday,11,17,139.9,140.0
19133_700,Monday,11,24,3.6,64.0
27044_700,Monday,11,12,23.1,146.0
29195_700,Monday,11,7,128.0,128.0
19244_700,Monday,11,14,45.7,67.0
17399_700,Monday,11,27,46.7,120.0
4224_700,Monday,11,23,-16.3,0.0
19155_109,Monday,17,120,155.5,1020.0
19120_700,Monday,17,67,7134.3,7194.0
17523_400,Monday,17,1320,-15.7,720.0
17300_700,Monday,17,321,73.5,720.0
17306_700,Monday,17,958,183.2,900.0
4240_700,Monday,17,60,128.3,356.0
19114_700,Monday,17,38,314.7,3273.0
17437_700,Monday,17,216,671.4,2580.0
23724_700,Monday,17,52,536.9,1606.0
17357_700,Monday,17,73,-2.5,0.0
17438_900,Monday,17,239,-3.3,120.0
4248_700,Monday,17,19,131.5,154.0
17459_900,Monday,17,811,64.1,1140.0
17363_700,Monday,17,210,14.9,360.0
4270_700,Monday,17,13,93.2,181.0
4247_700,Monday,17,26,46.2,138.0
4222_700,Monday,17,13,23.8,76.0
19104_700,Monday,17,30,100.0,282.0
19111_700,Monday,17,26,-97.5,85.0
17320_700,Monday,17,430,-17.7,240.0
17382_700,Monday,17,72,92.5,480.0
17529_700,Monday,17,456,15.0,360.0
17514_400,Monday,17,920,184.8,840.0
17463_900,Monday,17,200,-7.8,60.0
17520_700,Monday,17,167,14.4,180.0
4229_700,Monday,17,22,41.0,124.0
17383_700,Monday,17,87,15.2,120.0
17308_700,Monday,17,168,40.0,540.0
17450_700,Monday,17,240,-16.5,60.0
17324_900,Monday,17,281,-9.2,360.0
17289_700,Monday,17,127,44.4,660.0
17403_700,Monday,17,18,-3.3,60.0
17420_900,Monday,17,190,-3.2,60.0
17325_700,Monday,17,452,4.4,180.0
17348_700,Monday,17,500,-6.1,120.0
17451_700,Monday,17,360,30.7,540.0
17464_700,Monday,17,205,-4.1,120.0
17293_700,Monday,17,119,79.2,360.0
17310_700,Monday,17,381,9.6,180.0
1921_700,Monday,17,377,61.4,1079.0
18374_700,Monday,17,292,14.0,180.0
17345_700,Monday,17,136,26.9,180.0
17370_700,Monday,17,176,-2.4,180.0
17384_700,Monday,17,105,42.3,300.0
17744_700,Monday,17,90,147.3,840.0
17454_700,Monday,17,314,10.3,180.0
17465_700,Monday,17,972,-14.9,240.0
17538_700,Monday,17,775,14.5,480.0
17356_700,Monday,17,499,32.3,240.0
5353_700,Monday,17,150,34.8,250.0
5362_700,Monday,17,66,17.4,700.0
5369_700,Monday,17,133,30.6,241.0
24050_100,Monday,17,73,-5.8,60.0
28311_100,Monday,17,44,31.4,420.0
17525_400,Monday,17,528,27.0,360.0
1547_700,Monday,17,243,9.2,175.0
1546_700,Monday,17,488,22.9,358.0
27961_700,Monday,17,27,0.0,0.0
1548_700,Monday,17,1047,7.4,203.0
24641_900,Monday,17,77,11.7,60.0
343_900,Monday,17,380,-0.0,50.0
17442_900,Monday,17,563,14.6,240.0
1550_700,Monday,17,262,9.1,101.0
4456_700,Monday,17,174,1.3,161.0
17460_900,Monday,17,1126,33.0,420.0
1556_900,Monday,17,754,6.9,130.0
5635_900,Monday,17,1707,14.6,353.0
26786_106,Monday,17,79,0.4,29.0
1945_700,Monday,17,231,34.8,558.0
22691_700,Monday,17,192,71.8,518.0
340_900,Monday,17,459,-2.1,130.0
3713_700,Monday,17,172,-23.4,73.0
15959_700,Monday,17,167,41.2,258.0
29160_700,Monday,17,65,31.1,409.0
10676_700,Monday,17,231,30.0,880.0
17535_700,Monday,17,283,28.6,300.0
17327_700,Monday,17,117,23.6,180.0
17515_400,Monday,17,600,8.3,180.0
5339_700,Monday,17,165,11.9,198.0
5631_700,Monday,17,64,6.1,125.0
17526_400,Monday,17,385,8.3,120.0
5596_700,Monday,17,218,12.2,264.0
7362_900,Monday,17,510,16.8,365.0
10155_109,Monday,17,183,30.8,240.0
26785_106,Monday,17,102,22.2,180.0
15274_700,Monday,17,629,25.6,326.0
1558_900,Monday,17,360,12.7,254.0
17421_900,Monday,17,82,15.4,120.0
15276_700,Monday,17,212,2.5,33.0
17294_700,Monday,17,180,20.0,180.0
18363_700,Monday,17,22,161.4,172.0
17317_700,Monday,17,257,248.4,1320.0
17339_700,Monday,17,546,38.0,420.0
17360_700,Monday,17,527,37.2,420.0
17441_700,Monday,17,1093,4.4,240.0
17453_700,Monday,17,826,7.8,180.0
17461_700,Monday,17,527,14.0,420.0
5332_700,Monday,17,75,-3.1,50.0
22390_700,Monday,17,61,25.6,60.0
5345_700,Monday,17,166,37.7,247.0
5352_700,Monday,17,55,15.7,118.0
17392_700,Monday,17,24,7.5,60.0
17516_400,Monday,17,40,0.0,0.0
27967_700,Monday,17,34,307.4,921.0
17417_900,Monday,17,238,28.5,180.0
17419_900,Monday,17,133,6.8,360.0
1551_700,Monday,17,476,24.4,436.0
5355_700,Monday,17,71,21.1,60.0
5633_900,Monday,17,684,2.5,124.0
27291_700,Monday,17,111,28.6,120.0
28806_700,Monday,17,60,99.8,194.0
21947_700,Monday,17,150,1.5,141.0
27915_700,Monday,17,65,0.0,0.0
16354_700,Monday,17,44,2.7,70.0
27307_700,Monday,17,14,111.4,360.0
16915_700,Monday,17,132,0.0,0.0
18341_700,Monday,17,11,216.9,277.0
10296_700,Monday,17,97,-3.0,9.0
1971_700,Monday,17,180,-1.7,128.0
20812_100,Monday,17,10,12.0,60.0
17314_700,Monday,17,290,81.1,480.0
13111_700,Monday,17,35,3.8,132.0
29167_700,Monday,17,19,0.0,0.0
17377_700,Monday,17,78,99.2,300.0
17512_400,Monday,17,20,0.0,0.0
22754_700,Monday,17,552,-20.1,120.0
17456_700,Monday,17,845,25.8,480.0
17462_700,Monday,17,368,16.6,360.0
17533_700,Monday,17,460,219.8,1500.0
17335_700,Monday,17,572,339.9,1440.0
5337_700,Monday,17,104,71.6,322.0
27292_700,Monday,17,79,186.1,360.0
5371_700,Monday,17,155,113.1,725.0
5380_700,Monday,17,73,29.1,176.0
28260_900,Monday,17,115,-3.1,180.0
17385_700,Monday,17,57,312.6,660.0
10148_109,Monday,17,310,73.0,660.0
17388_700,Monday,17,11,0.0,0.0
17446_900,Monday,17,146,-3.7,180.0
10157_109,Monday,17,343,6.5,120.0
10671_700,Monday,17,58,19.3,252.0
10162_109,Monday,17,289,9.8,120.0
4509_700,Monday,17,16,68.1,133.0
17295_700,Monday,17,180,25.7,360.0
22693_700,Monday,17,22,44.9,231.0
18359_700,Monday,17,82,-2.8,0.0
23414_700,Monday,17,252,75.7,420.0
23415_700,Monday,17,635,241.6,1500.0
7361_700,Monday,17,365,11.6,280.0
5378_700,Monday,17,201,20.1,147.0
24046_100,Monday,17,62,-2.9,120.0
17352_900,Monday,17,84,14.3,60.0
17416_900,Monday,17,360,11.2,240.0
17425_900,Monday,17,297,-21.2,120.0
17393_700,Monday,17,102,68.2,300.0
17440_900,Monday,17,997,359.5,1500.0
5365_700,Monday,17,170,63.8,395.0
17338_900,Monday,17,250,2.9,180.0
17359_700,Monday,17,166,9.4,60.0
13438_900,Monday,17,228,5.1,61.0
18939_700,Monday,17,53,78.4,198.0
17299_700,Monday,17,207,13.0,180.0
17305_700,Monday,17,642,67.6,600.0
18360_700,Monday,17,184,6.6,68.0
18921_700,Monday,17,40,158.4,191.0
1955_700,Monday,17,359,93.1,828.0
1928_700,Monday,17,157,7.0,89.0
13113_700,Monday,17,80,185.8,589.0
15273_700,Monday,17,120,0.5,64.0
17349_700,Monday,17,673,24.4,540.0
17364_700,Monday,17,427,476.5,2220.0
27290_700,Monday,17,155,66.6,240.0
17445_700,Monday,17,257,33.9,240.0
17530_700,Monday,17,374,9.1,180.0
28571_109,Monday,17,6,0.0,0.0
17309_700,Monday,17,108,-16.7,60.0
17518_400,Monday,17,676,42.6,660.0
17521_400,Monday,17,541,14.4,180.0
5376_700,Monday,17,70,44.5,275.0
24056_100,Monday,17,43,-4.2,120.0
10144_109,Monday,17,173,25.3,180.0
18949_109,Monday,17,147,42.9,300.0
4477_700,Monday,17,217,23.2,523.0
5346_700,Monday,17,51,1.0,88.0
26784_106,Monday,17,63,19.3,120.0
27275_700,Monday,17,347,25.8,360.0
1549_700,Monday,17,630,14.2,150.0
18351_700,Monday,17,23,41.8,202.0
27299_700,Monday,17,57,11.6,120.0
26790_106,Monday,17,66,5.8,74.0
18370_700,Monday,17,149,2.0,102.0
17333_700,Monday,17,277,85.6,1020.0
17362_700,Monday,17,266,171.2,900.0
17457_700,Monday,17,545,21.2,480.0
17415_700,Monday,17,34,28.2,120.0
10674_700,Monday,17,241,5.8,87.0
1925_700,Monday,17,366,17.6,1786.0
1923_700,Monday,17,659,58.1,737.0
26748_100,Monday,17,18,170.0,360.0
17334_700,Monday,17,470,36.9,420.0
17369_700,Monday,17,193,476.3,1500.0
22804_700,Monday,17,244,-17.2,819.0
23154_700,Monday,17,150,83.2,480.0
17443_700,Monday,17,80,1199.3,2340.0
27963_700,Monday,17,87,134.3,378.0
10682_700,Monday,17,191,48.4,262.0
17427_900,Monday,17,150,-13.2,240.0
17444_900,Monday,17,112,-1.6,60.0
25219_700,Monday,17,9,-67.6,55.0
26783_106,Monday,17,103,53.2,486.0
27959_700,Monday,17,104,194.9,949.0
21725_700,Monday,17,29,148.0,266.0
18354_700,Monday,17,53,0.1,43.0
22714_700,Monday,17,183,37.6,180.0
17448_700,Monday,17,837,37.8,540.0
27285_700,Monday,17,22,0.0,0.0
27916_700,Monday,17,77,35.7,215.0
5343_700,Monday,17,45,56.6,221.0
5350_700,Monday,17,111,23.0,95.0
1938_700,Monday,17,400,27.0,185.0
18937_700,Monday,17,45,106.9,308.0
5354_700,Monday,17,45,-10.4,133.0
5381_700,Monday,17,263,18.1,138.0
10167_109,Monday,17,283,11.0,120.0
17292_700,Monday,17,314,142.4,960.0
17304_700,Monday,17,528,187.5,1620.0
26787_106,Monday,17,15,0.0,0.0
28800_700,Monday,17,15,103.9,162.0
1930_700,Monday,17,270,56.8,369.0
17380_700,Monday,17,127,26.0,120.0
17449_700,Monday,17,1135,-21.8,240.0
10276_109,Monday,17,118,24.9,180.0
27296_700,Monday,17,101,178.8,540.0
17303_700,Monday,17,773,20.6,540.0
22692_700,Monday,17,97,26.3,242.0
17302_700,Monday,17,293,17.0,180.0
5364_700,Monday,17,108,34.4,209.0
10912_700,Monday,17,15,7.1,21.0
1929_700,Monday,17,145,7.1,71.0
1939_700,Monday,17,58,61.4,147.0
17346_700,Monday,17,103,47.2,300.0
22687_700,Monday,17,44,46.0,78.0
27276_700,Monday,17,137,56.1,600.0
1880_900,Monday,17,38,-20.7,0.0
4505_700,Monday,17,25,30.8,70.0
22703_700,Monday,17,53,217.2,567.0
22726_700,Monday,17,46,-11.2,3.0
17318_700,Monday,17,296,579.7,1680.0
5344_700,Monday,17,22,16.4,119.0
5377_700,Monday,17,93,37.3,227.0
1882_900,Monday,17,30,-41.1,74.0
10223_109,Monday,17,209,57.7,300.0
10224_109,Monday,17,251,88.2,420.0
18927_700,Monday,17,38,125.2,225.0
17407_700,Monday,17,30,14.0,60.0
1935_700,Monday,17,59,1.1,239.0
22686_700,Monday,17,29,0.0,0.0
13118_700,Monday,17,57,89.9,442.0
17315_700,Monday,17,244,158.1,2280.0
1931_700,Monday,17,111,12.7,142.0
24715_700,Monday,17,6,30.2,67.0
5372_700,Monday,17,145,171.3,1597.0
10158_109,Monday,17,224,16.1,120.0
28259_100,Monday,17,79,366.8,1860.0
20813_100,Monday,17,30,34.0,180.0
16349_100,Monday,17,10,-5418.0,0.0
22684_700,Monday,17,62,77.9,210.0
22712_700,Monday,17,150,47.9,331.0
17418_900,Monday,17,95,22.7,60.0
13106_700,Monday,17,14,30.5,61.0
27269_700,Monday,17,27,0.0,0.0
17342_700,Monday,17,697,149.4,840.0
17350_700,Monday,17,408,198.7,1500.0
17537_700,Monday,17,93,43.2,480.0
13136_700,Monday,17,30,2.1,62.0
1871_700,Monday,17,31,-25.2,75.0
5370_700,Monday,17,82,23.1,161.0
27270_700,Monday,17,14,0.0,0.0
10227_109,Monday,17,251,23.9,240.0
27289_700,Monday,17,25,0.0,0.0
20930_700,Monday,17,95,88.1,277.0
26789_106,Monday,17,24,0.0,0.0
22708_700,Monday,17,144,36.5,318.0
10141_109,Monday,17,291,23.3,180.0
17313_700,Monday,17,128,-2.3,120.0
15277_700,Monday,17,504,19.0,519.0
24044_100,Monday,17,30,0.0,0.0
16009_700,Monday,17,183,48.3,527.0
24045_100,Monday,17,163,2.6,360.0
27952_700,Monday,17,219,104.6,826.0
22451_700,Monday,17,23,236.6,598.0
17297_700,Monday,17,371,61.6,300.0
3975_700,Monday,17,100,57.2,310.0
22709_700,Monday,17,35,551.5,1581.0
17455_700,Monday,17,720,85.2,960.0
28712_700,Monday,17,16,15.0,60.0
5384_700,Monday,17,168,41.7,206.0
5351_700,Monday,17,17,160.4,211.0
24025_100,Monday,17,219,69.3,780.0
27937_700,Monday,17,48,25.6,134.0
10170_109,Monday,17,269,8.3,120.0
27280_700,Monday,17,28,231.4,300.0
18349_700,Monday,17,31,13.0,92.0
18350_700,Monday,17,69,38.7,241.0
5334_700,Monday,17,39,33.0,112.0
29141_700,Monday,17,21,6.0,64.0
17311_700,Monday,17,426,23.0,420.0
18945_700,Monday,17,115,41.3,432.0
17399_700,Monday,17,54,105.6,300.0
26780_700,Monday,17,78,46.2,180.0
5366_700,Monday,17,51,14.8,311.0
24718_700,Monday,17,4,-108.8,33.0
17452_900,Monday,17,858,19.4,600.0
25529_700,Monday,17,40,0.6,11.0
5340_700,Monday,17,72,16.4,93.0
27935_700,Monday,17,17,0.0,0.0
19058_100,Monday,17,140,58.7,540.0
17355_700,Monday,17,349,148.7,840.0
17290_700,Monday,17,436,10.5,360.0
18361_700,Monday,17,68,68.5,306.0
1870_700,Monday,17,19,6.2,147.0
22695_700,Monday,17,36,213.6,495.0
18367_700,Monday,17,67,123.7,277.0
13127_700,Monday,17,21,550.2,581.0
17344_700,Monday,17,42,10.0,60.0
10678_700,Monday,17,133,20.2,158.0
17378_700,Monday,17,341,-3.5,240.0
27951_700,Monday,17,57,270.8,1413.0
10149_109,Monday,17,205,16.7,180.0
23945_100,Monday,17,133,9.0,240.0
27277_700,Monday,17,96,0.0,0.0
20810_700,Monday,17,24,5.0,120.0
22739_700,Monday,17,77,0.0,0.0
18891_700,Monday,17,16,106.1,128.0
17329_700,Monday,17,188,29.0,360.0
24052_100,Monday,17,61,21.6,300.0
27286_700,Monday,17,35,1020.0,1800.0
18926_700,Monday,17,30,62.4,79.0
18931_700,Monday,17,401,93.3,262.0
18355_700,Monday,17,47,18.6,109.0
27268_700,Monday,17,15,0.0,0.0
18922_700,Monday,17,148,120.6,296.0
22723_700,Monday,17,26,31.7,117.0
17321_700,Monday,17,99,35.8,180.0
18346_700,Monday,17,17,2292.4,2598.0
27297_700,Monday,17,14,0.0,0.0
27300_700,Monday,17,110,69.3,360.0
17458_700,Monday,17,533,202.7,1080.0
10143_109,Monday,17,278,21.2,240.0
27274_700,Monday,17,19,0.0,0.0
17619_700,Monday,17,103,187.6,1020.0
17395_700,Monday,17,29,-4.1,0.0
6618_700,Monday,17,48,103.2,188.0
5379_700,Monday,17,207,75.9,577.0
5368_700,Monday,17,189,42.7,308.0
10229_109,Monday,17,44,1.4,60.0
4497_700,Monday,17,22,44.0,86.0
17312_700,Monday,17,80,-12.0,60.0
17316_700,Monday,17,268,20.6,180.0
5342_700,Monday,17,56,-0.3,63.0
24759_700,Monday,17,81,28.1,120.0
27956_700,Monday,17,9,-92.0,124.0
18358_700,Monday,17,60,17.3,96.0
22694_700,Monday,17,14,0.0,0.0
18365_700,Monday,17,47,1.8,76.0
17340_700,Monday,17,421,53.6,480.0
17279_700,Monday,17,87,116.6,600.0
17372_700,Monday,17,249,8.2,240.0
18899_700,Monday,17,82,64.7,134.0
17331_700,Monday,17,197,33.2,960.0
17296_700,Monday,17,75,60.8,240.0
18369_700,Monday,17,165,29.9,433.0
17536_700,Monday,17,157,35.9,300.0
27948_700,Monday,17,58,126.0,333.0
17281_700,Monday,17,70,46.3,180.0
17361_700,Monday,17,187,-15.1,120.0
10913_700,Monday,17,35,454.3,640.0
17422_900,Monday,17,266,25.5,300.0
17424_900,Monday,17,406,51.6,600.0
26791_106,Monday,17,8,0.0,0.0
18911_700,Monday,17,93,19.2,64.0
28109_700,Monday,17,21,0.0,0.0
10677_700,Monday,17,18,0.0,0.0
17301_900,Monday,17,116,6.2,60.0
17298_700,Monday,17,60,8.0,60.0
17373_700,Monday,17,179,22.1,180.0
13126_700,Monday,17,28,71.5,195.0
17343_700,Monday,17,89,1.3,60.0
21284_700,Monday,17,151,32.2,300.0
17323_700,Monday,17,280,40.1,300.0
17401_700,Monday,17,32,1.9,60.0
18352_700,Monday,17,30,16.8,159.0
27968_700,Monday,17,4,-181.5,0.0
18364_700,Monday,17,14,31.7,108.0
17368_700,Monday,17,283,2.8,240.0
17341_700,Monday,17,557,4.5,180.0
1883_900,Monday,17,7,-27.9,67.0
26793_106,Monday,17,18,0.0,0.0
17398_700,Monday,17,130,52.6,420.0
27954_700,Monday,17,84,84.0,951.0
20845_700,Monday,17,10,4.7,12.0
29103_700,Monday,17,34,0.0,0.0
17366_700,Monday,17,324,-3.9,180.0
17347_700,Monday,17,496,30.4,360.0
17381_700,Monday,17,316,-0.9,120.0
1924_700,Monday,17,148,8.6,80.0
4514_700,Monday,17,37,156.3,284.0
27294_700,Monday,17,5,0.0,0.0
6620_700,Monday,17,16,-5.4,5.0
17354_700,Monday,17,213,42.5,180.0
27288_700,Monday,17,79,4.5,51.0
17353_700,Monday,17,32,0.0,0.0
24053_100,Monday,17,124,34.8,420.0
17307_700,Monday,17,83,399.0,960.0
16345_100,Monday,17,39,10.8,60.0
17351_700,Monday,17,90,273.3,600.0
17402_700,Monday,17,18,3.3,60.0
11536_109,Monday,17,39,9.2,120.0
29104_700,Monday,17,5,0.0,0.0
10683_700,Monday,17,19,54.0,54.0
27946_700,Monday,17,23,273.0,554.0
4495_700,Monday,17,29,44.3,58.0
18920_700,Monday,17,132,87.2,281.0
17319_700,Monday,17,452,16.5,300.0
29169_700,Monday,17,17,33.3,67.0
17367_700,Monday,17,455,8.7,240.0
17412_700,Monday,17,56,41.8,120.0
24055_100,Monday,17,24,-20.0,120.0
5363_700,Monday,17,60,22.0,110.0
10166_109,Monday,17,44,5.5,60.0
1881_900,Monday,17,29,6.8,66.0
4511_700,Monday,17,62,204.2,521.0
18915_700,Monday,17,33,74.1,126.0
18935_700,Monday,17,55,60.2,140.0
4518_700,Monday,17,8,2.1,4.0
26788_106,Monday,17,60,13.3,119.0
10165_109,Monday,17,49,12.2,60.0
17435_700,Monday,17,48,20.0,180.0
19211_700,Monday,17,15,11.0,68.0
4502_700,Monday,17,24,149.0,196.0
13108_700,Monday,17,56,83.4,318.0
17330_700,Monday,17,489,45.9,720.0
16733_700,Monday,17,48,88.5,219.0
24057_100,Monday,17,58,13.4,180.0
27293_700,Monday,17,49,14.7,120.0
5333_700,Monday,17,84,206.9,708.0
19059_100,Monday,17,28,51.4,360.0
5382_700,Monday,17,6,0.0,0.0
27934_700,Monday,17,108,288.8,1069.0
17390_700,Monday,17,107,-22.4,0.0
17374_900,Monday,17,52,-18.5,120.0
17387_700,Monday,17,24,0.0,0.0
17527_700,Monday,17,6,10.0,60.0
27310_700,Monday,17,16,0.0,0.0
10679_700,Monday,17,57,137.5,235.0
18908_700,Monday,17,70,172.9,269.0
17532_700,Monday,17,383,66.6,840.0
5335_700,Monday,17,73,40.8,159.0
23444_700,Monday,17,33,95.7,288.0
17328_700,Monday,17,236,14.0,240.0
17326_700,Monday,17,170,19.8,180.0
10163_109,Monday,17,286,12.0,120.0
17411_700,Monday,17,50,1246.8,2640.0
27279_700,Monday,17,34,0.0,0.0
13122_700,Monday,17,36,270.5,638.0
17400_700,Monday,17,88,126.1,480.0
22689_700,Monday,17,26,41.2,99.0
24043_100,Monday,17,28,-25.7,0.0
16734_700,Monday,17,1,76.0,76.0
22725_700,Monday,17,15,159.8,497.0
13123_700,Monday,17,63,140.7,509.0
5336_700,Monday,17,37,0.0,0.0
22690_700,Monday,17,50,187.4,900.0
13105_700,Monday,17,91,87.0,136.0
13125_700,Monday,17,41,496.6,1396.0
18884_700,Monday,17,17,28.4,69.0
17409_700,Monday,17,55,21.8,180.0
21726_700,Monday,17,54,-30.9,22.0
13132_700,Monday,17,8,78.2,163.0
22240_109,Monday,17,233,31.2,300.0
27969_700,Monday,17,68,37.9,164.0
18353_700,Monday,17,62,41.4,131.0
17391_700,Monday,17,10,0.0,0.0
28802_700,Monday,17,18,492.6,556.0
17414_700,Monday,17,80,18.8,120.0
4499_700,Monday,17,42,213.1,302.0
15020_700,Monday,17,14,48.5,283.0
17365_700,Monday,17,188,191.2,1260.0
27962_700,Monday,17,11,0.0,0.0
25905_700,Monday,17,17,0.0,0.0
19019_700,Monday,17,22,-19.1,0.0
17322_700,Monday,17,209,25.3,420.0
29150_700,Monday,17,39,103.2,309.0
17531_700,Monday,17,153,-1.6,120.0
18913_700,Monday,17,85,54.3,76.0
18368_700,Monday,17,48,-47.6,0.0
17379_700,Monday,17,228,14.7,240.0
24042_100,Monday,17,112,17.7,360.0
22711_700,Monday,17,20,0.0,0.0
16859_700,Monday,17,8,0.0,0.0
18909_700,Monday,17,141,213.6,726.0
13116_700,Monday,17,28,32.2,206.0
19062_100,Monday,17,23,289.6,840.0
5341_700,Monday,17,25,0.0,0.0
28801_700,Monday,17,12,65.9,66.0
10142_109,Monday,17,266,64.3,480.0
6621_700,Monday,17,17,73.5,205.0
27945_700,Monday,17,99,92.5,283.0
20369_100,Monday,17,18,120.0,480.0
27939_700,Monday,17,18,460.7,679.0
22702_700,Monday,17,28,0.0,0.0
22698_700,Monday,17,16,-5.4,10.0
13133_700,Monday,17,29,217.4,247.0
29101_700,Monday,17,12,26.1,101.0
21159_700,Monday,17,9,128.0,128.0
13115_700,Monday,17,1,61.0,61.0
29147_700,Monday,17,2,64.0,64.0
13443_700,Monday,17,16,217.3,269.0
4271_700,Monday,17,19,319.5,333.0
4266_700,Monday,17,29,148.6,744.0
19119_700,Monday,17,22,34.5,81.0
10684_700,Monday,17,22,2.8,62.0
4261_700,Monday,17,34,91.8,187.0
21750_700,Monday,17,63,1606.1,3088.0
4242_700,Monday,17,127,127.3,814.0
4224_700,Monday,17,26,171.7,278.0
16374_700,Monday,17,3,27.7,52.0
4236_700,Monday,17,19,142.9,214.0
4243_700,Monday,17,45,69.7,219.0
4244_700,Monday,17,41,91.2,171.0
19009_700,Monday,17,85,199.0,552.0
1872_700,Monday,17,11,-36.0,67.0
22710_700,Monday,17,50,39.3,363.0
4268_700,Monday,17,15,187.6,384.0
4235_700,Monday,17,15,54.7,310.0
19126_700,Monday,17,111,220.6,634.0
19112_700,Monday,17,15,-18.5,84.0
19103_700,Monday,17,38,50.9,130.0
4258_700,Monday,17,23,4.0,63.0
19121_700,Monday,17,56,95.6,144.0
4287_700,Monday,17,86,48.3,156.0
4249_700,Monday,17,49,57.8,132.0
14733_700,Monday,17,11,7.5,28.0
4223_700,Monday,17,35,41.5,140.0
4259_700,Monday,17,88,170.4,466.0
4221_700,Monday,17,19,81.5,168.0
4238_700,Monday,17,19,56.9,57.0
4245_700,Monday,17,11,14.5,16.0
4241_700,Monday,17,20,127.1,310.0
24694_700,Monday,17,24,318.3,493.0
23435_700,Monday,17,3,0.0,0.0
4250_700,Monday,17,40,38.4,97.0
23944_100,Monday,17,5,-36.0,0.0
23534_700,Monday,17,13,141.5,147.0
18371_700,Monday,17,31,43.4,126.0
19122_700,Monday,17,15,-13.7,69.0
15624_700,Monday,17,4,132.0,192.0
13889_700,Monday,17,25,208.3,269.0
18342_700,Monday,17,48,47.0,177.0
14979_700,Monday,17,1,121.0,121.0
28572_109,Monday,17,10,0.0,0.0
24049_100,Monday,17,47,7.7,120.0
10150_109,Monday,17,23,26.1,120.0
10226_109,Monday,17,222,3.2,60.0
4239_700,Monday,17,26,127.0,127.0
10159_109,Monday,17,10,0.0,0.0
18886_700,Monday,17,12,476.8,492.0
18914_700,Monday,17,19,193.1,256.0
29157_700,Monday,17,42,42.6,96.0
24048_100,Monday,17,18,-20.0,60.0
27965_700,Monday,17,64,0.0,0.0
22706_700,Monday,17,46,23.9,56.0
18898_700,Monday,17,153,130.9,432.0
13418_700,Monday,17,15,128.9,325.0
17406_700,Monday,17,26,-34.6,0.0
27947_700,Monday,17,127,70.9,472.0
4281_700,Monday,17,75,31.6,110.0
29140_700,Monday,17,64,166.0,505.0
4521_700,Monday,17,63,90.2,375.0
19066_100,Monday,17,120,83.0,420.0
18895_700,Monday,17,38,184.4,358.0
18933_700,Monday,17,45,31.1,67.0
19133_700,Monday,17,20,58.5,95.0
18923_700,Monday,17,61,117.5,195.0
20364_700,Monday,17,17,42.3,51.0
18916_700,Monday,17,22,182.5,251.0
18339_700,Monday,17,2,56.5,66.0
17447_700,Monday,17,372,-35.8,60.0
19109_700,Monday,17,13,45.5,128.0
18362_700,Monday,17,31,-5.7,69.0
4512_700,Monday,17,28,136.1,179.0
19705_700,Monday,17,27,88.9,360.0
13110_700,Monday,17,56,96.5,219.0
17332_700,Monday,17,16,11.2,60.0
27957_700,Monday,17,38,179.7,362.0
17375_700,Monday,17,78,3.8,180.0
22609_700,Monday,17,240,-16.0,120.0
7251_700,Monday,17,14,181.0,195.0
18940_700,Monday,17,9,303.9,304.0
19131_700,Monday,17,26,51.1,156.0
19079_700,Monday,17,28,58.6,196.0
10145_109,Monday,17,237,59.5,300.0
18929_700,Monday,17,39,68.1,215.0
26454_700,Monday,17,11,-8.4,33.0
19065_100,Monday,17,15,72.0,240.0
4257_700,Monday,17,40,154.9,317.0
18344_700,Monday,17,21,75.5,140.0
29146_700,Monday,17,13,51.6,61.0
4520_700,Monday,17,50,177.6,365.0
6622_700,Monday,17,13,101.1,120.0
4256_700,Monday,17,26,143.6,189.0
1933_700,Monday,17,16,100.8,1138.0
4251_700,Monday,17,72,40.9,287.0
18906_700,Monday,17,40,42.5,74.0
27044_700,Monday,17,24,129.7,207.0
17376_700,Monday,17,33,-12.7,60.0
27569_700,Monday,17,6,0.0,0.0
13107_700,Monday,17,17,4.9,75.0
17413_700,Monday,17,33,96.4,240.0
18900_700,Monday,17,70,125.6,204.0
22722_700,Monday,17,35,87.2,316.0
21749_700,Monday,17,14,66.9,67.0
27943_700,Monday,17,17,145.4,454.0
28805_700,Monday,17,14,58.6,78.0
18917_700,Monday,17,18,0.0,0.0
18969_100,Monday,17,4,0.0,0.0
17389_700,Monday,17,20,-45.0,0.0
22454_700,Monday,17,11,68.9,69.0
4264_700,Monday,17,19,105.4,187.0
13114_700,Monday,17,25,291.0,343.0
29162_700,Monday,17,30,52.0,691.0
17336_700,Monday,17,16,0.0,0.0
4226_700,Monday,17,20,66.6,1633.0
22701_700,Monday,17,24,12.2,18.0
20479_700,Monday,17,8,148.2,170.0
18356_700,Monday,17,3,55.0,82.0
1877_700,Monday,17,8,-7.0,64.0
19681_100,Monday,17,20,3.0,60.0
4516_700,Monday,17,14,64.9,76.0
4265_700,Monday,17,29,192.8,310.0
19118_700,Monday,17,62,126.6,242.0
18889_700,Monday,17,29,643.1,1425.0
29145_700,Monday,17,17,126.1,315.0
19127_700,Monday,17,90,85.5,174.0
1920_700,Monday,17,11,434.0,709.0
18348_700,Monday,17,18,-24.8,176.0
22717_700,Monday,17,17,0.0,0.0
13120_700,Monday,17,25,204.2,597.0
26781_700,Monday,17,66,55.5,120.0
19063_100,Monday,17,13,0.0,60.0
4228_700,Monday,17,12,179.1,327.0
4225_700,Monday,17,10,59.0,121.0
6626_700,Monday,17,12,44.2,65.0
4254_700,Monday,17,17,203.5,264.0
18347_700,Monday,17,1,316.0,316.0
18930_700,Monday,17,31,206.4,304.0
18932_700,Monday,17,12,1533.9,1534.0
17534_700,Monday,17,1,0.0,0.0
19155_109,Monday,21,57,-4.2,0.0
17289_700,Monday,21,142,-42.3,2760.0
17464_700,Monday,21,252,12.6,180.0
17336_700,Monday,21,17,0.0,0.0
17453_700,Monday,21,548,19.2,420.0
21750_700,Monday,21,14,-117.8,0.0
17523_400,Monday,21,1088,6.9,180.0
17335_700,Monday,21,325,70.0,300.0
19127_700,Monday,21,39,55.5,111.0
17331_700,Monday,21,63,51.4,180.0
17316_700,Monday,21,216,28.9,180.0
17351_700,Monday,21,36,-55.0,0.0
17392_700,Monday,21,24,0.0,0.0
17437_700,Monday,21,99,26.7,180.0
17343_700,Monday,21,69,-12.2,120.0
17441_700,Monday,21,741,-1.1,240.0
17461_700,Monday,21,323,64.3,300.0
20479_700,Monday,21,16,321.1,1816.0
17346_700,Monday,21,103,-0.6,0.0
17362_700,Monday,21,191,-0.6,60.0
22754_700,Monday,21,276,11.1,60.0
17281_700,Monday,21,69,8.7,60.0
17419_900,Monday,21,72,0.0,0.0
17350_700,Monday,21,309,64.7,1020.0
17373_700,Monday,21,179,37.9,240.0
17375_700,Monday,21,45,-14.7,60.0
17512_400,Monday,21,117,10.8,60.0
17531_700,Monday,21,42,-32.9,0.0
17533_700,Monday,21,154,44.8,120.0
17420_900,Monday,21,189,-4.1,60.0
17425_900,Monday,21,279,3.2,120.0
17442_900,Monday,21,601,12.0,240.0
17299_700,Monday,21,147,46.9,300.0
17450_700,Monday,21,132,14.1,60.0
17455_700,Monday,21,454,8.7,240.0
17462_700,Monday,21,229,23.3,300.0
17535_700,Monday,21,112,-31.1,60.0
17538_700,Monday,21,274,259.9,1080.0
17526_400,Monday,21,175,2.1,60.0
17446_900,Monday,21,149,1.2,60.0
337_700,Monday,21,214,2.3,194.0
17355_700,Monday,21,201,-27.8,120.0
17514_400,Monday,21,735,70.4,720.0
5376_700,Monday,21,29,44.7,99.0
10143_109,Monday,21,268,8.3,120.0
1551_700,Monday,21,264,182.0,2177.0
15274_700,Monday,21,447,26.1,641.0
13438_900,Monday,21,270,9.0,127.0
1556_900,Monday,21,408,4.9,191.0
26791_106,Monday,21,8,0.0,0.0
5635_900,Monday,21,869,13.2,204.0
17457_700,Monday,21,333,60.4,660.0
15277_700,Monday,21,238,17.3,224.0
15276_700,Monday,21,140,-21.3,0.0
17305_700,Monday,21,451,51.8,360.0
17310_700,Monday,21,207,-7.2,60.0
18374_700,Monday,21,204,35.0,180.0
17345_700,Monday,21,51,5.9,60.0
17372_700,Monday,21,249,5.1,180.0
22804_700,Monday,21,154,8.2,588.0
17530_700,Monday,21,272,25.1,180.0
17323_700,Monday,21,22,16.4,60.0
1929_700,Monday,21,30,-1.0,22.0
1549_700,Monday,21,137,11.9,132.0
17440_900,Monday,21,616,324.5,2400.0
17385_700,Monday,21,68,11.5,60.0
1547_700,Monday,21,231,9.0,135.0
5633_900,Monday,21,612,10.8,198.0
10229_109,Monday,21,39,16.9,60.0
10157_109,Monday,21,240,33.0,300.0
27276_700,Monday,21,68,31.8,180.0
16915_700,Monday,21,97,0.0,0.0
17329_700,Monday,21,144,28.7,120.0
1923_700,Monday,21,168,55.1,1032.0
17527_700,Monday,21,6,0.0,0.0
24759_700,Monday,21,63,11.4,60.0
17515_400,Monday,21,288,5.2,60.0
17521_400,Monday,21,334,16.7,120.0
17338_900,Monday,21,198,18.5,180.0
5596_700,Monday,21,124,10.3,195.0
10223_109,Monday,21,206,7.9,120.0
17303_700,Monday,21,322,69.7,420.0
17314_700,Monday,21,114,24.7,120.0
17448_700,Monday,21,587,78.2,660.0
17465_700,Monday,21,257,203.1,1200.0
5381_700,Monday,21,89,58.9,199.0
17444_900,Monday,21,126,14.8,300.0
17452_900,Monday,21,572,41.2,420.0
17317_700,Monday,21,171,19.6,300.0
17344_700,Monday,21,37,21.1,60.0
17449_700,Monday,21,673,72.0,540.0
17454_700,Monday,21,138,25.2,120.0
17529_700,Monday,21,167,51.7,300.0
17525_400,Monday,21,466,4.1,120.0
17416_900,Monday,21,189,26.3,360.0
1548_700,Monday,21,686,25.1,314.0
19066_100,Monday,21,109,1.1,120.0
17459_900,Monday,21,573,32.3,300.0
17463_900,Monday,21,120,0.5,60.0
17292_700,Monday,21,248,155.1,600.0
17340_700,Monday,21,128,67.5,240.0
17364_700,Monday,21,345,57.0,540.0
17516_400,Monday,21,24,150.0,900.0
28712_700,Monday,21,17,0.0,0.0
5384_700,Monday,21,45,29.1,118.0
15273_700,Monday,21,52,22.7,118.0
26790_106,Monday,21,28,2.4,67.0
17312_700,Monday,21,100,34.8,120.0
17330_700,Monday,21,350,21.8,420.0
22609_700,Monday,21,80,-9.0,120.0
17520_700,Monday,21,71,71.0,240.0
1546_700,Monday,21,198,100.0,403.0
17438_900,Monday,21,220,9.5,60.0
7361_700,Monday,21,210,17.1,222.0
16859_700,Monday,21,254,10.6,135.0
17460_900,Monday,21,699,54.4,420.0
18923_700,Monday,21,53,119.4,278.0
18926_700,Monday,21,15,134.5,135.0
17378_700,Monday,21,222,272.4,840.0
18949_109,Monday,21,82,38.8,240.0
24715_700,Monday,21,6,-14.0,21.0
17418_900,Monday,21,95,14.5,120.0
18899_700,Monday,21,83,68.7,628.0
26787_106,Monday,21,15,0.0,0.0
1955_700,Monday,21,151,92.5,508.0
18969_100,Monday,21,4,0.0,0.0
1925_700,Monday,21,70,8.4,373.0
22240_109,Monday,21,128,42.2,180.0
1924_700,Monday,21,49,0.0,0.0
17295_700,Monday,21,129,-7.9,60.0
17451_700,Monday,21,242,25.5,240.0
17518_400,Monday,21,368,10.9,300.0
24046_100,Monday,21,33,165.5,840.0
1938_700,Monday,21,83,-33.2,74.0
17422_900,Monday,21,183,31.1,240.0
17424_900,Monday,21,309,20.8,240.0
23414_700,Monday,21,101,23.2,120.0
17333_700,Monday,21,197,28.0,120.0
17414_700,Monday,21,60,85.0,180.0
27297_700,Monday,21,15,0.0,0.0
17447_700,Monday,21,372,15.3,300.0
24057_100,Monday,21,30,48.0,240.0
17427_900,Monday,21,124,6.3,120.0
4456_700,Monday,21,82,0.0,0.0
26793_106,Monday,21,18,3.1,55.0
18915_700,Monday,21,17,46.4,63.0
5607_700,Monday,21,54,-2.3,7.0
4503_700,Monday,21,43,89.7,198.0
17304_700,Monday,21,347,34.6,240.0
17306_700,Monday,21,549,57.8,480.0
17541_700,Monday,21,22,0.0,0.0
17326_700,Monday,21,139,10.4,120.0
17309_700,Monday,21,136,27.4,180.0
23945_100,Monday,21,95,6.9,240.0
18351_700,Monday,21,22,0.0,0.0
17537_700,Monday,21,33,-34.5,0.0
27275_700,Monday,21,124,36.3,240.0
17536_700,Monday,21,135,39.1,120.0
17374_900,Monday,21,52,-3.5,0.0
17417_900,Monday,21,204,49.4,180.0
28260_900,Monday,21,80,6.8,60.0
26784_106,Monday,21,54,33.5,1020.0
1945_700,Monday,21,74,3.6,73.0
27280_700,Monday,21,43,153.5,420.0
17300_700,Monday,21,135,169.8,480.0
17302_700,Monday,21,280,50.6,360.0
22714_700,Monday,21,43,29.5,87.0
17325_700,Monday,21,204,-29.7,0.0
10676_700,Monday,21,68,-41.6,136.0
336_700,Monday,21,158,12.8,561.0
1930_700,Monday,21,32,112.2,137.0
26783_106,Monday,21,46,96.6,420.0
26788_106,Monday,21,60,5.2,78.0
18352_700,Monday,21,10,0.0,0.0
17456_700,Monday,21,422,21.8,360.0
5335_700,Monday,21,16,-47.9,102.0
25529_700,Monday,21,18,0.0,0.0
24045_100,Monday,21,119,74.6,1080.0
10148_109,Monday,21,299,18.7,240.0
10224_109,Monday,21,76,9.5,60.0
18933_700,Monday,21,47,30.8,63.0
10163_109,Monday,21,280,36.6,360.0
16354_700,Monday,21,44,114.1,363.0
18360_700,Monday,21,47,82.4,146.0
17320_700,Monday,21,344,17.1,300.0
17354_700,Monday,21,148,-23.5,60.0
23154_700,Monday,21,31,29.0,60.0
24025_100,Monday,21,113,38.2,360.0
26785_106,Monday,21,84,9.2,196.0
18920_700,Monday,21,116,78.8,319.0
18939_700,Monday,21,72,91.1,258.0
17381_700,Monday,21,179,98.2,360.0
17341_700,Monday,21,363,26.0,360.0
17443_700,Monday,21,35,13.7,120.0
17301_900,Monday,21,72,6.7,60.0
17398_700,Monday,21,48,38.8,60.0
15959_700,Monday,21,246,26.2,285.0
3713_700,Monday,21,88,7.1,84.0
10141_109,Monday,21,342,34.2,300.0
5382_700,Monday,21,62,-18.1,146.0
18931_700,Monday,21,92,63.8,127.0
17421_900,Monday,21,40,33.0,60.0
17321_700,Monday,21,54,44.4,180.0
17347_700,Monday,21,169,69.2,420.0
17360_700,Monday,21,270,96.0,480.0
5368_700,Monday,21,26,67.9,145.0
26786_106,Monday,21,37,125.3,288.0
17369_700,Monday,21,78,43.1,120.0
17377_700,Monday,21,78,33.1,180.0
17349_700,Monday,21,308,-24.5,120.0
11362_700,Monday,21,118,0.0,0.0
19059_100,Monday,21,66,15.5,300.0
18908_700,Monday,21,48,1718.0,2428.0
17359_700,Monday,21,84,18.6,120.0
17328_700,Monday,21,100,85.8,240.0
27300_700,Monday,21,54,1.1,60.0
17376_700,Monday,21,20,51.0,60.0
17532_700,Monday,21,157,10.3,240.0
17435_700,Monday,21,48,11.2,120.0
5379_700,Monday,21,102,-4.9,55.0
16349_100,Monday,21,5,-10836.0,0.0
17368_700,Monday,21,195,23.4,120.0
26789_106,Monday,21,12,29.8,238.0
10162_109,Monday,21,289,20.8,180.0
4497_700,Monday,21,12,31.3,144.0
21947_700,Monday,21,11,0.0,0.0
17290_700,Monday,21,388,13.8,240.0
5370_700,Monday,21,39,58.7,206.0
16009_700,Monday,21,56,89.4,356.0
1879_900,Monday,21,7,32.4,127.0
10155_109,Monday,21,143,38.6,180.0
10160_109,Monday,21,17,49.4,180.0
17380_700,Monday,21,51,70.6,240.0
17458_700,Monday,21,444,12.3,240.0
5345_700,Monday,21,83,37.0,138.0
1921_700,Monday,21,84,13.9,77.0
17308_700,Monday,21,78,12.3,120.0
17402_700,Monday,21,16,15.0,60.0
5378_700,Monday,21,16,16.4,135.0
20810_700,Monday,21,18,0.0,0.0
23415_700,Monday,21,335,13.4,300.0
28571_109,Monday,21,6,0.0,0.0
10144_109,Monday,21,162,6.3,60.0
28259_100,Monday,21,82,294.1,1320.0
10167_109,Monday,21,168,15.7,120.0
17297_700,Monday,21,176,32.0,300.0
18906_700,Monday,21,20,150.7,201.0
1872_700,Monday,21,15,-6.3,137.0
17744_700,Monday,21,39,26.2,240.0
24641_900,Monday,21,44,0.0,0.0
340_900,Monday,21,41,18.9,127.0
343_900,Monday,21,18,22.0,66.0
17334_700,Monday,21,344,99.1,360.0
17339_700,Monday,21,234,38.7,180.0
17348_700,Monday,21,133,15.3,120.0
23444_700,Monday,21,14,25.7,60.0
24052_100,Monday,21,45,20.0,300.0
24050_100,Monday,21,66,225.5,1800.0
5372_700,Monday,21,14,0.0,0.0
17352_900,Monday,21,84,-4.3,60.0
1971_700,Monday,21,80,-61.6,74.0
18914_700,Monday,21,20,100.5,157.0
17356_700,Monday,21,198,-2.1,60.0
24043_100,Monday,21,23,-13.0,60.0
18945_700,Monday,21,50,105.7,399.0
27290_700,Monday,21,39,0.0,0.0
18911_700,Monday,21,41,45.0,126.0
17370_700,Monday,21,88,-3.4,60.0
17413_700,Monday,21,34,0.0,0.0
1550_700,Monday,21,17,-3.9,0.0
18354_700,Monday,21,24,0.0,0.0
17324_900,Monday,21,163,-12.9,120.0
18921_700,Monday,21,19,68.9,69.0
17322_700,Monday,21,33,1.8,60.0
17367_700,Monday,21,163,54.8,300.0
18898_700,Monday,21,58,67.1,141.0
17445_700,Monday,21,143,-1.7,180.0
5363_700,Monday,21,24,8.8,18.0
19079_700,Monday,21,14,122.6,385.0
5380_700,Monday,21,20,60.0,60.0
19065_100,Monday,21,12,0.0,0.0
29140_700,Monday,21,48,36.3,235.0
17294_700,Monday,21,111,-5.4,120.0
1928_700,Monday,21,25,0.0,0.0
27289_700,Monday,21,36,73.3,360.0
17342_700,Monday,21,287,79.9,300.0
19058_100,Monday,21,99,103.6,540.0
10165_109,Monday,21,44,17.7,180.0
17401_700,Monday,21,20,-30.0,0.0
18909_700,Monday,21,75,244.1,491.0
18927_700,Monday,21,19,172.1,211.0
4221_700,Monday,21,20,79.2,146.0
4242_700,Monday,21,95,77.5,211.0
4265_700,Monday,21,21,178.5,211.0
4257_700,Monday,21,12,247.9,249.0
4281_700,Monday,21,24,55.1,57.0
17363_700,Monday,21,119,4.5,300.0
4477_700,Monday,21,30,-9.7,74.0
4287_700,Monday,21,33,178.7,328.0
25219_700,Monday,21,6,-88.3,67.0
13136_700,Monday,21,32,242.2,422.0
13133_700,Monday,21,34,327.0,422.0
1882_900,Monday,21,14,32.5,130.0
17415_700,Monday,21,34,1.8,60.0
13107_700,Monday,21,17,63.0,63.0
10674_700,Monday,21,27,99.2,2103.0
18370_700,Monday,21,40,24.0,107.0
13115_700,Monday,21,34,52.1,72.0
27952_700,Monday,21,44,100.2,157.0
4243_700,Monday,21,44,62.4,120.0
17406_700,Monday,21,26,16.2,60.0
28572_109,Monday,21,10,0.0,0.0
10142_109,Monday,21,289,17.9,180.0
24049_100,Monday,21,47,104.7,600.0
10145_109,Monday,21,237,29.1,180.0
7362_900,Monday,21,35,22.9,61.0
10226_109,Monday,21,201,2.4,60.0
10227_109,Monday,21,124,85.6,480.0
10158_109,Monday,21,71,93.8,300.0
10166_109,Monday,21,18,10.0,60.0
10170_109,Monday,21,235,23.5,120.0
24042_100,Monday,21,118,31.5,660.0
24053_100,Monday,21,98,55.1,420.0
16345_100,Monday,21,26,-6.9,120.0
20364_700,Monday,21,21,125.6,143.0
17327_700,Monday,21,44,25.9,120.0
17313_700,Monday,21,67,-10.7,60.0
17357_700,Monday,21,30,16.0,60.0
17311_700,Monday,21,234,-5.6,120.0
17293_700,Monday,21,54,10.0,60.0
21284_700,Monday,21,108,230.0,1200.0
17361_700,Monday,21,148,47.4,360.0
10149_109,Monday,21,82,2.9,120.0
18895_700,Monday,21,35,75.9,136.0
28109_700,Monday,21,7,180.0,180.0
4223_700,Monday,21,26,323.3,1207.0
4249_700,Monday,21,33,110.3,181.0
4259_700,Monday,21,18,148.7,222.0
21726_700,Monday,21,20,83.2,137.0
17400_700,Monday,21,44,-10.9,60.0
1870_700,Monday,21,15,36.9,203.0
17318_700,Monday,21,132,183.2,660.0
17319_700,Monday,21,180,103.7,540.0
17379_700,Monday,21,123,-6.8,180.0
17412_700,Monday,21,84,72.1,300.0
22390_700,Monday,21,60,25.0,60.0
17315_700,Monday,21,21,2.9,60.0
17298_700,Monday,21,15,44.0,60.0
17365_700,Monday,21,60,8.0,120.0
17407_700,Monday,21,15,0.0,0.0
17409_700,Monday,21,55,56.7,240.0
17296_700,Monday,21,48,10.0,60.0
13108_700,Monday,21,15,17.9,62.0
17366_700,Monday,21,81,69.6,360.0
22691_700,Monday,21,32,306.5,397.0
17307_700,Monday,21,33,65.5,120.0
13120_700,Monday,21,1,135.0,135.0
5339_700,Monday,21,27,12.4,114.0
18922_700,Monday,21,39,136.5,198.0
20369_100,Monday,21,12,0.0,0.0
17384_700,Monday,21,21,25.7,60.0
26781_700,Monday,21,33,96.4,240.0
5353_700,Monday,21,27,52.2,136.0
28311_100,Monday,21,18,103.3,420.0
24055_100,Monday,21,16,-0.0,120.0
18913_700,Monday,21,54,132.1,208.0
18930_700,Monday,21,6,96.5,138.0
5332_700,Monday,21,15,37.0,103.0
17279_700,Monday,21,25,38.4,180.0
5369_700,Monday,21,14,-35.9,0.0
1871_700,Monday,21,31,50.3,82.0
19126_700,Monday,21,6,37.2,76.0
17332_700,Monday,21,18,66.7,120.0
19118_700,Monday,21,31,46.5,112.0
18900_700,Monday,21,57,93.4,138.0
19705_700,Monday,21,18,20.0,240.0
17403_700,Monday,21,5,0.0,0.0
24056_100,Monday,21,10,-6.0,60.0
18889_700,Monday,21,9,208.0,1417.0
23944_100,Monday,21,6,400.0,540.0
18929_700,Monday,21,9,201.9,202.0
28412_109,Monday,21,8,0.0,0.0
14733_700,Monday,21,8,-52.1,0.0
19062_100,Monday,21,12,15.0,60.0
19156_109,Monday,21,28,105.0,300.0
4495_700,Monday,21,14,108.9,109.0
19155_109,Tuesday,0,57,-4.2,0.0
17457_700,Tuesday,0,252,-3.6,120.0
17536_700,Tuesday,0,70,-11.1,60.0
17518_400,Tuesday,0,288,12.7,120.0
17523_400,Tuesday,0,363,0.5,60.0
16859_700,Tuesday,0,263,6.2,135.0
5635_900,Tuesday,0,279,15.5,187.0
17314_700,Tuesday,0,109,61.7,180.0
1549_700,Tuesday,0,27,0.0,0.0
28260_900,Tuesday,0,57,-23.2,0.0
28777_700,Tuesday,0,93,0.0,0.0
1556_900,Tuesday,0,153,-1.5,60.0
17294_700,Tuesday,0,139,10.8,60.0
17420_900,Tuesday,0,170,-3.2,60.0
17460_900,Tuesday,0,465,28.6,300.0
5633_900,Tuesday,0,198,6.4,94.0
17446_900,Tuesday,0,92,-15.7,60.0
1554_700,Tuesday,0,169,0.0,0.0
17442_900,Tuesday,0,311,16.0,180.0
1548_700,Tuesday,0,230,5.6,149.0
17463_900,Tuesday,0,120,-1.0,60.0
18911_700,Tuesday,0,21,0.2,5.0
24045_100,Tuesday,0,107,56.1,480.0
17303_700,Tuesday,0,246,-11.7,120.0
337_700,Tuesday,0,61,18.2,58.0
24057_100,Tuesday,0,30,-4.0,180.0
17352_900,Tuesday,0,101,-2.4,0.0
15274_700,Tuesday,0,147,0.9,69.0
10148_109,Tuesday,0,246,3.9,120.0
17398_700,Tuesday,0,37,0.0,0.0
18351_700,Tuesday,0,44,0.0,0.0
17459_900,Tuesday,0,332,13.7,540.0
26785_106,Tuesday,0,12,0.0,0.0
17541_700,Tuesday,0,45,19.6,123.0
17453_700,Tuesday,0,426,30.4,120.0
17424_900,Tuesday,0,199,9.9,240.0
1547_700,Tuesday,0,99,14.1,244.0
336_700,Tuesday,0,45,0.0,0.0
17384_700,Tuesday,0,17,0.0,0.0
17422_900,Tuesday,0,186,-14.5,240.0
11362_700,Tuesday,0,354,0.0,0.0
26793_106,Tuesday,0,12,0.0,0.0
17312_700,Tuesday,0,61,0.0,0.0
17515_400,Tuesday,0,312,9.6,180.0
17326_700,Tuesday,0,46,1.3,60.0
17526_400,Tuesday,0,175,-0.7,0.0
19059_100,Tuesday,0,40,618.0,2700.0
10277_109,Tuesday,0,66,161.8,480.0
17521_400,Tuesday,0,235,6.1,120.0
10141_109,Tuesday,0,298,25.2,240.0
17427_900,Tuesday,0,126,0.5,60.0
17416_900,Tuesday,0,110,28.4,180.0
5596_700,Tuesday,0,25,0.4,10.0
17292_700,Tuesday,0,196,52.3,300.0
17340_700,Tuesday,0,107,17.4,120.0
17360_700,Tuesday,0,151,24.2,240.0
17525_400,Tuesday,0,288,1.2,240.0
7361_700,Tuesday,0,125,46.1,209.0
26784_106,Tuesday,0,23,42.4,135.0
17444_900,Tuesday,0,56,-2.1,0.0
15277_700,Tuesday,0,70,19.1,125.0
17514_400,Tuesday,0,245,10.3,120.0
17440_900,Tuesday,0,314,24.8,540.0
17319_700,Tuesday,0,200,44.4,180.0
27275_700,Tuesday,0,35,0.0,0.0
10165_109,Tuesday,0,43,0.0,0.0
17464_700,Tuesday,0,99,1149.7,3000.0
10155_109,Tuesday,0,38,20.5,120.0
17302_700,Tuesday,0,108,29.4,120.0
1928_700,Tuesday,0,25,2.8,70.0
23414_700,Tuesday,0,78,26.9,60.0
24025_100,Tuesday,0,28,47.1,300.0
10145_109,Tuesday,0,67,109.3,420.0
15276_700,Tuesday,0,16,57.2,109.0
26790_106,Tuesday,0,12,3.2,39.0
10149_109,Tuesday,0,237,13.4,180.0
17369_700,Tuesday,0,36,-10.0,0.0
17325_700,Tuesday,0,197,0.3,60.0
17451_700,Tuesday,0,157,6.1,60.0
17435_700,Tuesday,0,46,39.1,180.0
17418_900,Tuesday,0,236,-8.4,120.0
17452_900,Tuesday,0,338,1.8,180.0
17317_700,Tuesday,0,87,19.3,60.0
17366_700,Tuesday,0,79,35.7,180.0
17279_700,Tuesday,0,50,0.0,60.0
22390_700,Tuesday,0,47,14.0,60.0
17339_700,Tuesday,0,194,30.9,240.0
17310_700,Tuesday,0,149,-10.5,120.0
17311_700,Tuesday,0,160,-2.2,180.0
17349_700,Tuesday,0,250,-11.0,60.0
17400_700,Tuesday,0,41,1.5,60.0
17530_700,Tuesday,0,46,-2.6,60.0
19705_700,Tuesday,0,7,0.0,0.0
17316_700,Tuesday,0,184,-1.0,120.0
17328_700,Tuesday,0,78,24.6,120.0
17538_700,Tuesday,0,231,23.6,660.0
17516_400,Tuesday,0,20,0.0,0.0
17537_700,Tuesday,0,30,0.0,0.0
17438_900,Tuesday,0,150,1.2,120.0
10223_109,Tuesday,0,214,1.7,120.0
17356_700,Tuesday,0,145,-0.4,120.0
17406_700,Tuesday,0,13,0.0,0.0
26788_106,Tuesday,0,31,87.1,300.0
17450_700,Tuesday,0,92,0.7,60.0
17517_700,Tuesday,0,16,0.0,0.0
10226_109,Tuesday,0,241,1.2,60.0
17512_400,Tuesday,0,16,0.0,0.0
17372_700,Tuesday,0,94,4.5,180.0
17293_700,Tuesday,0,42,0.0,0.0
17295_700,Tuesday,0,63,-10.5,0.0
17361_700,Tuesday,0,103,11.1,60.0
21284_700,Tuesday,0,85,-24.7,60.0
17447_700,Tuesday,0,184,-15.7,60.0
23415_700,Tuesday,0,225,-21.9,60.0
10143_109,Tuesday,0,124,28.5,180.0
17417_900,Tuesday,0,158,0.4,120.0
17454_700,Tuesday,0,72,3.3,120.0
17297_700,Tuesday,0,110,-3.8,60.0
17305_700,Tuesday,0,315,-51.4,60.0
17337_700,Tuesday,0,14,0.0,0.0
17380_700,Tuesday,0,53,-31.7,0.0
17304_700,Tuesday,0,246,-15.9,120.0
17306_700,Tuesday,0,490,16.9,180.0
24759_700,Tuesday,0,33,0.0,0.0
17321_700,Tuesday,0,49,12.2,60.0
18920_700,Tuesday,0,51,60.0,148.0
10170_109,Tuesday,0,30,10.0,60.0
17329_700,Tuesday,0,96,37.5,180.0
17456_700,Tuesday,0,344,69.8,480.0
10278_109,Tuesday,0,34,0.0,0.0
19058_100,Tuesday,0,110,114.0,480.0
10167_109,Tuesday,0,47,2.6,60.0
17334_700,Tuesday,0,218,-17.1,60.0
17461_700,Tuesday,0,208,-1.4,60.0
17419_900,Tuesday,0,72,0.0,0.0
17374_900,Tuesday,0,37,-34.1,0.0
17425_900,Tuesday,0,113,0.5,60.0
17342_700,Tuesday,0,220,6.0,60.0
21649_109,Tuesday,0,30,0.0,0.0
17364_700,Tuesday,0,91,1.3,60.0
17455_700,Tuesday,0,277,5.8,60.0
10162_109,Tuesday,0,288,11.2,120.0
17377_700,Tuesday,0,78,-27.7,0.0
17437_700,Tuesday,0,64,60.0,240.0
17520_700,Tuesday,0,35,17.1,120.0
24043_100,Tuesday,0,15,4.0,60.0
19066_100,Tuesday,0,21,-5.7,60.0
17296_700,Tuesday,0,25,0.0,0.0
17381_700,Tuesday,0,44,0.0,0.0
17370_700,Tuesday,0,87,42.1,120.0
17540_700,Tuesday,0,11,11.3,62.0
17375_700,Tuesday,0,22,81.8,180.0
17315_700,Tuesday,0,41,1.5,60.0
10157_109,Tuesday,0,154,7.8,60.0
17289_700,Tuesday,0,88,12.3,180.0
17355_700,Tuesday,0,198,6.7,120.0
17462_700,Tuesday,0,166,3.6,120.0
17281_700,Tuesday,0,68,29.1,180.0
17365_700,Tuesday,0,104,9.8,120.0
17465_700,Tuesday,0,210,9.1,120.0
10142_109,Tuesday,0,24,62.5,120.0
11537_109,Tuesday,0,63,0.0,0.0
17320_700,Tuesday,0,271,15.3,180.0
18374_700,Tuesday,0,132,25.5,60.0
17347_700,Tuesday,0,165,-2.5,60.0
17441_700,Tuesday,0,344,-24.2,120.0
22754_700,Tuesday,0,136,-17.6,0.0
18922_700,Tuesday,0,30,23.4,64.0
22240_109,Tuesday,0,5,0.0,0.0
17363_700,Tuesday,0,65,27.7,120.0
17409_700,Tuesday,0,52,13.8,60.0
17330_700,Tuesday,0,245,10.8,120.0
17290_700,Tuesday,0,308,-43.4,120.0
17448_700,Tuesday,0,213,-2.0,180.0
17449_700,Tuesday,0,311,8.9,180.0
23945_100,Tuesday,0,66,6.4,180.0
17421_900,Tuesday,0,13,0.0,0.0
22804_700,Tuesday,0,22,17.0,64.0
18931_700,Tuesday,0,33,-2.4,62.0
17300_700,Tuesday,0,120,61.0,240.0
17307_700,Tuesday,0,16,11.2,60.0
17308_700,Tuesday,0,56,50.4,180.0
17313_700,Tuesday,0,47,-3.8,0.0
17341_700,Tuesday,0,242,27.8,60.0
17348_700,Tuesday,0,133,19.8,120.0
17367_700,Tuesday,0,153,23.1,180.0
5370_700,Tuesday,0,16,-16.5,46.0
18909_700,Tuesday,0,31,-0.1,0.0
16345_100,Tuesday,0,7,0.0,0.0
17535_700,Tuesday,0,28,36.4,60.0
15959_700,Tuesday,0,36,30.2,93.0
17354_700,Tuesday,0,84,13.6,60.0
17333_700,Tuesday,0,80,-34.5,0.0
17362_700,Tuesday,0,20,0.0,0.0
17445_700,Tuesday,0,72,-25.8,0.0
17373_700,Tuesday,0,112,7.5,60.0
17443_700,Tuesday,0,40,49.5,120.0
24046_100,Tuesday,0,6,3910.0,5640.0
10229_109,Tuesday,0,9,-6.7,0.0
10160_109,Tuesday,0,42,1.4,60.0
18923_700,Tuesday,0,2,-36.0,0.0
18937_700,Tuesday,0,32,0.0,0.0
28412_109,Tuesday,0,32,5.6,60.0
17299_700,Tuesday,0,114,52.1,120.0
17368_700,Tuesday,0,150,-10.0,60.0
17529_700,Tuesday,0,53,38.5,240.0
17301_900,Tuesday,0,58,-1.0,60.0
13438_900,Tuesday,0,20,0.6,72.0
16915_700,Tuesday,0,15,27.3,238.0
17407_700,Tuesday,0,30,0.0,0.0
17318_700,Tuesday,0,32,-7.5,0.0
17346_700,Tuesday,0,80,-1.5,60.0
17412_700,Tuesday,0,28,2.1,60.0
17458_700,Tuesday,0,241,50.0,300.0
26783_106,Tuesday,0,4,1245.0,1260.0
18945_700,Tuesday,0,46,28.5,71.0
22625_700,Tuesday,0,40,96.3,99.0
17331_700,Tuesday,0,32,-3.8,60.0
17350_700,Tuesday,0,173,23.9,180.0
17744_700,Tuesday,0,33,43.6,240.0
17359_700,Tuesday,0,41,-7.3,60.0
17345_700,Tuesday,0,30,-2.0,60.0
17378_700,Tuesday,0,143,63.4,360.0
17379_700,Tuesday,0,98,-2.4,0.0
17527_700,Tuesday,0,8,15.0,60.0
17309_700,Tuesday,0,110,12.0,60.0
17335_700,Tuesday,0,87,1.4,120.0
12194_700,Tuesday,0,3,101.7,145.0
17323_700,Tuesday,0,7,0.0,0.0
17327_700,Tuesday,0,22,-8.2,0.0
1546_700,Tuesday,0,27,-8.1,69.0
24718_700,Tuesday,0,2,-104.0,9.0
28259_100,Tuesday,0,60,393.0,1080.0
28258_100,Tuesday,0,11,0.0,0.0
17509_700,Tuesday,0,6,0.0,0.0
17474_700,Tuesday,0,44,0.0,0.0
17343_700,Tuesday,0,70,0.0,0.0
17493_700,Tuesday,0,11,0.0,0.0
17494_700,Tuesday,0,16,-3.7,0.0
17298_700,Tuesday,0,15,4.0,60.0
17484_700,Tuesday,0,26,-60.0,-60.0
28571_109,Tuesday,0,10,0.0,0.0
24052_100,Tuesday,0,18,76.7,300.0
24050_100,Tuesday,0,7,102.9,300.0
24042_100,Tuesday,0,34,234.7,540.0
24053_100,Tuesday,0,44,151.4,660.0
19156_109,Tuesday,0,28,257.1,720.0
19155_109,Tuesday,2,57,-4.2,0.0
17510_700,Tuesday,2,20,513.0,1860.0
17448_700,Tuesday,2,124,28.1,300.0
17479_700,Tuesday,2,134,0.9,60.0
17484_700,Tuesday,2,62,0.0,0.0
28311_100,Tuesday,2,7,-8.6,0.0
24055_100,Tuesday,2,16,-37.5,0.0
22625_700,Tuesday,2,221,32.9,99.0
16859_700,Tuesday,2,160,0.4,63.0
17446_900,Tuesday,2,21,0.0,0.0
17541_700,Tuesday,2,16,105.6,215.0
17449_700,Tuesday,2,225,2.4,120.0
17456_700,Tuesday,2,192,10.0,180.0
17466_700,Tuesday,2,140,13.3,180.0
28777_700,Tuesday,2,62,0.0,0.0
1554_700,Tuesday,2,170,36.8,224.0
17451_700,Tuesday,2,126,-5.2,60.0
17464_700,Tuesday,2,58,0.0,0.0
19058_100,Tuesday,2,52,-9.2,120.0
24053_100,Tuesday,2,57,-6.3,0.0
17474_700,Tuesday,2,131,11.9,240.0
19062_100,Tuesday,2,12,0.0,0.0
17469_700,Tuesday,2,342,19.8,300.0
24049_100,Tuesday,2,72,-2.5,0.0
17438_900,Tuesday,2,53,0.0,0.0
24045_100,Tuesday,2,86,0.7,180.0
17463_900,Tuesday,2,105,33.1,420.0
17471_700,Tuesday,2,654,37.7,240.0
17443_700,Tuesday,2,157,261.0,2580.0
17442_900,Tuesday,2,150,29.6,180.0
19059_100,Tuesday,2,68,436.8,3180.0
24025_100,Tuesday,2,136,-8.4,120.0
17460_900,Tuesday,2,126,23.3,180.0
17440_900,Tuesday,2,114,26.3,180.0
17455_700,Tuesday,2,160,1.1,120.0
17477_700,Tuesday,2,172,5.6,120.0
17454_700,Tuesday,2,52,5.8,60.0
17461_700,Tuesday,2,140,24.9,120.0
17476_700,Tuesday,2,288,-3.5,60.0
11362_700,Tuesday,2,295,33.2,126.0
17457_700,Tuesday,2,136,-8.4,60.0
17508_700,Tuesday,2,90,114.7,480.0
17470_700,Tuesday,2,335,31.9,240.0
23945_100,Tuesday,2,9,0.0,0.0
17437_700,Tuesday,2,23,65.2,1440.0
24057_100,Tuesday,2,56,-10.7,0.0
17473_700,Tuesday,2,132,0.0,180.0
17492_700,Tuesday,2,104,-16.7,60.0
17500_700,Tuesday,2,24,0.0,0.0
17435_700,Tuesday,2,52,35.8,180.0
28258_100,Tuesday,2,9,0.0,0.0
10170_109,Tuesday,2,3,20.0,60.0
17441_700,Tuesday,2,345,-22.8,60.0
10141_109,Tuesday,2,34,0.0,0.0
17503_700,Tuesday,2,192,-6.6,120.0
17505_700,Tuesday,2,55,98.2,240.0
17481_700,Tuesday,2,90,-8.7,240.0
17459_900,Tuesday,2,108,33.9,300.0
17497_700,Tuesday,2,373,7.9,120.0
22754_700,Tuesday,2,110,-2.7,120.0
24042_100,Tuesday,2,56,-6.4,0.0
17452_900,Tuesday,2,100,37.8,180.0
17480_700,Tuesday,2,27,0.0,0.0
22755_700,Tuesday,2,34,1.8,60.0
19066_100,Tuesday,2,18,0.0,120.0
17496_700,Tuesday,2,140,12.9,120.0
24048_100,Tuesday,2,8,-37.5,0.0
17489_700,Tuesday,2,336,46.6,300.0
17444_900,Tuesday,2,12,10.0,120.0
17490_700,Tuesday,2,23,2.6,60.0
23415_700,Tuesday,2,150,31.2,180.0
17478_700,Tuesday,2,13,0.0,0.0
17472_700,Tuesday,2,159,54.7,420.0
17501_700,Tuesday,2,10,24.0,120.0
17453_700,Tuesday,2,105,1.7,60.0
17445_700,Tuesday,2,39,24.6,60.0
17447_700,Tuesday,2,62,-46.5,60.0
21681_700,Tuesday,2,14,47.1,60.0
17494_700,Tuesday,2,246,2.0,120.0
22674_700,Tuesday,2,144,40.4,240.0
17507_700,Tuesday,2,22,27.3,180.0
17509_700,Tuesday,2,15,24.0,120.0
17467_700,Tuesday,2,343,29.6,360.0
17488_700,Tuesday,2,92,3.3,60.0
17491_700,Tuesday,2,15,56.0,60.0
17450_700,Tuesday,2,32,0.0,0.0
17504_700,Tuesday,2,164,-11.3,60.0
17485_700,Tuesday,2,11,0.0,0.0
17487_700,Tuesday,2,74,-0.0,60.0
17499_700,Tuesday,2,14,17.1,60.0
17483_700,Tuesday,2,100,41.4,120.0
17482_700,Tuesday,2,20,0.0,0.0
26782_700,Tuesday,2,82,27.8,120.0
17493_700,Tuesday,2,96,10.0,120.0
12193_700,Tuesday,2,35,32.5,1352.0
17465_700,Tuesday,2,32,-7.5,0.0
23416_700,Tuesday,2,28,0.0,0.0
17744_700,Tuesday,2,13,13.8,120.0
17462_700,Tuesday,2,57,6.3,60.0
20359_700,Tuesday,2,25,0.0,0.0
17495_700,Tuesday,2,23,54.8,60.0
17458_700,Tuesday,2,97,43.9,120.0
17486_700,Tuesday,2,29,149.0,180.0
17468_700,Tuesday,2,94,165.3,300.0
19155_109,Tuesday,6,86,-4.2,0.0
5256_3,Tuesday,6,27,15940.7,32768.0
17305_700,Tuesday,6,641,9.4,180.0
29160_700,Tuesday,6,54,76.9,265.0
24044_100,Tuesday,6,70,2.6,120.0
15274_700,Tuesday,6,926,2.5,226.0
28311_100,Tuesday,6,82,2.2,120.0
22804_700,Tuesday,6,182,-1.0,61.0
1547_700,Tuesday,6,350,-1.0,97.0
1548_700,Tuesday,6,1140,1.4,159.0
23444_700,Tuesday,6,53,-1.9,60.0
5635_900,Tuesday,6,1736,3.8,158.0
5384_700,Tuesday,6,162,34.4,182.0
27915_700,Tuesday,6,71,0.1,10.0
5633_900,Tuesday,6,707,7.5,244.0
19058_100,Tuesday,6,263,2.5,180.0
13438_900,Tuesday,6,328,4.8,131.0
18361_700,Tuesday,6,94,2.5,90.0
22696_700,Tuesday,6,27,0.0,0.0
22719_700,Tuesday,6,8,0.0,0.0
1549_700,Tuesday,6,779,1.5,126.0
17514_400,Tuesday,6,756,-67.9,60.0
17518_400,Tuesday,6,676,3.5,240.0
24050_100,Tuesday,6,83,18.1,360.0
17427_900,Tuesday,6,158,-191.8,0.0
1556_900,Tuesday,6,1103,2.0,136.0
20813_100,Tuesday,6,36,0.0,0.0
1550_700,Tuesday,6,273,0.7,92.0
5596_700,Tuesday,6,362,0.6,75.0
5355_700,Tuesday,6,54,18.2,60.0
22708_700,Tuesday,6,205,9.0,150.0
16915_700,Tuesday,6,232,0.1,100.0
15277_700,Tuesday,6,662,1.7,236.0
27916_700,Tuesday,6,113,1.8,137.0
1546_700,Tuesday,6,653,3.3,289.0
17442_900,Tuesday,6,600,-0.7,120.0
4456_700,Tuesday,6,198,1.3,87.0
26786_106,Tuesday,6,67,9.9,60.0
5365_700,Tuesday,6,178,3.5,77.0
5379_700,Tuesday,6,175,8.3,169.0
18347_700,Tuesday,6,49,3.7,138.0
27289_700,Tuesday,6,168,0.4,60.0
27310_700,Tuesday,6,31,0.0,0.0
27279_700,Tuesday,6,80,0.0,0.0
5364_700,Tuesday,6,94,26.4,130.0
13443_700,Tuesday,6,30,6.4,8.0
17341_700,Tuesday,6,505,-5.3,120.0
27286_700,Tuesday,6,27,82.2,240.0
19062_100,Tuesday,6,24,22.5,180.0
5342_700,Tuesday,6,61,0.2,50.0
5344_700,Tuesday,6,44,15.0,143.0
5332_700,Tuesday,6,106,23.7,305.0
5343_700,Tuesday,6,143,-42.3,159.0
24025_100,Tuesday,6,529,-7.9,300.0
5373_700,Tuesday,6,20,4.8,73.0
24053_100,Tuesday,6,213,164.2,1860.0
7362_900,Tuesday,6,595,2.3,131.0
18351_700,Tuesday,6,55,8.3,95.0
27307_700,Tuesday,6,17,0.0,0.0
17360_700,Tuesday,6,510,4.1,300.0
17521_400,Tuesday,6,541,7.8,180.0
27274_700,Tuesday,6,46,39.1,180.0
1551_700,Tuesday,6,692,1.7,1009.0
5340_700,Tuesday,6,138,24.5,431.0
1558_900,Tuesday,6,562,3.0,288.0
15276_700,Tuesday,6,279,3.6,195.0
27266_700,Tuesday,6,44,0.0,0.0
18345_700,Tuesday,6,36,-5.3,23.0
18369_700,Tuesday,6,135,42.6,260.0
22724_700,Tuesday,6,72,-1.2,15.0
343_900,Tuesday,6,380,-2.3,56.0
7361_700,Tuesday,6,490,0.7,130.0
17523_400,Tuesday,6,1190,4.9,120.0
5338_700,Tuesday,6,26,27.7,60.0
17460_900,Tuesday,6,928,-13.9,600.0
10167_109,Tuesday,6,258,15.3,180.0
27291_700,Tuesday,6,131,134.7,360.0
5358_700,Tuesday,6,38,48.9,199.0
5382_700,Tuesday,6,30,0.0,0.0
24045_100,Tuesday,6,166,9.8,360.0
1881_900,Tuesday,6,49,-5.1,0.0
17452_900,Tuesday,6,790,-3.3,300.0
5377_700,Tuesday,6,100,7.3,60.0
22714_700,Tuesday,6,409,2.3,53.0
1878_700,Tuesday,6,22,-2.2,49.0
22739_700,Tuesday,6,166,17.5,141.0
17456_700,Tuesday,6,688,-8.9,180.0
26791_106,Tuesday,6,8,0.0,0.0
22712_700,Tuesday,6,181,0.0,0.0
5335_700,Tuesday,6,65,6.5,119.0
22711_700,Tuesday,6,57,0.0,0.0
22722_700,Tuesday,6,37,0.0,0.0
5631_700,Tuesday,6,80,-3.4,0.0
5346_700,Tuesday,6,56,113.6,254.0
21947_700,Tuesday,6,111,0.7,74.0
5376_700,Tuesday,6,139,10.0,132.0
16009_700,Tuesday,6,135,9.5,186.0
5372_700,Tuesday,6,151,8.7,93.0
22697_700,Tuesday,6,29,0.0,0.0
22698_700,Tuesday,6,89,0.0,0.0
17448_700,Tuesday,6,554,5.8,180.0
18949_109,Tuesday,6,166,0.7,60.0
27275_700,Tuesday,6,424,52.1,900.0
18350_700,Tuesday,6,121,254.2,1631.0
22685_700,Tuesday,6,52,0.0,0.0
22701_700,Tuesday,6,100,69.5,416.0
10141_109,Tuesday,6,377,3.8,120.0
27299_700,Tuesday,6,137,34.6,180.0
5348_700,Tuesday,6,28,1.9,85.0
27934_700,Tuesday,6,195,44.2,251.0
15278_700,Tuesday,6,18,0.0,0.0
18362_700,Tuesday,6,58,7.5,135.0
27963_700,Tuesday,6,125,45.9,526.0
26790_106,Tuesday,6,88,1.0,61.0
26784_106,Tuesday,6,63,0.0,0.0
5345_700,Tuesday,6,166,1.2,76.0
29102_700,Tuesday,6,54,36.0,162.0
17303_700,Tuesday,6,695,15.6,420.0
18352_700,Tuesday,6,40,13.2,116.0
18354_700,Tuesday,6,72,9.9,135.0
15273_700,Tuesday,6,160,2.1,146.0
22718_700,Tuesday,6,10,0.0,0.0
18366_700,Tuesday,6,19,7.3,23.0
18353_700,Tuesday,6,127,5.3,131.0
18344_700,Tuesday,6,42,-1.5,0.0
18349_700,Tuesday,6,20,7.7,77.0
5368_700,Tuesday,6,218,20.3,282.0
5370_700,Tuesday,6,99,9.4,83.0
26785_106,Tuesday,6,108,18.8,180.0
18367_700,Tuesday,6,106,44.7,180.0
22687_700,Tuesday,6,84,0.0,31.0
18368_700,Tuesday,6,85,27.4,140.0
28805_700,Tuesday,6,44,58.3,139.0
5362_700,Tuesday,6,110,47.4,122.0
17424_900,Tuesday,6,377,4.5,300.0
26454_700,Tuesday,6,44,-8.5,7.0
27290_700,Tuesday,6,161,28.0,360.0
19059_100,Tuesday,6,54,2.2,120.0
17333_700,Tuesday,6,377,-14.8,120.0
10144_109,Tuesday,6,151,2.4,60.0
27276_700,Tuesday,6,126,61.0,480.0
18913_700,Tuesday,6,90,76.7,130.0
22717_700,Tuesday,6,72,214.7,663.0
340_900,Tuesday,6,471,17.5,464.0
22725_700,Tuesday,6,13,0.0,0.0
5350_700,Tuesday,6,100,7.3,123.0
27298_700,Tuesday,6,24,275.0,300.0
27939_700,Tuesday,6,27,0.0,0.0
21725_700,Tuesday,6,94,39.5,297.0
22726_700,Tuesday,6,70,0.0,0.0
22693_700,Tuesday,6,37,0.0,0.0
22686_700,Tuesday,6,92,13.4,99.0
22691_700,Tuesday,6,324,44.0,364.0
27277_700,Tuesday,6,98,20.2,180.0
1880_900,Tuesday,6,58,-12.8,0.0
17299_700,Tuesday,6,154,19.9,120.0
25529_700,Tuesday,6,22,26.4,90.0
5380_700,Tuesday,6,98,1.2,82.0
1882_900,Tuesday,6,76,-1.4,64.0
27947_700,Tuesday,6,198,75.6,384.0
22706_700,Tuesday,6,70,157.0,702.0
18360_700,Tuesday,6,169,30.7,207.0
20812_100,Tuesday,6,9,0.0,0.0
27943_700,Tuesday,6,82,26.9,187.0
27967_700,Tuesday,6,104,2.1,259.0
27280_700,Tuesday,6,211,4.8,60.0
17525_400,Tuesday,6,552,4.6,180.0
5339_700,Tuesday,6,237,16.1,230.0
5334_700,Tuesday,6,71,26.4,133.0
13126_700,Tuesday,6,30,34.4,46.0
17459_900,Tuesday,6,760,1.8,600.0
20809_100,Tuesday,6,14,0.0,0.0
24049_100,Tuesday,6,120,-1.5,60.0
27293_700,Tuesday,6,112,78.2,300.0
5336_700,Tuesday,6,102,12.5,120.0
22694_700,Tuesday,6,95,0.0,0.0
18359_700,Tuesday,6,108,43.7,148.0
29101_700,Tuesday,6,49,56.6,234.0
18364_700,Tuesday,6,145,128.4,232.0
22692_700,Tuesday,6,98,0.0,0.0
20810_700,Tuesday,6,18,3.3,60.0
27297_700,Tuesday,6,41,0.0,0.0
24046_100,Tuesday,6,63,-3.8,120.0
18355_700,Tuesday,6,105,2.0,159.0
22710_700,Tuesday,6,90,0.0,0.0
5337_700,Tuesday,6,73,23.6,60.0
5381_700,Tuesday,6,243,4.2,114.0
18348_700,Tuesday,6,19,0.0,0.0
24055_100,Tuesday,6,40,4.5,180.0
18341_700,Tuesday,6,11,0.0,0.0
22700_700,Tuesday,6,92,1.0,116.0
19066_100,Tuesday,6,172,94.9,480.0
23945_100,Tuesday,6,138,469.1,3000.0
5366_700,Tuesday,6,42,48.7,158.0
27278_700,Tuesday,6,52,0.0,0.0
10148_109,Tuesday,6,297,12.9,180.0
15959_700,Tuesday,6,148,62.1,126.0
27267_700,Tuesday,6,19,3.2,60.0
22704_700,Tuesday,6,42,43.8,153.0
22702_700,Tuesday,6,143,75.9,417.0
5363_700,Tuesday,6,60,27.4,83.0
27965_700,Tuesday,6,81,24.4,314.0
27268_700,Tuesday,6,49,0.0,0.0
27300_700,Tuesday,6,165,24.0,240.0
27969_700,Tuesday,6,65,37.5,134.0
18339_700,Tuesday,6,42,181.2,404.0
5353_700,Tuesday,6,153,32.0,435.0
17339_700,Tuesday,6,499,-17.8,60.0
5354_700,Tuesday,6,88,13.8,146.0
5378_700,Tuesday,6,172,34.0,271.0
22707_700,Tuesday,6,34,0.0,0.0
10223_109,Tuesday,6,221,4.6,120.0
26783_106,Tuesday,6,59,34.0,205.0
18356_700,Tuesday,6,8,0.0,0.0
26793_106,Tuesday,6,18,0.0,0.0
22684_700,Tuesday,6,40,0.0,0.0
22705_700,Tuesday,6,27,7.3,66.0
27968_700,Tuesday,6,66,36.3,506.0
22721_700,Tuesday,6,33,0.0,0.0
17373_700,Tuesday,6,177,11.9,120.0
26789_106,Tuesday,6,8,0.0,0.0
27292_700,Tuesday,6,50,0.0,0.0
10162_109,Tuesday,6,262,4.6,60.0
18365_700,Tuesday,6,6,-40.7,0.0
26405_700,Tuesday,6,44,2.2,135.0
5333_700,Tuesday,6,71,33.6,201.0
27954_700,Tuesday,6,117,33.3,140.0
29104_700,Tuesday,6,6,0.0,0.0
26788_106,Tuesday,6,60,0.0,0.0
18374_700,Tuesday,6,265,-14.9,60.0
27287_700,Tuesday,6,31,1.9,60.0
5369_700,Tuesday,6,176,12.9,157.0
27285_700,Tuesday,6,11,0.0,0.0
15714_700,Tuesday,6,47,5.1,63.0
22689_700,Tuesday,6,41,6.0,77.0
27966_700,Tuesday,6,53,76.6,527.0
18363_700,Tuesday,6,107,66.2,277.0
22695_700,Tuesday,6,58,26.5,107.0
26748_100,Tuesday,6,6,10.0,60.0
17438_900,Tuesday,6,206,5.5,180.0
17526_400,Tuesday,6,315,-2.7,60.0
13889_700,Tuesday,6,50,56.4,101.0
22703_700,Tuesday,6,144,17.5,171.0
17416_900,Tuesday,6,497,5.9,120.0
27953_700,Tuesday,6,34,-0.0,62.0
5356_700,Tuesday,6,28,13.3,133.0
13136_700,Tuesday,6,53,58.6,129.0
27962_700,Tuesday,6,35,33.4,130.0
18372_700,Tuesday,6,25,0.0,0.0
18340_700,Tuesday,6,23,0.1,2.0
13110_700,Tuesday,6,40,20.6,259.0
10143_109,Tuesday,6,222,14.6,180.0
17422_900,Tuesday,6,297,1.8,60.0
22709_700,Tuesday,6,58,-9.6,71.0
27296_700,Tuesday,6,72,0.0,0.0
24057_100,Tuesday,6,68,-0.9,120.0
24718_700,Tuesday,6,4,0.0,0.0
17302_700,Tuesday,6,310,3.9,120.0
22723_700,Tuesday,6,35,0.0,0.0
27952_700,Tuesday,6,278,40.0,288.0
17324_900,Tuesday,6,292,-12.7,60.0
27942_700,Tuesday,6,64,73.6,189.0
27270_700,Tuesday,6,18,70.0,180.0
17347_700,Tuesday,6,401,56.7,540.0
27938_700,Tuesday,6,47,58.9,238.0
17378_700,Tuesday,6,173,-1.0,60.0
17380_700,Tuesday,6,125,0.5,60.0
18370_700,Tuesday,6,205,38.3,303.0
18358_700,Tuesday,6,60,41.2,173.0
24042_100,Tuesday,6,163,4.4,180.0
22690_700,Tuesday,6,55,19.6,60.0
22699_700,Tuesday,6,24,0.0,0.0
17441_700,Tuesday,6,980,-13.7,120.0
17356_700,Tuesday,6,542,-3.9,60.0
27959_700,Tuesday,6,124,42.5,141.0
5351_700,Tuesday,6,37,17.8,60.0
24048_100,Tuesday,6,24,-22.5,60.0
18922_700,Tuesday,6,147,79.9,180.0
5371_700,Tuesday,6,77,0.1,45.0
17370_700,Tuesday,6,175,20.2,120.0
17420_900,Tuesday,6,184,-6.8,60.0
24641_900,Tuesday,6,77,0.8,60.0
17295_700,Tuesday,6,110,8.2,60.0
4515_700,Tuesday,6,33,58.0,66.0
17462_700,Tuesday,6,304,-10.5,120.0
4511_700,Tuesday,6,78,107.6,136.0
27936_700,Tuesday,6,37,103.5,458.0
10150_109,Tuesday,6,21,0.0,0.0
17446_900,Tuesday,6,110,0.5,60.0
17515_400,Tuesday,6,600,-2.1,180.0
17338_900,Tuesday,6,250,5.5,180.0
17425_900,Tuesday,6,278,-3.2,0.0
13122_700,Tuesday,6,31,96.5,117.0
17327_700,Tuesday,6,209,17.5,240.0
22713_700,Tuesday,6,10,116.0,116.0
4499_700,Tuesday,6,107,91.6,190.0
10170_109,Tuesday,6,320,72.2,960.0
17440_900,Tuesday,6,703,64.6,840.0
17348_700,Tuesday,6,458,3.1,120.0
17457_700,Tuesday,6,504,-14.9,60.0
17355_700,Tuesday,6,318,19.1,180.0
20930_700,Tuesday,6,71,30.9,134.0
17418_900,Tuesday,6,95,0.0,0.0
17516_400,Tuesday,6,35,0.0,0.0
27946_700,Tuesday,6,58,32.6,130.0
17301_900,Tuesday,6,115,2.6,180.0
29103_700,Tuesday,6,18,0.0,0.0
28799_700,Tuesday,6,54,62.1,71.0
1870_700,Tuesday,6,8,-1.1,18.0
17365_700,Tuesday,6,166,0.4,120.0
13106_700,Tuesday,6,3,22.0,65.0
6621_700,Tuesday,6,34,81.7,188.0
10145_109,Tuesday,6,209,7.2,120.0
10913_700,Tuesday,6,57,93.9,174.0
17409_700,Tuesday,6,67,37.6,240.0
17309_700,Tuesday,6,134,12.5,60.0
1871_700,Tuesday,6,57,-18.4,68.0
17297_700,Tuesday,6,265,21.1,180.0
17310_700,Tuesday,6,305,15.7,180.0
18899_700,Tuesday,6,77,40.6,76.0
17465_700,Tuesday,6,509,1.7,120.0
17538_700,Tuesday,6,533,138.3,2040.0
18909_700,Tuesday,6,121,85.0,200.0
17300_700,Tuesday,6,220,-11.5,240.0
17306_700,Tuesday,6,771,-21.2,180.0
17529_700,Tuesday,6,339,11.0,180.0
17458_700,Tuesday,6,416,-10.2,120.0
13127_700,Tuesday,6,56,114.6,143.0
13105_700,Tuesday,6,113,51.8,186.0
17532_700,Tuesday,6,356,-3.4,180.0
17320_700,Tuesday,6,360,10.0,240.0
17417_900,Tuesday,6,167,19.0,240.0
17450_700,Tuesday,6,227,20.4,360.0
17293_700,Tuesday,6,105,0.6,60.0
17463_900,Tuesday,6,211,2.8,60.0
17444_900,Tuesday,6,99,-2.4,0.0
17445_700,Tuesday,6,99,15.8,60.0
17400_700,Tuesday,6,110,-344.7,60.0
27948_700,Tuesday,6,66,6.3,82.0
18926_700,Tuesday,6,36,62.4,70.0
17454_700,Tuesday,6,242,6.4,60.0
18929_700,Tuesday,6,95,44.1,91.0
17530_700,Tuesday,6,248,-9.7,120.0
18931_700,Tuesday,6,201,71.1,148.0
18901_700,Tuesday,6,9,69.9,70.0
28109_700,Tuesday,6,12,0.0,0.0
27950_700,Tuesday,6,32,25.6,63.0
17451_700,Tuesday,6,286,-9.9,60.0
17294_700,Tuesday,6,182,-2.6,60.0
17411_700,Tuesday,6,22,0.0,0.0
22688_700,Tuesday,6,33,0.0,0.0
22624_700,Tuesday,6,28,198.1,332.0
17381_700,Tuesday,6,279,-44.7,60.0
17325_700,Tuesday,6,220,-6.3,60.0
17512_400,Tuesday,6,20,0.0,0.0
17349_700,Tuesday,6,585,13.0,360.0
17453_700,Tuesday,6,415,1.4,180.0
17520_700,Tuesday,6,150,10.0,180.0
22715_700,Tuesday,6,29,0.0,0.0
17455_700,Tuesday,6,709,-13.2,120.0
18920_700,Tuesday,6,121,31.1,70.0
25219_700,Tuesday,6,6,-3.2,40.0
27958_700,Tuesday,6,38,62.4,66.0
17331_700,Tuesday,6,140,10.3,120.0
17461_700,Tuesday,6,449,-20.8,60.0
24864_109,Tuesday,6,34,0.0,0.0
18935_700,Tuesday,6,17,57.5,72.0
10166_109,Tuesday,6,43,0.0,60.0
22240_109,Tuesday,6,200,12.0,180.0
17537_700,Tuesday,6,83,5.1,60.0
17342_700,Tuesday,6,346,-3.3,240.0
28572_109,Tuesday,6,4,30.0,60.0
11536_109,Tuesday,6,30,0.0,0.0
10158_109,Tuesday,6,158,6.5,60.0
17296_700,Tuesday,6,50,-3.6,0.0
13729_700,Tuesday,6,24,130.2,221.0
10155_109,Tuesday,6,227,10.8,180.0
10159_109,Tuesday,6,38,0.0,0.0
18911_700,Tuesday,6,97,44.3,90.0
17368_700,Tuesday,6,286,-12.4,60.0
17352_900,Tuesday,6,84,0.7,60.0
13116_700,Tuesday,6,82,95.4,185.0
10157_109,Tuesday,6,298,17.5,120.0
27044_700,Tuesday,6,22,61.9,210.0
16345_100,Tuesday,6,39,13.8,240.0
18938_700,Tuesday,6,11,71.8,72.0
17384_700,Tuesday,6,82,16.1,120.0
17535_700,Tuesday,6,304,-10.7,120.0
10226_109,Tuesday,6,221,4.9,60.0
17536_700,Tuesday,6,133,-9.5,60.0
17366_700,Tuesday,6,276,-2.6,60.0
28260_900,Tuesday,6,67,3.6,60.0
24052_100,Tuesday,6,38,17.4,300.0
6617_700,Tuesday,6,58,90.0,196.0
5352_700,Tuesday,6,34,15.2,133.0
18904_700,Tuesday,6,36,47.1,125.0
18916_700,Tuesday,6,22,8.5,64.0
17326_700,Tuesday,6,176,-1.4,60.0
29140_700,Tuesday,6,35,16.9,158.0
10276_109,Tuesday,6,45,0.0,0.0
18900_700,Tuesday,6,106,59.3,154.0
17382_700,Tuesday,6,58,14.5,60.0
4493_700,Tuesday,6,44,43.3,62.0
23154_700,Tuesday,6,125,16.3,120.0
12043_700,Tuesday,6,9,88.9,131.0
22754_700,Tuesday,6,462,-0.8,120.0
17317_700,Tuesday,6,141,-9.8,180.0
17322_700,Tuesday,6,102,76.5,480.0
17308_700,Tuesday,6,115,7.8,60.0
17402_700,Tuesday,6,18,0.0,0.0
17357_700,Tuesday,6,73,558.1,1140.0
17533_700,Tuesday,6,355,-1.9,120.0
17374_900,Tuesday,6,52,28.8,120.0
13107_700,Tuesday,6,17,61.2,65.0
13133_700,Tuesday,6,2,33.5,67.0
17323_700,Tuesday,6,313,27.2,240.0
19065_100,Tuesday,6,19,0.0,60.0
10149_109,Tuesday,6,184,9.8,120.0
16354_700,Tuesday,6,27,83.1,192.0
5359_700,Tuesday,6,18,38.7,214.0
27937_700,Tuesday,6,54,5.9,134.0
13120_700,Tuesday,6,36,138.7,321.0
18937_700,Tuesday,6,86,89.0,140.0
19705_700,Tuesday,6,35,29.1,120.0
18923_700,Tuesday,6,24,55.1,63.0
17362_700,Tuesday,6,313,-7.5,120.0
17363_700,Tuesday,6,94,16.0,120.0
17387_700,Tuesday,6,26,6.9,120.0
17449_700,Tuesday,6,438,2.6,180.0
17321_700,Tuesday,6,83,-8.7,0.0
17435_700,Tuesday,6,59,31.5,180.0
17290_700,Tuesday,6,461,-6.8,120.0
17527_700,Tuesday,6,5,0.0,0.0
17314_700,Tuesday,6,288,-1.7,120.0
17744_700,Tuesday,6,71,9.3,180.0
17346_700,Tuesday,6,118,1.0,60.0
17412_700,Tuesday,6,53,27.2,60.0
17335_700,Tuesday,6,531,-12.0,240.0
18898_700,Tuesday,6,117,146.4,264.0
10912_700,Tuesday,6,18,31.2,65.0
17421_900,Tuesday,6,59,-2.0,0.0
17437_700,Tuesday,6,167,59.3,360.0
19009_700,Tuesday,6,79,51.0,153.0
10229_109,Tuesday,6,34,1.8,60.0
4244_700,Tuesday,6,75,40.6,246.0
29145_700,Tuesday,6,2,93.5,187.0
22390_700,Tuesday,6,70,113.1,2340.0
28571_109,Tuesday,6,10,0.0,0.0
22452_700,Tuesday,6,33,45.5,95.0
6620_700,Tuesday,6,41,161.4,395.0
24715_700,Tuesday,6,4,-23.2,22.0
28801_700,Tuesday,6,18,69.0,70.0
17336_700,Tuesday,6,33,-1.8,0.0
18888_700,Tuesday,6,16,25.8,64.0
1872_700,Tuesday,6,58,43.6,87.0
4495_700,Tuesday,6,28,75.4,264.0
28259_100,Tuesday,6,110,4.4,180.0
18939_700,Tuesday,6,113,58.7,233.0
17372_700,Tuesday,6,189,23.5,180.0
25906_700,Tuesday,6,15,40.9,88.0
22453_700,Tuesday,6,28,226.0,313.0
4518_700,Tuesday,6,31,174.3,310.0
27945_700,Tuesday,6,150,19.6,167.0
17313_700,Tuesday,6,115,-2.1,60.0
27941_700,Tuesday,6,41,14.3,61.0
27951_700,Tuesday,6,62,65.1,196.0
10163_109,Tuesday,6,287,4.8,60.0
17391_700,Tuesday,6,19,0.0,0.0
17312_700,Tuesday,6,80,-3.8,0.0
17361_700,Tuesday,6,157,38.6,240.0
17447_700,Tuesday,6,331,12.7,180.0
17464_700,Tuesday,6,123,2.4,120.0
17419_900,Tuesday,6,120,2.0,120.0
17443_700,Tuesday,6,57,9.5,120.0
13123_700,Tuesday,6,1,140.0,140.0
17369_700,Tuesday,6,150,56.8,360.0
10227_109,Tuesday,6,222,4.3,60.0
1877_700,Tuesday,6,6,20.3,82.0
17330_700,Tuesday,6,466,4.4,360.0
17343_700,Tuesday,6,68,0.9,60.0
17407_700,Tuesday,6,30,0.0,0.0
17401_700,Tuesday,6,26,18.5,180.0
23415_700,Tuesday,6,501,28.3,420.0
17292_700,Tuesday,6,238,3.8,120.0
17281_700,Tuesday,6,78,17.7,120.0
5236_700,Tuesday,6,47,21.8,46.0
4265_700,Tuesday,6,93,82.7,219.0
4267_700,Tuesday,6,22,36.9,91.0
24759_700,Tuesday,6,63,5.7,120.0
19104_700,Tuesday,6,70,123.6,207.0
27960_700,Tuesday,6,10,-19.0,41.0
4227_700,Tuesday,6,22,72.1,141.0
19118_700,Tuesday,6,140,111.3,269.0
4239_700,Tuesday,6,10,-1.9,42.0
19103_700,Tuesday,6,64,171.2,326.0
5260_700,Tuesday,6,32,73.1,168.0
4287_700,Tuesday,6,63,20.1,120.0
4223_700,Tuesday,6,60,55.5,153.0
19131_700,Tuesday,6,44,61.2,71.0
5248_700,Tuesday,6,83,92.3,210.0
5249_700,Tuesday,6,246,90.9,595.0
23414_700,Tuesday,6,140,-25.7,0.0
4222_700,Tuesday,6,25,58.6,96.0
4264_700,Tuesday,6,50,38.3,128.0
17340_700,Tuesday,6,414,-16.2,180.0
17531_700,Tuesday,6,106,-4.5,60.0
5341_700,Tuesday,6,39,270.1,543.0
4257_700,Tuesday,6,88,29.4,287.0
19114_700,Tuesday,6,25,73.6,209.0
4254_700,Tuesday,6,10,172.6,190.0
5253_700,Tuesday,6,20,53.9,55.0
19111_700,Tuesday,6,13,91.1,154.0
4259_700,Tuesday,6,71,66.1,246.0
20931_700,Tuesday,6,6,33.7,74.0
15068_3,Tuesday,6,5,39.8,40.0
5241_700,Tuesday,6,143,61.6,141.0
5235_700,Tuesday,6,61,73.4,227.0
17345_700,Tuesday,6,132,-1.8,60.0
4231_700,Tuesday,6,9,97.9,98.0
4250_700,Tuesday,6,107,115.2,374.0
10224_109,Tuesday,6,222,5.1,120.0
19113_700,Tuesday,6,26,126.9,127.0
4262_700,Tuesday,6,21,315.0,315.0
5254_700,Tuesday,6,25,44.0,72.0
5256_700,Tuesday,6,137,92.8,214.0
19121_700,Tuesday,6,75,132.3,1050.0
17298_700,Tuesday,6,13,0.0,0.0
17379_700,Tuesday,6,202,-17.8,60.0
5252_700,Tuesday,6,57,62.6,119.0
4236_700,Tuesday,6,48,47.2,71.0
19112_700,Tuesday,6,39,23.3,31.0
5238_700,Tuesday,6,70,47.5,136.0
4237_700,Tuesday,6,7,1.1,18.0
4248_700,Tuesday,6,29,57.1,121.0
5251_700,Tuesday,6,72,68.2,186.0
17304_700,Tuesday,6,425,14.8,180.0
4247_700,Tuesday,6,45,179.6,235.0
17364_700,Tuesday,6,278,9.3,180.0
17413_700,Tuesday,6,34,-3.5,60.0
17307_700,Tuesday,6,44,8.2,120.0
28712_700,Tuesday,6,17,0.0,0.0
17367_700,Tuesday,6,256,29.1,180.0
17390_700,Tuesday,6,86,0.7,60.0
17350_700,Tuesday,6,197,-13.7,120.0
17289_700,Tuesday,6,70,0.0,120.0
13113_700,Tuesday,6,44,39.4,127.0
17344_700,Tuesday,6,50,31.2,120.0
17414_700,Tuesday,6,56,-6.4,0.0
24043_100,Tuesday,6,56,-7.5,120.0
4240_700,Tuesday,6,69,74.8,471.0
10165_109,Tuesday,6,48,2.5,60.0
18895_700,Tuesday,6,64,2.2,11.0
27935_700,Tuesday,6,51,27.9,137.0
5233_700,Tuesday,6,132,122.8,288.0
5234_700,Tuesday,6,33,171.0,321.0
17311_700,Tuesday,6,362,2.0,120.0
17334_700,Tuesday,6,338,17.6,120.0
22609_700,Tuesday,6,278,-15.5,120.0
17534_700,Tuesday,6,108,1.1,120.0
4242_700,Tuesday,6,125,55.4,113.0
10914_700,Tuesday,6,16,-5.8,0.0
4512_700,Tuesday,6,22,49.9,112.0
19019_700,Tuesday,6,21,-11.4,0.0
4520_700,Tuesday,6,66,75.6,252.0
18921_700,Tuesday,6,21,124.8,134.0
18357_700,Tuesday,6,10,19.1,83.0
5243_700,Tuesday,6,56,58.1,111.0
4270_700,Tuesday,6,36,340.0,528.0
17398_700,Tuesday,6,59,22.4,120.0
4225_700,Tuesday,6,22,96.0,133.0
17394_700,Tuesday,6,10,0.0,0.0
17392_700,Tuesday,6,24,0.0,0.0
5264_700,Tuesday,6,1,0.0,0.0
20369_100,Tuesday,6,12,70.0,240.0
5258_700,Tuesday,6,15,53.5,425.0
17376_700,Tuesday,6,48,-2.5,60.0
29141_700,Tuesday,6,41,55.6,98.0
13111_700,Tuesday,6,25,182.2,198.0
15024_700,Tuesday,6,10,198.0,198.0
17316_700,Tuesday,6,186,3.2,180.0
17319_700,Tuesday,6,455,-9.9,180.0
19211_700,Tuesday,6,11,23.6,72.0
19119_700,Tuesday,6,60,103.9,134.0
18343_700,Tuesday,6,102,14.2,171.0
17359_700,Tuesday,6,137,11.8,120.0
3713_700,Tuesday,6,132,35.1,1484.0
4507_700,Tuesday,6,14,57.1,70.0
18945_700,Tuesday,6,101,40.5,340.0
4509_700,Tuesday,6,11,132.5,224.0
17315_700,Tuesday,6,232,15.8,420.0
4258_700,Tuesday,6,58,37.2,52.0
4253_700,Tuesday,6,5,60.8,62.0
19123_700,Tuesday,6,11,151.4,196.0
19129_700,Tuesday,6,33,23.2,96.0
17318_700,Tuesday,6,161,7.1,180.0
17351_700,Tuesday,6,89,1.3,120.0
17375_700,Tuesday,6,52,5.8,180.0
23724_700,Tuesday,6,35,221.9,390.0
4260_700,Tuesday,6,7,69.9,70.0
26780_700,Tuesday,6,76,18.9,60.0
1879_900,Tuesday,6,5,11.8,61.0
17328_700,Tuesday,6,194,-0.9,180.0
17383_700,Tuesday,6,68,54.7,240.0
19079_700,Tuesday,6,14,192.0,360.0
27944_700,Tuesday,6,95,112.8,1085.0
27961_700,Tuesday,6,54,19.9,186.0
4229_700,Tuesday,6,6,62.8,63.0
19109_700,Tuesday,6,27,139.7,150.0
6625_700,Tuesday,6,32,40.4,77.0
18346_700,Tuesday,6,16,81.7,114.0
27269_700,Tuesday,6,30,104.0,180.0
5247_700,Tuesday,6,29,44.7,92.0
4521_700,Tuesday,6,12,69.7,100.0
23435_700,Tuesday,6,15,33.8,62.0
5250_700,Tuesday,6,61,281.3,387.0
17354_700,Tuesday,6,146,0.0,60.0
4261_700,Tuesday,6,30,103.3,146.0
17279_700,Tuesday,6,75,-1.6,120.0
10142_109,Tuesday,6,264,9.1,120.0
4503_700,Tuesday,6,23,107.2,164.0
19133_700,Tuesday,6,24,121.4,131.0
23944_100,Tuesday,6,12,1140.0,1740.0
17403_700,Tuesday,6,18,0.0,0.0
17377_700,Tuesday,6,76,12.6,240.0
24056_100,Tuesday,6,42,-11.4,60.0
27956_700,Tuesday,6,9,-34.8,0.0
4235_700,Tuesday,6,6,24.2,63.0
4497_700,Tuesday,6,23,72.3,140.0
29169_700,Tuesday,6,4,51.8,140.0
19115_700,Tuesday,6,9,30.6,59.0
26781_700,Tuesday,6,66,-24.5,60.0
27964_700,Tuesday,6,29,327.4,336.0
19126_700,Tuesday,6,86,163.9,359.0
4224_700,Tuesday,6,16,68.0,82.0
4281_700,Tuesday,6,41,42.8,74.0
4517_700,Tuesday,6,1,0.0,0.0
17329_700,Tuesday,6,173,34.3,240.0
15624_700,Tuesday,6,6,59.5,229.0
29150_700,Tuesday,6,4,49.2,132.0
5239_700,Tuesday,6,89,97.3,148.0
19124_700,Tuesday,6,29,128.4,219.0
4519_700,Tuesday,6,7,61.1,123.0
18906_700,Tuesday,6,39,80.6,142.0
18969_100,Tuesday,6,4,90.0,120.0
25489_700,Tuesday,6,5,67.8,68.0
4514_700,Tuesday,6,52,193.7,404.0
4498_700,Tuesday,6,35,186.9,305.0
4268_700,Tuesday,6,30,56.6,89.0
4504_700,Tuesday,6,27,17.9,77.0
4243_700,Tuesday,6,34,50.9,150.0
16774_700,Tuesday,6,35,50.0,155.0
27957_700,Tuesday,6,69,35.2,268.0
1883_900,Tuesday,6,5,-55.0,0.0
28399_700,Tuesday,6,29,159.2,338.0
18915_700,Tuesday,6,40,83.5,129.0
1923_700,Tuesday,6,615,15.8,480.0
1938_700,Tuesday,6,239,7.0,90.0
1925_700,Tuesday,6,336,8.7,1107.0
1930_700,Tuesday,6,244,34.0,277.0
1922_700,Tuesday,6,182,9.1,124.0
1955_700,Tuesday,6,474,5.5,152.0
10673_700,Tuesday,6,60,20.8,220.0
1926_700,Tuesday,6,62,97.5,510.0
10675_700,Tuesday,6,70,81.7,304.0
10678_700,Tuesday,6,50,129.2,401.0
10679_700,Tuesday,6,50,229.8,437.0
1929_700,Tuesday,6,86,-0.5,34.0
10672_700,Tuesday,6,86,13.1,152.0
10676_700,Tuesday,6,283,15.4,155.0
4477_700,Tuesday,6,293,5.4,229.0
1928_700,Tuesday,6,193,25.7,227.0
10682_700,Tuesday,6,193,41.1,301.0
10296_700,Tuesday,6,79,13.5,614.0
16735_700,Tuesday,6,94,32.8,146.0
16733_700,Tuesday,6,79,-1.9,8.0
3975_700,Tuesday,6,160,36.6,245.0
1931_700,Tuesday,6,153,3.6,29.0
1971_700,Tuesday,6,146,7.2,120.0
13418_700,Tuesday,6,106,48.8,347.0
10671_700,Tuesday,6,62,0.0,0.0
10685_700,Tuesday,6,11,1.4,18.0
1924_700,Tuesday,6,171,0.4,29.0
1936_700,Tuesday,6,40,0.0,0.0
4249_700,Tuesday,6,41,123.4,199.0
1933_700,Tuesday,6,33,0.0,0.0
1921_700,Tuesday,6,345,3.7,83.0
1945_700,Tuesday,6,268,71.5,620.0
18930_700,Tuesday,6,38,55.3,158.0
13134_700,Tuesday,6,6,50.5,139.0
16734_700,Tuesday,6,49,16.4,152.0
10674_700,Tuesday,6,202,16.8,118.0
10683_700,Tuesday,6,59,55.7,222.0
1939_700,Tuesday,6,91,70.8,218.0
6618_700,Tuesday,6,27,12.0,70.0
1935_700,Tuesday,6,15,-0.5,0.0
1920_700,Tuesday,6,134,32.4,294.0
10677_700,Tuesday,6,41,0.0,0.0
10684_700,Tuesday,6,68,16.7,60.0
5255_700,Tuesday,6,19,47.6,48.0
25354_700,Tuesday,6,25,82.1,149.0
13118_700,Tuesday,6,25,0.0,0.0
17415_700,Tuesday,6,32,352.5,480.0
4238_700,Tuesday,6,65,152.6,408.0
4256_700,Tuesday,6,40,86.3,192.0
25905_700,Tuesday,6,17,16.9,65.0
9696_700,Tuesday,6,20,167.6,301.0
28806_700,Tuesday,6,62,40.2,135.0
18927_700,Tuesday,6,26,62.9,63.0
4502_700,Tuesday,6,24,51.5,62.0
6626_700,Tuesday,6,27,94.1,182.0
21749_700,Tuesday,6,12,108.8,160.0
17389_700,Tuesday,6,20,828.0,1260.0
18884_700,Tuesday,6,14,22.0,29.0
22451_700,Tuesday,6,30,108.7,134.0
4251_700,Tuesday,6,111,82.9,350.0
13131_700,Tuesday,6,18,60.0,60.0
28802_700,Tuesday,6,17,109.9,159.0
18897_700,Tuesday,6,5,5.4,7.0
18907_700,Tuesday,6,1,128.0,128.0
18934_700,Tuesday,6,14,62.9,63.0
29147_700,Tuesday,6,3,45.3,68.0
21159_700,Tuesday,6,1,66.0,66.0
4266_700,Tuesday,6,39,113.5,249.0
13543_700,Tuesday,6,19,132.3,270.0
17393_700,Tuesday,6,18,-20.0,0.0
19106_700,Tuesday,6,1,-28.0,-28.0
18893_700,Tuesday,6,17,61.5,166.0
18933_700,Tuesday,6,33,34.5,70.0
5237_700,Tuesday,6,86,99.4,273.0
17353_700,Tuesday,6,13,13.8,180.0
27569_700,Tuesday,6,5,0.0,0.0
17385_700,Tuesday,6,33,132.7,240.0
21284_700,Tuesday,6,83,35.4,420.0
15712_700,Tuesday,6,3,25.7,70.0
4492_700,Tuesday,6,13,85.8,99.0
19128_700,Tuesday,6,20,83.0,83.0
18371_700,Tuesday,6,44,20.7,326.0
19116_700,Tuesday,6,16,83.3,110.0
29157_700,Tuesday,6,65,628.0,780.0
10686_700,Tuesday,6,28,-0.1,121.0
4496_700,Tuesday,6,18,65.9,66.0
7251_700,Tuesday,6,11,113.3,177.0
24694_700,Tuesday,6,39,263.8,507.0
5266_700,Tuesday,6,17,245.4,270.0
18891_700,Tuesday,6,22,61.9,82.0
13125_700,Tuesday,6,3,20.0,60.0
21750_700,Tuesday,6,31,117.5,185.0
15710_700,Tuesday,6,14,66.2,71.0
4228_700,Tuesday,6,14,133.2,211.0
4245_700,Tuesday,6,10,-10.1,40.0
19156_109,Tuesday,6,28,66.4,240.0
27949_700,Tuesday,6,25,27.7,105.0
26410_700,Tuesday,6,33,256.4,509.0
16349_100,Tuesday,6,5,108.0,180.0
5259_700,Tuesday,6,14,33.9,64.0
5257_700,Tuesday,6,9,336.1,387.0
18889_700,Tuesday,6,7,67.9,68.0
17406_700,Tuesday,6,26,-4.6,60.0
17332_700,Tuesday,6,17,38.8,60.0
22454_700,Tuesday,6,12,111.9,112.0
5265_700,Tuesday,6,8,132.9,133.0
5232_700,Tuesday,6,35,72.6,173.0
5246_700,Tuesday,6,15,33.8,120.0
4269_700,Tuesday,6,2,0.0,0.0
24047_100,Tuesday,6,10,-36.0,0.0
25904_700,Tuesday,6,18,98.7,195.0
4226_700,Tuesday,6,22,61.0,170.0
19105_700,Tuesday,6,2,21.5,60.0
20364_700,Tuesday,6,21,32.9,63.0
6624_700,Tuesday,6,10,91.1,167.0
18885_700,Tuesday,6,5,67.8,68.0
18908_700,Tuesday,6,34,7.6,65.0
14755_700,Tuesday,6,12,64.8,65.0
20845_700,Tuesday,6,15,65.9,70.0
19120_700,Tuesday,6,22,62.0,62.0
29165_700,Tuesday,6,21,115.2,121.0
17395_700,Tuesday,6,19,-18.9,0.0
5263_700,Tuesday,6,9,94.9,95.0
20479_700,Tuesday,6,14,140.1,307.0
13115_700,Tuesday,6,34,2.9,79.0
14754_700,Tuesday,6,17,34.9,52.0
28803_700,Tuesday,6,14,149.8,190.0
5268_700,Tuesday,6,38,55.2,113.0
19127_700,Tuesday,6,6,-18.8,0.0
4241_700,Tuesday,6,11,58.5,87.0
18892_700,Tuesday,6,16,56.7,125.0
18910_700,Tuesday,6,25,81.9,130.0
6622_700,Tuesday,6,18,110.2,136.0
4221_700,Tuesday,6,19,44.7,229.0
18917_700,Tuesday,6,17,64.9,65.0
27288_700,Tuesday,6,27,115.3,212.0
18342_700,Tuesday,6,21,27.3,109.0
5256_3,Tuesday,11,27,15940.7,32768.0
19120_700,Tuesday,11,68,5741.3,7139.0
17394_700,Tuesday,11,4,-7455.0,-7320.0
17520_700,Tuesday,11,186,12.3,360.0
22754_700,Tuesday,11,495,-14.9,180.0
17512_400,Tuesday,11,24,222.5,1860.0
17452_900,Tuesday,11,564,86.2,1140.0
17348_700,Tuesday,11,358,-17.1,180.0
4281_700,Tuesday,11,94,328.0,594.0
1556_900,Tuesday,11,946,5.0,267.0
17322_700,Tuesday,11,172,97.0,780.0
17454_700,Tuesday,11,315,7.8,240.0
17446_900,Tuesday,11,165,4.7,180.0
17532_700,Tuesday,11,294,6.5,240.0
17442_900,Tuesday,11,600,27.7,360.0
17303_700,Tuesday,11,750,46.0,480.0
24641_900,Tuesday,11,77,-1.6,0.0
17341_700,Tuesday,11,557,22.5,240.0
17422_900,Tuesday,11,297,4.8,60.0
17398_700,Tuesday,11,132,139.1,660.0
17314_700,Tuesday,11,319,-2.8,120.0
17382_700,Tuesday,11,72,38.3,180.0
17535_700,Tuesday,11,324,20.6,180.0
17298_700,Tuesday,11,51,-20.0,0.0
17305_700,Tuesday,11,529,22.8,480.0
17447_700,Tuesday,11,403,-1.0,180.0
4257_700,Tuesday,11,26,203.5,503.0
4242_700,Tuesday,11,99,160.1,340.0
4256_700,Tuesday,11,20,52.5,113.0
23534_700,Tuesday,11,24,31.3,83.0
4287_700,Tuesday,11,89,267.3,621.0
4223_700,Tuesday,11,56,51.3,161.0
5246_700,Tuesday,11,34,156.0,328.0
19121_700,Tuesday,11,24,29.4,96.0
17327_700,Tuesday,11,148,-10.5,60.0
23415_700,Tuesday,11,599,23.6,660.0
17530_700,Tuesday,11,267,70.1,360.0
17537_700,Tuesday,11,84,-10.0,120.0
26780_700,Tuesday,11,78,-38.5,0.0
17324_900,Tuesday,11,306,0.8,120.0
17424_900,Tuesday,11,377,16.9,360.0
17311_700,Tuesday,11,317,-14.2,180.0
17320_700,Tuesday,11,344,7.5,120.0
17340_700,Tuesday,11,492,23.8,300.0
17457_700,Tuesday,11,548,-23.9,120.0
17464_700,Tuesday,11,205,6.1,120.0
17538_700,Tuesday,11,526,81.8,420.0
28712_700,Tuesday,11,17,-17.6,0.0
17419_900,Tuesday,11,116,-16.0,60.0
17443_700,Tuesday,11,55,10.9,120.0
17420_900,Tuesday,11,190,-19.6,60.0
17440_900,Tuesday,11,770,42.4,600.0
5241_700,Tuesday,11,54,39.6,124.0
17326_700,Tuesday,11,142,-3.0,60.0
17400_700,Tuesday,11,110,-461.5,60.0
17425_900,Tuesday,11,297,16.2,420.0
17402_700,Tuesday,11,18,0.0,0.0
24759_700,Tuesday,11,124,128.7,480.0
17383_700,Tuesday,11,68,46.8,180.0
17392_700,Tuesday,11,24,0.0,0.0
17437_700,Tuesday,11,173,47.9,300.0
17374_900,Tuesday,11,52,-26.5,0.0
17416_900,Tuesday,11,384,13.7,180.0
17427_900,Tuesday,11,150,8.4,180.0
18374_700,Tuesday,11,258,15.8,240.0
17372_700,Tuesday,11,249,33.7,180.0
17373_700,Tuesday,11,179,18.4,120.0
17377_700,Tuesday,11,78,-10.8,120.0
17514_400,Tuesday,11,705,12.9,120.0
17401_700,Tuesday,11,42,50.0,540.0
17421_900,Tuesday,11,73,21.4,120.0
17333_700,Tuesday,11,210,70.0,360.0
15277_700,Tuesday,11,487,8.7,187.0
17367_700,Tuesday,11,325,68.3,480.0
1923_700,Tuesday,11,318,-4.2,77.0
1549_700,Tuesday,11,675,8.5,124.0
17448_700,Tuesday,11,775,50.9,540.0
17458_700,Tuesday,11,479,45.1,300.0
17515_400,Tuesday,11,648,10.6,240.0
22390_700,Tuesday,11,60,15.0,240.0
17518_400,Tuesday,11,569,13.2,180.0
28311_100,Tuesday,11,42,-7.1,60.0
5631_700,Tuesday,11,52,0.0,0.0
15274_700,Tuesday,11,766,11.1,304.0
19058_100,Tuesday,11,170,1.1,180.0
27963_700,Tuesday,11,112,19.2,248.0
27968_700,Tuesday,11,56,0.0,0.0
5333_700,Tuesday,11,89,174.0,598.0
5596_700,Tuesday,11,351,7.6,111.0
24053_100,Tuesday,11,165,45.1,540.0
19155_109,Tuesday,11,90,-3.3,120.0
17355_700,Tuesday,11,318,40.6,360.0
5381_700,Tuesday,11,223,31.3,197.0
26788_106,Tuesday,11,60,20.4,176.0
343_900,Tuesday,11,380,3.5,150.0
1921_700,Tuesday,11,145,44.0,285.0
22688_700,Tuesday,11,15,0.0,0.0
1924_700,Tuesday,11,173,13.5,198.0
17321_700,Tuesday,11,87,-4.1,120.0
17304_700,Tuesday,11,444,16.9,180.0
22696_700,Tuesday,11,26,0.0,0.0
17329_700,Tuesday,11,166,14.1,240.0
17347_700,Tuesday,11,380,3.8,300.0
17369_700,Tuesday,11,164,56.3,240.0
17453_700,Tuesday,11,559,86.1,480.0
17529_700,Tuesday,11,347,28.9,180.0
17533_700,Tuesday,11,358,53.5,300.0
17281_700,Tuesday,11,80,17.3,120.0
7361_700,Tuesday,11,490,17.6,231.0
17521_400,Tuesday,11,517,20.0,60.0
24044_100,Tuesday,11,24,0.0,0.0
17523_400,Tuesday,11,1240,27.0,300.0
27293_700,Tuesday,11,1,0.0,0.0
1929_700,Tuesday,11,126,48.5,209.0
1550_700,Tuesday,11,273,6.7,263.0
17460_900,Tuesday,11,900,99.2,780.0
19059_100,Tuesday,11,56,226.1,1260.0
7362_900,Tuesday,11,532,5.9,163.0
1871_700,Tuesday,11,91,7.8,79.0
1558_900,Tuesday,11,500,8.0,154.0
5635_900,Tuesday,11,1798,12.8,230.0
27915_700,Tuesday,11,106,0.0,0.0
1547_700,Tuesday,11,351,6.7,136.0
13438_900,Tuesday,11,325,4.6,142.0
5332_700,Tuesday,11,15,0.0,0.0
5378_700,Tuesday,11,201,13.1,150.0
22693_700,Tuesday,11,44,-19.7,87.0
17319_700,Tuesday,11,216,56.9,600.0
17360_700,Tuesday,11,612,22.1,360.0
17449_700,Tuesday,11,891,52.8,600.0
17531_700,Tuesday,11,170,8.8,240.0
27285_700,Tuesday,11,22,0.0,0.0
16009_700,Tuesday,11,195,23.2,488.0
17444_900,Tuesday,11,112,-8.0,60.0
26785_106,Tuesday,11,96,25.4,206.0
26784_106,Tuesday,11,71,46.2,332.0
15959_700,Tuesday,11,161,21.9,253.0
5345_700,Tuesday,11,150,97.5,527.0
27275_700,Tuesday,11,328,6.6,120.0
18347_700,Tuesday,11,45,0.0,0.0
18342_700,Tuesday,11,34,0.0,0.0
17349_700,Tuesday,11,588,-1.2,420.0
17381_700,Tuesday,11,296,32.8,240.0
17450_700,Tuesday,11,196,1.2,180.0
17465_700,Tuesday,11,647,-3.2,300.0
17323_700,Tuesday,11,280,42.2,360.0
10142_109,Tuesday,11,266,17.1,120.0
19062_100,Tuesday,11,24,0.0,0.0
1546_700,Tuesday,11,657,14.8,1231.0
5371_700,Tuesday,11,125,17.8,119.0
24025_100,Tuesday,11,333,15.3,720.0
1938_700,Tuesday,11,287,70.3,293.0
5352_700,Tuesday,11,49,10.4,136.0
5339_700,Tuesday,11,131,37.5,230.0
18922_700,Tuesday,11,114,78.3,206.0
20930_700,Tuesday,11,69,54.8,126.0
22708_700,Tuesday,11,144,61.9,440.0
22714_700,Tuesday,11,493,132.8,1183.0
10671_700,Tuesday,11,48,7.0,67.0
17296_700,Tuesday,11,50,-66.0,0.0
27276_700,Tuesday,11,137,8.8,180.0
22692_700,Tuesday,11,84,37.0,214.0
22706_700,Tuesday,11,83,0.0,0.0
22712_700,Tuesday,11,179,233.4,1288.0
18370_700,Tuesday,11,205,25.7,148.0
1925_700,Tuesday,11,227,9.2,142.0
22698_700,Tuesday,11,97,4.3,50.0
17334_700,Tuesday,11,344,28.4,360.0
17456_700,Tuesday,11,806,20.7,720.0
17335_700,Tuesday,11,412,28.7,300.0
24050_100,Tuesday,11,77,-12.5,60.0
17525_400,Tuesday,11,464,14.1,120.0
27954_700,Tuesday,11,118,65.7,289.0
5353_700,Tuesday,11,88,125.0,464.0
1548_700,Tuesday,11,1110,9.3,176.0
5370_700,Tuesday,11,91,54.2,136.0
5379_700,Tuesday,11,207,5.0,167.0
4456_700,Tuesday,11,186,0.3,63.0
15273_700,Tuesday,11,40,1.6,66.0
17301_900,Tuesday,11,130,3.2,60.0
340_900,Tuesday,11,495,23.3,307.0
10166_109,Tuesday,11,45,14.7,120.0
17308_700,Tuesday,11,131,9.6,120.0
15276_700,Tuesday,11,206,5.3,171.0
17694_700,Tuesday,11,18,0.0,0.0
26790_106,Tuesday,11,66,0.0,0.0
22700_700,Tuesday,11,55,0.0,0.0
17368_700,Tuesday,11,305,34.2,240.0
17414_700,Tuesday,11,80,9.0,180.0
17451_700,Tuesday,11,317,15.1,180.0
17315_700,Tuesday,11,188,44.0,360.0
22804_700,Tuesday,11,153,0.2,44.0
1551_700,Tuesday,11,584,13.4,249.0
10672_700,Tuesday,11,128,54.0,273.0
17407_700,Tuesday,11,30,26.0,60.0
4477_700,Tuesday,11,94,50.0,4118.0
23945_100,Tuesday,11,90,17.3,360.0
10155_109,Tuesday,11,206,26.2,180.0
1879_900,Tuesday,11,38,1.9,73.0
27280_700,Tuesday,11,72,11.7,180.0
17302_700,Tuesday,11,315,57.0,360.0
17352_900,Tuesday,11,84,-1.4,180.0
27269_700,Tuesday,11,27,6.7,60.0
29140_700,Tuesday,11,62,129.5,380.0
17336_700,Tuesday,11,34,30.0,60.0
17461_700,Tuesday,11,490,32.9,360.0
22609_700,Tuesday,11,240,-21.0,60.0
24052_100,Tuesday,11,30,22.0,240.0
5344_700,Tuesday,11,55,45.5,330.0
24045_100,Tuesday,11,134,16.1,360.0
10226_109,Tuesday,11,223,3.2,60.0
17295_700,Tuesday,11,180,32.7,480.0
27955_700,Tuesday,11,10,0.0,0.0
23414_700,Tuesday,11,252,263.6,1380.0
17330_700,Tuesday,11,397,15.6,180.0
17342_700,Tuesday,11,353,5.3,120.0
17350_700,Tuesday,11,348,51.4,480.0
27292_700,Tuesday,11,38,126.3,300.0
17441_700,Tuesday,11,1035,15.5,360.0
17455_700,Tuesday,11,722,1.5,240.0
17309_700,Tuesday,11,165,38.5,240.0
13120_700,Tuesday,11,2,30.0,60.0
5384_700,Tuesday,11,249,55.0,493.0
1882_900,Tuesday,11,30,75.5,1103.0
22715_700,Tuesday,11,87,52.1,245.0
17292_700,Tuesday,11,278,37.1,240.0
5340_700,Tuesday,11,26,0.0,0.0
22686_700,Tuesday,11,47,0.0,0.0
22694_700,Tuesday,11,38,0.0,0.0
16915_700,Tuesday,11,142,5.7,166.0
1934_700,Tuesday,11,46,0.0,0.0
22690_700,Tuesday,11,13,0.0,0.0
22739_700,Tuesday,11,112,-1.7,21.0
18945_700,Tuesday,11,92,75.5,409.0
13113_700,Tuesday,11,73,96.2,454.0
17445_700,Tuesday,11,231,-7.3,120.0
5335_700,Tuesday,11,57,124.8,423.0
17459_900,Tuesday,11,560,57.1,360.0
17463_900,Tuesday,11,120,6.5,180.0
10682_700,Tuesday,11,53,36.7,81.0
5633_900,Tuesday,11,644,6.3,172.0
11536_109,Tuesday,11,32,3.8,60.0
10229_109,Tuesday,11,44,1.4,60.0
1931_700,Tuesday,11,76,62.1,339.0
26748_100,Tuesday,11,6,140.0,240.0
21947_700,Tuesday,11,130,0.6,74.0
10167_109,Tuesday,11,184,78.9,720.0
15714_700,Tuesday,11,13,18.5,60.0
18914_700,Tuesday,11,20,66.8,68.0
13110_700,Tuesday,11,32,53.1,246.0
17325_700,Tuesday,11,204,10.6,300.0
19019_700,Tuesday,11,22,5.5,60.0
27916_700,Tuesday,11,128,4.5,130.0
17356_700,Tuesday,11,264,5.7,120.0
17526_400,Tuesday,11,280,17.8,120.0
27951_700,Tuesday,11,45,80.9,247.0
10145_109,Tuesday,11,212,28.3,180.0
17343_700,Tuesday,11,70,10.3,60.0
29160_700,Tuesday,11,43,140.1,258.0
10224_109,Tuesday,11,130,4.6,60.0
22726_700,Tuesday,11,55,285.8,910.0
17299_700,Tuesday,11,177,78.3,300.0
27945_700,Tuesday,11,153,16.4,216.0
27937_700,Tuesday,11,51,185.1,503.0
5377_700,Tuesday,11,80,-0.2,60.0
22702_700,Tuesday,11,126,40.6,417.0
29101_700,Tuesday,11,42,0.0,0.0
5369_700,Tuesday,11,88,14.9,135.0
17316_700,Tuesday,11,217,32.1,300.0
17339_700,Tuesday,11,432,80.8,600.0
17384_700,Tuesday,11,88,13.0,120.0
28571_109,Tuesday,11,9,6.7,60.0
17279_700,Tuesday,11,100,88.8,300.0
5376_700,Tuesday,11,70,16.7,68.0
10157_109,Tuesday,11,351,17.8,180.0
26783_106,Tuesday,11,103,25.1,360.0
22691_700,Tuesday,11,192,291.8,1730.0
18933_700,Tuesday,11,40,136.9,297.0
5368_700,Tuesday,11,183,46.9,215.0
17388_700,Tuesday,11,11,0.0,0.0
17344_700,Tuesday,11,52,45.0,120.0
10144_109,Tuesday,11,153,9.4,120.0
17438_900,Tuesday,11,225,9.9,120.0
10149_109,Tuesday,11,159,8.3,60.0
10223_109,Tuesday,11,250,10.8,120.0
27959_700,Tuesday,11,105,1.9,80.0
18920_700,Tuesday,11,109,91.2,215.0
20810_700,Tuesday,11,24,12.5,120.0
18352_700,Tuesday,11,20,0.0,0.0
23444_700,Tuesday,11,31,0.0,0.0
22710_700,Tuesday,11,28,0.0,0.0
13730_700,Tuesday,11,19,66.2,70.0
22717_700,Tuesday,11,96,92.1,671.0
17364_700,Tuesday,11,428,111.7,600.0
17365_700,Tuesday,11,190,42.6,360.0
23154_700,Tuesday,11,91,58.0,240.0
15024_700,Tuesday,11,16,71.0,71.0
28260_900,Tuesday,11,80,-6.0,60.0
1870_700,Tuesday,11,14,1089.9,3006.0
27277_700,Tuesday,11,88,0.0,0.0
17307_700,Tuesday,11,113,216.1,660.0
10679_700,Tuesday,11,45,0.0,0.0
20813_100,Tuesday,11,26,0.0,0.0
17359_700,Tuesday,11,84,84.3,360.0
10677_700,Tuesday,11,18,0.0,0.0
13418_700,Tuesday,11,123,20.0,145.0
17290_700,Tuesday,11,388,37.0,360.0
17313_700,Tuesday,11,128,-15.0,0.0
17328_700,Tuesday,11,228,52.1,300.0
29166_700,Tuesday,11,7,11.1,63.0
17362_700,Tuesday,11,269,208.8,1080.0
17744_700,Tuesday,11,72,12.5,120.0
24046_100,Tuesday,11,40,19.5,300.0
27934_700,Tuesday,11,111,147.2,1822.0
10227_109,Tuesday,11,133,10.8,120.0
18353_700,Tuesday,11,16,0.0,0.0
18884_700,Tuesday,11,12,61.9,62.0
29157_700,Tuesday,11,64,168.2,1212.0
17317_700,Tuesday,11,228,84.2,480.0
16733_700,Tuesday,11,72,0.0,0.0
27938_700,Tuesday,11,24,0.0,0.0
1955_700,Tuesday,11,102,25.4,129.0
18923_700,Tuesday,11,44,103.6,193.0
17306_700,Tuesday,11,904,-22.4,180.0
22703_700,Tuesday,11,92,0.0,0.0
22711_700,Tuesday,11,53,0.0,0.0
17310_700,Tuesday,11,282,5.5,120.0
22709_700,Tuesday,11,58,0.0,0.0
13729_700,Tuesday,11,12,262.6,353.0
17318_700,Tuesday,11,271,378.8,1500.0
17346_700,Tuesday,11,82,30.7,240.0
27291_700,Tuesday,11,62,169.4,480.0
18899_700,Tuesday,11,64,60.3,198.0
10163_109,Tuesday,11,289,16.4,120.0
27296_700,Tuesday,11,64,21.6,60.0
22701_700,Tuesday,11,104,0.0,0.0
27958_700,Tuesday,11,39,0.0,0.0
25529_700,Tuesday,11,18,3.0,9.0
16349_100,Tuesday,11,20,0.0,0.0
17418_900,Tuesday,11,95,-8.2,60.0
27942_700,Tuesday,11,15,0.0,0.0
17297_700,Tuesday,11,272,56.3,240.0
18350_700,Tuesday,11,46,63.1,132.0
18356_700,Tuesday,11,17,0.0,0.0
5348_700,Tuesday,11,6,10.0,60.0
18916_700,Tuesday,11,22,85.1,128.0
27283_700,Tuesday,11,10,0.0,0.0
17536_700,Tuesday,11,135,6.2,360.0
27948_700,Tuesday,11,72,355.6,811.0
17300_700,Tuesday,11,270,-4.7,120.0
5366_700,Tuesday,11,27,14.5,44.0
26789_106,Tuesday,11,8,41.4,135.0
22684_700,Tuesday,11,80,284.1,1033.0
27278_700,Tuesday,11,31,1.9,60.0
18364_700,Tuesday,11,63,0.0,0.0
5356_700,Tuesday,11,17,21.2,60.0
21725_700,Tuesday,11,62,90.6,186.0
26786_106,Tuesday,11,45,8.1,67.0
26781_700,Tuesday,11,66,80.9,240.0
17366_700,Tuesday,11,348,109.1,720.0
10148_109,Tuesday,11,269,5.8,120.0
10158_109,Tuesday,11,184,16.0,180.0
23944_100,Tuesday,11,5,12.0,60.0
18349_700,Tuesday,11,5,0.0,0.0
18909_700,Tuesday,11,224,117.6,357.0
1880_900,Tuesday,11,16,15.1,184.0
5336_700,Tuesday,11,67,113.7,460.0
17385_700,Tuesday,11,56,18.2,120.0
27306_700,Tuesday,11,17,0.0,0.0
17516_400,Tuesday,11,40,7.5,60.0
17417_900,Tuesday,11,202,22.9,180.0
10170_109,Tuesday,11,282,3.8,120.0
18363_700,Tuesday,11,22,0.0,0.0
17331_700,Tuesday,11,168,54.6,300.0
27290_700,Tuesday,11,116,48.6,420.0
17375_700,Tuesday,11,78,13.8,60.0
17390_700,Tuesday,11,36,-13.3,60.0
18949_109,Tuesday,11,128,21.1,180.0
22685_700,Tuesday,11,12,0.0,0.0
18361_700,Tuesday,11,25,17.4,83.0
1920_700,Tuesday,11,65,45.1,194.0
4521_700,Tuesday,11,91,150.2,3509.0
1881_900,Tuesday,11,8,-20.6,62.0
17357_700,Tuesday,11,30,26.0,60.0
27310_700,Tuesday,11,18,0.0,0.0
27961_700,Tuesday,11,30,0.0,0.0
22718_700,Tuesday,11,3,0.0,0.0
22705_700,Tuesday,11,15,0.0,0.0
5363_700,Tuesday,11,48,0.0,0.0
22723_700,Tuesday,11,41,2.5,33.0
17415_700,Tuesday,11,34,1.8,60.0
24049_100,Tuesday,11,120,11.5,180.0
1933_700,Tuesday,11,22,0.0,0.0
25904_700,Tuesday,11,18,120.2,200.0
1945_700,Tuesday,11,129,5.6,60.0
22687_700,Tuesday,11,71,9.9,109.0
22240_109,Tuesday,11,229,14.1,180.0
1922_700,Tuesday,11,53,0.0,0.0
22724_700,Tuesday,11,22,0.0,0.0
17345_700,Tuesday,11,68,23.8,120.0
17332_700,Tuesday,11,18,0.0,0.0
4515_700,Tuesday,11,14,21.6,74.0
10165_109,Tuesday,11,36,8.3,60.0
17376_700,Tuesday,11,48,7.5,60.0
1930_700,Tuesday,11,123,0.0,0.0
27941_700,Tuesday,11,23,0.0,0.0
18921_700,Tuesday,11,36,56.6,70.0
17403_700,Tuesday,11,12,0.0,0.0
24056_100,Tuesday,11,33,40.0,300.0
24055_100,Tuesday,11,24,-20.0,120.0
18341_700,Tuesday,11,49,0.0,0.0
27947_700,Tuesday,11,81,96.0,346.0
17370_700,Tuesday,11,198,27.0,240.0
18911_700,Tuesday,11,57,54.4,173.0
20812_100,Tuesday,11,10,6.0,60.0
17380_700,Tuesday,11,128,0.9,180.0
17435_700,Tuesday,11,60,31.0,300.0
17353_700,Tuesday,11,32,0.0,0.0
27967_700,Tuesday,11,46,0.0,0.0
20364_700,Tuesday,11,41,71.5,207.0
17462_700,Tuesday,11,314,21.0,120.0
24042_100,Tuesday,11,132,-8.6,120.0
17378_700,Tuesday,11,291,-1.4,120.0
10143_109,Tuesday,11,251,21.0,240.0
17412_700,Tuesday,11,56,95.4,300.0
26791_106,Tuesday,11,8,0.0,0.0
5350_700,Tuesday,11,64,10.3,60.0
26793_106,Tuesday,11,18,0.0,0.0
27964_700,Tuesday,11,13,0.0,0.0
17289_700,Tuesday,11,110,1.1,300.0
18938_700,Tuesday,11,6,121.8,134.0
27289_700,Tuesday,11,18,116.7,120.0
10162_109,Tuesday,11,289,11.4,120.0
3713_700,Tuesday,11,64,19.4,254.0
18908_700,Tuesday,11,67,156.4,330.0
22689_700,Tuesday,11,25,0.0,0.0
22722_700,Tuesday,11,21,0.0,0.0
17338_900,Tuesday,11,88,-2.7,60.0
27965_700,Tuesday,11,64,17.5,66.0
5346_700,Tuesday,11,45,-33.6,60.0
5365_700,Tuesday,11,45,40.1,157.0
5380_700,Tuesday,11,47,-3.1,60.0
18939_700,Tuesday,11,96,74.3,190.0
22713_700,Tuesday,11,18,297.0,594.0
27952_700,Tuesday,11,149,20.2,223.0
17527_700,Tuesday,11,6,10.0,60.0
27274_700,Tuesday,11,38,0.0,0.0
13889_700,Tuesday,11,25,7.8,65.0
28109_700,Tuesday,11,14,0.0,0.0
18343_700,Tuesday,11,43,0.0,0.0
21284_700,Tuesday,11,129,69.8,240.0
17393_700,Tuesday,11,69,11.3,120.0
17354_700,Tuesday,11,213,49.9,360.0
25905_700,Tuesday,11,17,75.5,128.0
17391_700,Tuesday,11,19,6.3,60.0
22699_700,Tuesday,11,35,0.0,0.0
27946_700,Tuesday,11,25,0.0,0.0
17411_700,Tuesday,11,25,38.4,120.0
5382_700,Tuesday,11,6,0.0,0.0
17294_700,Tuesday,11,151,6.0,120.0
18360_700,Tuesday,11,56,0.0,0.0
25219_700,Tuesday,11,3,-156.3,44.0
27944_700,Tuesday,11,22,0.0,0.0
18897_700,Tuesday,11,24,7.5,48.0
24048_100,Tuesday,11,23,-2.6,180.0
17361_700,Tuesday,11,187,-4.5,180.0
27300_700,Tuesday,11,97,34.6,180.0
24043_100,Tuesday,11,28,-25.7,0.0
10676_700,Tuesday,11,51,0.0,0.0
10683_700,Tuesday,11,39,0.0,0.0
4497_700,Tuesday,11,21,49.3,116.0
18935_700,Tuesday,11,26,135.4,149.0
13108_700,Tuesday,11,50,52.3,251.0
5351_700,Tuesday,11,42,46.2,153.0
18371_700,Tuesday,11,32,0.0,0.0
18365_700,Tuesday,11,3,0.0,0.0
19705_700,Tuesday,11,36,65.0,480.0
16354_700,Tuesday,11,41,28.4,134.0
17293_700,Tuesday,11,60,1.0,60.0
17379_700,Tuesday,11,169,-25.2,60.0
18931_700,Tuesday,11,125,110.9,211.0
27307_700,Tuesday,11,3,0.0,0.0
17413_700,Tuesday,11,34,21.2,180.0
20369_100,Tuesday,11,6,0.0,0.0
18937_700,Tuesday,11,29,156.1,210.0
17351_700,Tuesday,11,90,68.0,360.0
25906_700,Tuesday,11,15,72.9,145.0
10684_700,Tuesday,11,9,0.0,0.0
22704_700,Tuesday,11,38,0.0,0.0
17395_700,Tuesday,11,19,3.2,60.0
27939_700,Tuesday,11,21,0.0,0.0
18927_700,Tuesday,11,19,119.6,133.0
22719_700,Tuesday,11,4,0.0,0.0
17312_700,Tuesday,11,80,-1.5,120.0
10141_109,Tuesday,11,379,23.3,180.0
4502_700,Tuesday,11,25,109.7,201.0
16735_700,Tuesday,11,59,0.0,0.0
5372_700,Tuesday,11,45,21.8,201.0
13106_700,Tuesday,11,16,30.1,87.0
13125_700,Tuesday,11,27,179.3,197.0
27943_700,Tuesday,11,14,0.0,0.0
26454_700,Tuesday,11,22,0.0,0.0
5364_700,Tuesday,11,67,11.0,60.0
17363_700,Tuesday,11,96,88.8,240.0
1877_700,Tuesday,11,7,23.0,87.0
5341_700,Tuesday,11,27,53.0,153.0
19211_700,Tuesday,11,24,96.2,179.0
18372_700,Tuesday,11,49,5205.4,5236.0
18369_700,Tuesday,11,23,0.0,0.0
22695_700,Tuesday,11,22,0.0,0.0
29141_700,Tuesday,11,20,13.0,98.0
18926_700,Tuesday,11,44,64.4,135.0
5362_700,Tuesday,11,6,60.0,60.0
1928_700,Tuesday,11,22,60.0,60.0
28572_109,Tuesday,11,6,0.0,0.0
27957_700,Tuesday,11,34,217.9,390.0
22452_700,Tuesday,11,16,202.1,294.0
29103_700,Tuesday,11,14,0.0,0.0
15020_700,Tuesday,11,8,172.2,242.0
17387_700,Tuesday,11,13,0.0,0.0
27279_700,Tuesday,11,11,180.0,180.0
18915_700,Tuesday,11,43,63.4,159.0
18913_700,Tuesday,11,48,42.6,86.0
27569_700,Tuesday,11,5,0.0,0.0
24715_700,Tuesday,11,2,0.0,0.0
18895_700,Tuesday,11,23,136.9,140.0
22707_700,Tuesday,11,13,0.0,0.0
13126_700,Tuesday,11,27,113.9,190.0
27299_700,Tuesday,11,19,0.0,0.0
17409_700,Tuesday,11,56,233.6,840.0
28806_700,Tuesday,11,32,31.8,71.0
13107_700,Tuesday,11,17,61.0,61.0
13122_700,Tuesday,11,33,63.0,63.0
18898_700,Tuesday,11,68,87.4,196.0
6622_700,Tuesday,11,13,15.8,65.0
18906_700,Tuesday,11,20,14.8,63.0
18900_700,Tuesday,11,64,119.9,258.0
13105_700,Tuesday,11,43,59.8,134.0
5232_700,Tuesday,11,27,44.1,133.0
19127_700,Tuesday,11,146,118.4,292.0
5249_700,Tuesday,11,263,162.8,408.0
5248_700,Tuesday,11,40,124.2,285.0
5239_700,Tuesday,11,107,72.4,152.0
20969_700,Tuesday,11,11,413.0,534.0
25354_700,Tuesday,11,39,82.9,133.0
5233_700,Tuesday,11,30,113.8,244.0
5242_700,Tuesday,11,11,36.5,92.0
5236_700,Tuesday,11,42,69.6,91.0
5334_700,Tuesday,11,13,0.0,0.0
5238_700,Tuesday,11,69,76.0,199.0
19126_700,Tuesday,11,57,96.7,156.0
4222_700,Tuesday,11,14,110.0,283.0
21750_700,Tuesday,11,62,153.9,292.0
5343_700,Tuesday,11,26,0.3,2.0
4243_700,Tuesday,11,30,100.8,357.0
21749_700,Tuesday,11,14,4.9,5.0
4265_700,Tuesday,11,29,80.9,153.0
5254_3,Tuesday,11,26,805.6,1570.0
19118_700,Tuesday,11,63,102.6,172.0
23435_700,Tuesday,11,1,-22.0,-22.0
16214_700,Tuesday,11,5,-111.0,96.0
4244_700,Tuesday,11,20,55.5,111.0
4264_700,Tuesday,11,16,7.2,83.0
1872_700,Tuesday,11,17,-216.5,71.0
19111_700,Tuesday,11,9,5834.9,5835.0
4247_700,Tuesday,11,22,58.5,63.0
23724_700,Tuesday,11,16,13.1,57.0
4268_700,Tuesday,11,17,83.2,160.0
4254_700,Tuesday,11,15,103.9,133.0
19110_700,Tuesday,11,19,315.1,359.0
5252_700,Tuesday,11,41,83.9,179.0
5256_700,Tuesday,11,61,109.8,355.0
5257_700,Tuesday,11,19,129.4,166.0
5250_700,Tuesday,11,23,169.6,275.0
5262_700,Tuesday,11,21,91.5,159.0
5253_700,Tuesday,11,26,69.4,135.0
4249_700,Tuesday,11,43,116.2,190.0
4512_700,Tuesday,11,28,51.1,94.0
18929_700,Tuesday,11,84,37.9,70.0
18930_700,Tuesday,11,18,109.3,133.0
6626_700,Tuesday,11,14,40.9,64.0
17406_700,Tuesday,11,26,0.0,0.0
24057_100,Tuesday,11,56,21.4,240.0
19063_100,Tuesday,11,13,-4.6,60.0
19066_100,Tuesday,11,120,144.0,480.0
4259_700,Tuesday,11,71,107.8,314.0
21159_700,Tuesday,11,9,48.7,126.0
19065_100,Tuesday,11,12,40.0,120.0
1971_700,Tuesday,11,40,103.3,276.0
28259_100,Tuesday,11,93,40.6,360.0
29169_700,Tuesday,11,18,86.4,193.0
5237_700,Tuesday,11,19,5.6,6.0
4266_700,Tuesday,11,20,120.3,213.0
27936_700,Tuesday,11,18,0.0,0.0
5354_700,Tuesday,11,15,79.9,355.0
19079_700,Tuesday,11,28,39.7,68.0
27969_700,Tuesday,11,68,272.8,505.0
4240_700,Tuesday,11,25,54.0,101.0
4516_700,Tuesday,11,1,0.0,0.0
16345_100,Tuesday,11,33,12.7,120.0
18969_100,Tuesday,11,4,0.0,0.0
4505_700,Tuesday,11,18,-0.1,0.0
15624_700,Tuesday,11,2,78.0,78.0
13115_700,Tuesday,11,27,80.1,123.0
29167_700,Tuesday,11,19,314.8,318.0
27935_700,Tuesday,11,13,71.8,128.0
4238_700,Tuesday,11,20,29.8,34.0
4245_700,Tuesday,11,10,51.3,119.0
5355_700,Tuesday,11,14,130.1,253.0
6618_700,Tuesday,11,46,203.2,419.0
5342_700,Tuesday,11,19,245.7,329.0
28802_700,Tuesday,11,18,356.3,427.0
4495_700,Tuesday,11,14,66.9,67.0
4503_700,Tuesday,11,22,35.7,97.0
13136_700,Tuesday,11,1,64.0,64.0
5234_700,Tuesday,11,20,155.1,214.0
15374_700,Tuesday,11,37,-1.2,69.0
20479_700,Tuesday,11,6,64.2,94.0
19009_700,Tuesday,11,11,60.9,61.0
5235_700,Tuesday,11,27,173.6,340.0
13443_700,Tuesday,11,32,30.1,37.0
19133_700,Tuesday,11,48,87.0,155.0
18917_700,Tuesday,11,22,0.0,0.0
6629_700,Tuesday,11,26,70.0,70.0
27940_700,Tuesday,11,12,2049.0,2049.0
4250_700,Tuesday,11,48,100.6,282.0
4221_700,Tuesday,11,22,73.5,128.0
17399_700,Tuesday,11,27,91.1,300.0
4239_700,Tuesday,11,21,9.1,13.0
4236_700,Tuesday,11,13,1884.4,19230.0
4251_700,Tuesday,11,34,175.1,305.0
22451_700,Tuesday,11,10,70.1,78.0
27044_700,Tuesday,11,12,95.7,190.0
14733_700,Tuesday,11,8,14.1,49.0
19119_700,Tuesday,11,26,70.4,120.0
17417_900,Tuesday,15,238,22.7,180.0
17458_700,Tuesday,15,603,203.3,960.0
5232_700,Tuesday,15,102,252.1,3409.0
23945_100,Tuesday,15,149,641.1,5040.0
17381_700,Tuesday,15,405,47.7,600.0
17463_900,Tuesday,15,211,-14.8,60.0
5233_700,Tuesday,15,63,448.3,892.0
17459_900,Tuesday,15,755,2.3,240.0
17303_700,Tuesday,15,874,32.9,300.0
23534_700,Tuesday,15,11,14.7,128.0
5252_700,Tuesday,15,87,188.8,361.0
17355_700,Tuesday,15,324,28.9,420.0
4257_700,Tuesday,15,117,157.0,416.0
17538_700,Tuesday,15,809,93.8,660.0
17293_700,Tuesday,15,118,12.7,120.0
17438_900,Tuesday,15,261,15.9,300.0
5242_700,Tuesday,15,15,-1.4,74.0
19131_700,Tuesday,15,107,633.5,1655.0
17437_700,Tuesday,15,170,93.2,540.0
17425_900,Tuesday,15,297,-12.9,180.0
19129_700,Tuesday,15,19,40.2,64.0
17514_400,Tuesday,15,839,13.5,120.0
17443_700,Tuesday,15,35,27.4,120.0
17520_700,Tuesday,15,179,28.2,240.0
17413_700,Tuesday,15,50,114.0,300.0
17313_700,Tuesday,15,146,16.8,120.0
17346_700,Tuesday,15,155,19.4,120.0
17441_700,Tuesday,15,1149,82.1,540.0
19111_700,Tuesday,15,21,57.0,161.0
17427_900,Tuesday,15,150,-8.0,120.0
17362_700,Tuesday,15,353,134.4,600.0
17525_400,Tuesday,15,504,11.8,300.0
17419_900,Tuesday,15,117,-1.5,0.0
17311_700,Tuesday,15,359,86.2,600.0
17289_700,Tuesday,15,124,46.9,420.0
17515_400,Tuesday,15,624,10.2,300.0
17299_700,Tuesday,15,218,36.9,180.0
17447_700,Tuesday,15,400,34.8,420.0
17345_700,Tuesday,15,153,21.2,180.0
19118_700,Tuesday,15,67,171.0,390.0
4268_700,Tuesday,15,51,340.0,967.0
4254_700,Tuesday,15,44,70.8,139.0
19126_700,Tuesday,15,151,135.8,424.0
5234_700,Tuesday,15,21,123.9,267.0
5247_700,Tuesday,15,84,81.7,130.0
5243_700,Tuesday,15,68,304.0,682.0
4267_700,Tuesday,15,23,60.9,154.0
4221_700,Tuesday,15,42,206.9,263.0
4264_700,Tuesday,15,27,117.0,268.0
4251_700,Tuesday,15,104,202.1,557.0
19009_700,Tuesday,15,108,161.0,573.0
4241_700,Tuesday,15,13,53.5,94.0
4281_700,Tuesday,15,95,71.4,158.0
4245_700,Tuesday,15,33,129.7,204.0
13543_700,Tuesday,15,62,182.0,251.0
4259_700,Tuesday,15,87,124.0,251.0
4223_700,Tuesday,15,58,72.3,188.0
23415_700,Tuesday,15,636,470.1,2340.0
17301_900,Tuesday,15,131,1.8,60.0
17350_700,Tuesday,15,407,186.9,1080.0
17376_700,Tuesday,15,56,56.8,120.0
14753_700,Tuesday,15,71,552.1,1041.0
17328_700,Tuesday,15,260,121.4,420.0
4262_700,Tuesday,15,24,63.7,95.0
17304_700,Tuesday,15,576,227.6,1080.0
17370_700,Tuesday,15,220,21.3,240.0
17314_700,Tuesday,15,406,60.1,540.0
17308_700,Tuesday,15,185,75.2,420.0
17361_700,Tuesday,15,187,44.9,480.0
17367_700,Tuesday,15,455,84.4,540.0
17435_700,Tuesday,15,60,54.0,180.0
17444_900,Tuesday,15,112,38.0,300.0
17452_900,Tuesday,15,906,33.0,360.0
17306_700,Tuesday,15,842,219.5,1020.0
17421_900,Tuesday,15,92,-3.9,60.0
17298_700,Tuesday,15,60,-249.0,0.0
17416_900,Tuesday,15,384,20.5,300.0
17521_400,Tuesday,15,589,15.6,120.0
17322_700,Tuesday,15,226,3.7,360.0
17512_400,Tuesday,15,20,0.0,0.0
17455_700,Tuesday,15,769,-6.1,300.0
17324_900,Tuesday,15,332,29.3,360.0
4250_700,Tuesday,15,131,303.8,812.0
17359_700,Tuesday,15,193,50.4,480.0
17316_700,Tuesday,15,299,53.4,300.0
22609_700,Tuesday,15,282,206.0,960.0
17281_700,Tuesday,15,90,118.0,600.0
17335_700,Tuesday,15,791,107.6,600.0
17400_700,Tuesday,15,66,-0.9,0.0
17526_400,Tuesday,15,402,26.3,300.0
4265_700,Tuesday,15,87,328.2,715.0
17340_700,Tuesday,15,460,85.3,480.0
17446_900,Tuesday,15,176,-6.8,60.0
23414_700,Tuesday,15,219,398.1,1560.0
17349_700,Tuesday,15,798,158.2,2520.0
17457_700,Tuesday,15,546,29.1,420.0
17363_700,Tuesday,15,195,9.2,180.0
17424_900,Tuesday,15,377,22.9,180.0
17422_900,Tuesday,15,306,13.1,180.0
17389_700,Tuesday,15,11,0.0,0.0
17302_700,Tuesday,15,314,48.3,360.0
26780_700,Tuesday,15,78,613.1,1860.0
17442_900,Tuesday,15,600,41.7,180.0
17292_700,Tuesday,15,315,79.2,540.0
4249_700,Tuesday,15,74,194.6,603.0
17342_700,Tuesday,15,615,97.6,600.0
17373_700,Tuesday,15,150,72.4,360.0
17448_700,Tuesday,15,745,51.6,600.0
17449_700,Tuesday,15,1241,188.0,1620.0
17305_700,Tuesday,15,622,135.0,900.0
17310_700,Tuesday,15,382,26.2,240.0
13106_700,Tuesday,15,30,6.3,63.0
17320_700,Tuesday,15,387,65.4,480.0
17395_700,Tuesday,15,28,201.4,420.0
17329_700,Tuesday,15,188,46.3,480.0
17333_700,Tuesday,15,318,206.6,1440.0
10674_700,Tuesday,15,254,86.8,672.0
17450_700,Tuesday,15,240,15.3,240.0
17453_700,Tuesday,15,771,65.4,480.0
17465_700,Tuesday,15,936,36.8,720.0
17532_700,Tuesday,15,428,40.9,300.0
17535_700,Tuesday,15,324,111.3,600.0
17537_700,Tuesday,15,116,50.7,420.0
7361_700,Tuesday,15,313,30.7,525.0
10676_700,Tuesday,15,158,114.6,663.0
28311_100,Tuesday,15,69,36.5,540.0
24055_100,Tuesday,15,24,10.0,240.0
17523_400,Tuesday,15,1320,32.9,420.0
1546_700,Tuesday,15,628,24.5,591.0
10145_109,Tuesday,15,238,43.6,420.0
5384_700,Tuesday,15,180,31.1,196.0
17366_700,Tuesday,15,346,139.1,420.0
1938_700,Tuesday,15,362,76.5,366.0
17440_900,Tuesday,15,826,268.5,960.0
1550_700,Tuesday,15,283,20.1,328.0
10148_109,Tuesday,15,300,14.8,180.0
24025_100,Tuesday,15,359,76.9,840.0
1930_700,Tuesday,15,237,253.1,1211.0
19058_100,Tuesday,15,232,77.3,1260.0
25219_700,Tuesday,15,6,4.3,312.0
27286_700,Tuesday,15,76,73.4,1140.0
3713_700,Tuesday,15,216,6.3,205.0
5596_700,Tuesday,15,356,11.7,372.0
5342_700,Tuesday,15,95,96.8,363.0
5348_700,Tuesday,15,38,47.7,120.0
4456_700,Tuesday,15,208,12.1,257.0
19155_109,Tuesday,15,93,23.9,180.0
4477_700,Tuesday,15,211,17.8,200.0
10223_109,Tuesday,15,252,65.2,240.0
1883_900,Tuesday,15,11,23.6,164.0
1556_900,Tuesday,15,1073,5.4,196.0
26791_106,Tuesday,15,4,0.0,0.0
18931_700,Tuesday,15,243,90.9,336.0
22699_700,Tuesday,15,15,-9.2,34.0
340_900,Tuesday,15,495,16.6,325.0
15276_700,Tuesday,15,271,21.5,187.0
10167_109,Tuesday,15,270,14.2,240.0
1924_700,Tuesday,15,189,13.8,129.0
17321_700,Tuesday,15,99,32.7,300.0
18367_700,Tuesday,15,102,38.4,136.0
18366_700,Tuesday,15,22,56.7,153.0
18907_700,Tuesday,15,25,40.3,188.0
15273_700,Tuesday,15,130,14.7,191.0
22712_700,Tuesday,15,249,51.2,344.0
17319_700,Tuesday,15,526,58.5,420.0
17330_700,Tuesday,15,426,8.0,180.0
17334_700,Tuesday,15,470,233.5,1500.0
17339_700,Tuesday,15,584,130.9,780.0
17360_700,Tuesday,15,534,58.0,420.0
17369_700,Tuesday,15,163,294.1,600.0
21284_700,Tuesday,15,151,135.9,600.0
17398_700,Tuesday,15,107,231.0,660.0
17409_700,Tuesday,15,56,-10.7,60.0
343_900,Tuesday,15,398,13.6,261.0
17464_700,Tuesday,15,182,28.7,300.0
17529_700,Tuesday,15,430,62.0,540.0
17531_700,Tuesday,15,184,-4.9,240.0
17356_700,Tuesday,15,522,90.8,720.0
17516_400,Tuesday,15,40,3.0,60.0
5631_700,Tuesday,15,100,8.6,142.0
24044_100,Tuesday,15,50,42.0,360.0
22804_700,Tuesday,15,262,18.5,404.0
5340_700,Tuesday,15,127,98.6,518.0
18949_109,Tuesday,15,126,15.7,240.0
17377_700,Tuesday,15,78,76.2,180.0
5635_900,Tuesday,15,1798,18.4,348.0
22240_109,Tuesday,15,255,28.7,240.0
17294_700,Tuesday,15,180,37.0,240.0
18352_700,Tuesday,15,12,13.0,141.0
20364_700,Tuesday,15,20,98.0,152.0
5364_700,Tuesday,15,193,54.2,537.0
26786_106,Tuesday,15,66,8.3,120.0
27966_700,Tuesday,15,54,18.0,124.0
18932_700,Tuesday,15,32,180.6,246.0
22692_700,Tuesday,15,122,66.7,357.0
13438_900,Tuesday,15,321,3.0,74.0
22698_700,Tuesday,15,100,62.7,196.0
27279_700,Tuesday,15,35,20.6,60.0
18374_700,Tuesday,15,324,53.9,180.0
17325_700,Tuesday,15,408,34.7,180.0
10141_109,Tuesday,15,401,9.1,60.0
17347_700,Tuesday,15,531,220.0,3300.0
17368_700,Tuesday,15,353,42.3,540.0
17445_700,Tuesday,15,255,49.4,660.0
17456_700,Tuesday,15,882,152.7,1020.0
17326_700,Tuesday,15,169,24.9,300.0
17402_700,Tuesday,15,23,80.9,240.0
17518_400,Tuesday,15,666,71.9,300.0
27952_700,Tuesday,15,255,196.7,769.0
17352_900,Tuesday,15,87,4.1,120.0
10144_109,Tuesday,15,176,12.6,180.0
1548_700,Tuesday,15,1132,25.2,339.0
15274_700,Tuesday,15,899,36.3,465.0
5372_700,Tuesday,15,154,64.3,310.0
5381_700,Tuesday,15,264,73.4,587.0
19066_100,Tuesday,15,138,202.2,540.0
26748_100,Tuesday,15,6,1610.0,1800.0
22709_700,Tuesday,15,64,26.1,129.0
10163_109,Tuesday,15,261,18.6,240.0
1925_700,Tuesday,15,351,24.2,1566.0
15959_700,Tuesday,15,162,20.2,152.0
17290_700,Tuesday,15,433,81.1,780.0
10296_700,Tuesday,15,81,0.0,0.0
18923_700,Tuesday,15,105,140.4,344.0
22714_700,Tuesday,15,276,32.7,210.0
16915_700,Tuesday,15,198,4.2,127.0
5376_700,Tuesday,15,87,72.8,282.0
5366_700,Tuesday,15,66,69.6,340.0
18895_700,Tuesday,15,49,95.0,198.0
26788_106,Tuesday,15,60,11.9,123.0
22693_700,Tuesday,15,59,157.2,463.0
22684_700,Tuesday,15,120,28.8,399.0
1928_700,Tuesday,15,230,46.3,215.0
18342_700,Tuesday,15,20,0.0,0.0
17343_700,Tuesday,15,69,42.6,240.0
17357_700,Tuesday,15,65,-31.4,0.0
17379_700,Tuesday,15,237,19.5,300.0
22754_700,Tuesday,15,578,7.3,240.0
10684_700,Tuesday,15,45,0.0,0.0
19062_100,Tuesday,15,24,2.5,60.0
24050_100,Tuesday,15,141,10.2,240.0
17401_700,Tuesday,15,36,10.0,120.0
17387_700,Tuesday,15,11,180.0,180.0
4497_700,Tuesday,15,23,120.3,207.0
27964_700,Tuesday,15,74,130.4,804.0
5336_700,Tuesday,15,109,143.1,712.0
5343_700,Tuesday,15,106,33.6,428.0
10149_109,Tuesday,15,184,12.1,120.0
25529_700,Tuesday,15,32,0.0,0.0
5332_700,Tuesday,15,124,29.9,330.0
1547_700,Tuesday,15,378,0.2,69.0
17374_900,Tuesday,15,65,24.0,120.0
1551_700,Tuesday,15,597,20.3,383.0
5633_900,Tuesday,15,664,10.5,164.0
22691_700,Tuesday,15,306,118.4,859.0
1921_700,Tuesday,15,454,43.6,513.0
10170_109,Tuesday,15,300,14.6,120.0
17300_700,Tuesday,15,270,11.8,240.0
27291_700,Tuesday,15,142,739.4,3240.0
22451_700,Tuesday,15,59,55.4,249.0
10671_700,Tuesday,15,96,0.6,61.0
22687_700,Tuesday,15,134,78.5,393.0
27307_700,Tuesday,15,19,0.0,0.0
18369_700,Tuesday,15,185,50.4,505.0
22696_700,Tuesday,15,25,0.0,0.0
17307_700,Tuesday,15,84,397.9,1140.0
18359_700,Tuesday,15,64,466.9,896.0
17327_700,Tuesday,15,148,187.3,960.0
17341_700,Tuesday,15,593,79.8,720.0
17354_700,Tuesday,15,284,12.9,180.0
17380_700,Tuesday,15,102,57.6,360.0
15277_700,Tuesday,15,638,27.1,306.0
17323_700,Tuesday,15,280,54.2,420.0
17410_700,Tuesday,15,84,5.7,120.0
17744_700,Tuesday,15,83,274.7,1920.0
24046_100,Tuesday,15,32,33.8,420.0
17348_700,Tuesday,15,407,25.1,300.0
5344_700,Tuesday,15,54,131.9,375.0
5380_700,Tuesday,15,154,427.8,2362.0
17533_700,Tuesday,15,496,43.9,780.0
21947_700,Tuesday,15,134,27.6,338.0
16009_700,Tuesday,15,145,176.3,620.0
17460_900,Tuesday,15,1015,45.1,600.0
1558_900,Tuesday,15,580,9.8,257.0
18908_700,Tuesday,15,72,154.0,389.0
4512_700,Tuesday,15,28,278.5,384.0
5369_700,Tuesday,15,233,231.7,1204.0
16774_700,Tuesday,15,53,14.8,70.0
24053_100,Tuesday,15,159,131.7,720.0
18361_700,Tuesday,15,80,55.5,210.0
22701_700,Tuesday,15,108,4.0,186.0
29160_700,Tuesday,15,43,9.9,62.0
17378_700,Tuesday,15,377,101.4,600.0
29161_700,Tuesday,15,13,52.2,101.0
10682_700,Tuesday,15,203,76.7,287.0
27569_700,Tuesday,15,8,112.5,180.0
17454_700,Tuesday,15,310,100.3,1020.0
17461_700,Tuesday,15,488,25.0,300.0
17530_700,Tuesday,15,408,47.2,360.0
17536_700,Tuesday,15,180,42.0,180.0
27299_700,Tuesday,15,76,13.4,60.0
24043_100,Tuesday,15,28,17.1,240.0
5345_700,Tuesday,15,179,21.9,1116.0
10229_109,Tuesday,15,36,10.0,60.0
1934_700,Tuesday,15,48,19.4,62.0
26785_106,Tuesday,15,87,15.4,164.0
18922_700,Tuesday,15,146,178.1,495.0
22705_700,Tuesday,15,31,71.0,220.0
22739_700,Tuesday,15,108,64.1,382.0
17295_700,Tuesday,15,193,44.5,300.0
18370_700,Tuesday,15,215,59.7,278.0
7362_900,Tuesday,15,513,6.0,131.0
18898_700,Tuesday,15,83,58.7,191.0
26783_106,Tuesday,15,74,67.7,431.0
5363_700,Tuesday,15,75,40.0,323.0
18930_700,Tuesday,15,16,250.6,344.0
22708_700,Tuesday,15,159,0.6,51.0
18347_700,Tuesday,15,54,2536.5,5782.0
17318_700,Tuesday,15,323,730.4,1740.0
1923_700,Tuesday,15,753,26.7,366.0
17364_700,Tuesday,15,440,282.8,1260.0
13131_700,Tuesday,15,21,22.5,133.0
27290_700,Tuesday,15,295,719.8,5640.0
23154_700,Tuesday,15,150,69.6,360.0
17383_700,Tuesday,15,85,158.1,360.0
24056_100,Tuesday,15,54,314.4,1380.0
17338_900,Tuesday,15,294,-3.5,120.0
1549_700,Tuesday,15,764,6.0,131.0
27296_700,Tuesday,15,102,207.1,600.0
27275_700,Tuesday,15,343,27.6,360.0
10165_109,Tuesday,15,50,14.4,120.0
27280_700,Tuesday,15,91,123.3,420.0
18358_700,Tuesday,15,47,278.7,776.0
18349_700,Tuesday,15,28,4.1,52.0
22715_700,Tuesday,15,17,0.0,0.0
29140_700,Tuesday,15,32,171.2,258.0
13123_700,Tuesday,15,87,157.9,466.0
17390_700,Tuesday,15,107,86.4,420.0
10678_700,Tuesday,15,90,0.0,0.0
1881_900,Tuesday,15,25,19.9,124.0
27283_700,Tuesday,15,20,210.0,420.0
24052_100,Tuesday,15,46,427.8,1380.0
24049_100,Tuesday,15,84,49.3,720.0
17420_900,Tuesday,15,152,75.4,720.0
24045_100,Tuesday,15,110,10.4,240.0
5370_700,Tuesday,15,81,398.8,1489.0
5353_700,Tuesday,15,158,36.1,514.0
10162_109,Tuesday,15,261,27.1,240.0
1955_700,Tuesday,15,337,50.6,451.0
26787_106,Tuesday,15,15,0.0,0.0
22724_700,Tuesday,15,22,34.4,63.0
17418_900,Tuesday,15,95,19.6,120.0
1877_700,Tuesday,15,8,58.1,163.0
13108_700,Tuesday,15,45,193.7,603.0
17317_700,Tuesday,15,228,205.0,900.0
17331_700,Tuesday,15,168,52.1,240.0
29162_700,Tuesday,15,33,47.3,133.0
17619_700,Tuesday,15,83,255.9,600.0
10912_700,Tuesday,15,34,352.9,568.0
17412_700,Tuesday,15,112,1029.6,3540.0
17451_700,Tuesday,15,408,202.9,900.0
27292_700,Tuesday,15,119,63.5,180.0
19063_100,Tuesday,15,13,78.5,240.0
27937_700,Tuesday,15,133,74.3,213.0
1871_700,Tuesday,15,138,35.6,299.0
28805_700,Tuesday,15,21,104.8,196.0
22726_700,Tuesday,15,82,66.2,267.0
29152_700,Tuesday,15,27,35.6,66.0
17384_700,Tuesday,15,105,14.9,120.0
10143_109,Tuesday,15,280,15.0,120.0
24641_900,Tuesday,15,66,-3.6,60.0
27936_700,Tuesday,15,48,73.7,158.0
27954_700,Tuesday,15,147,171.1,1213.0
18909_700,Tuesday,15,278,193.9,598.0
17375_700,Tuesday,15,78,85.4,300.0
17393_700,Tuesday,15,85,773.6,1320.0
18941_700,Tuesday,15,17,56.2,195.0
10166_109,Tuesday,15,45,8.0,60.0
5352_700,Tuesday,15,76,518.8,6911.0
5355_700,Tuesday,15,78,47.9,304.0
13115_700,Tuesday,15,27,122.0,129.0
17351_700,Tuesday,15,70,6.9,120.0
13122_700,Tuesday,15,46,139.0,139.0
13110_700,Tuesday,15,43,229.5,362.0
17462_700,Tuesday,15,338,120.0,420.0
10276_109,Tuesday,15,108,10.0,120.0
28572_109,Tuesday,15,12,15.0,60.0
11536_109,Tuesday,15,32,18.8,120.0
18899_700,Tuesday,15,87,263.4,427.0
27947_700,Tuesday,15,197,32.2,369.0
27276_700,Tuesday,15,115,224.9,780.0
18360_700,Tuesday,15,140,225.3,859.0
10683_700,Tuesday,15,94,18.7,138.0
1870_700,Tuesday,15,35,1439.6,3536.0
18916_700,Tuesday,15,32,323.8,354.0
29103_700,Tuesday,15,31,98.0,159.0
1971_700,Tuesday,15,141,-10.3,0.0
26784_106,Tuesday,15,70,30.0,259.0
22686_700,Tuesday,15,80,20.5,224.0
17365_700,Tuesday,15,230,172.2,1140.0
15027_700,Tuesday,15,30,42.0,78.0
13125_700,Tuesday,15,39,77.0,137.0
15024_700,Tuesday,15,16,9.0,9.0
17309_700,Tuesday,15,153,280.8,840.0
17411_700,Tuesday,15,25,288.0,360.0
17415_700,Tuesday,15,34,125.3,360.0
19681_100,Tuesday,15,40,109.5,540.0
1882_900,Tuesday,15,15,30.9,133.0
1929_700,Tuesday,15,148,25.9,168.0
19059_100,Tuesday,15,55,108.0,720.0
10155_109,Tuesday,15,196,14.1,240.0
26793_106,Tuesday,15,24,7.4,91.0
26790_106,Tuesday,15,88,3.4,300.0
18900_700,Tuesday,15,89,278.2,516.0
22703_700,Tuesday,15,128,51.0,630.0
22719_700,Tuesday,15,12,0.0,0.0
22722_700,Tuesday,15,75,40.8,462.0
13113_700,Tuesday,15,100,268.9,1022.0
16733_700,Tuesday,15,101,6.8,208.0
27916_700,Tuesday,15,102,0.0,0.0
1931_700,Tuesday,15,151,50.2,432.0
27968_700,Tuesday,15,87,303.2,932.0
5379_700,Tuesday,15,243,237.0,1397.0
28260_900,Tuesday,15,120,-16.5,120.0
10158_109,Tuesday,15,200,19.2,180.0
18920_700,Tuesday,15,161,130.7,325.0
18365_700,Tuesday,15,69,43.3,944.0
6618_700,Tuesday,15,49,186.1,326.0
13127_700,Tuesday,15,101,812.2,1448.0
15025_700,Tuesday,15,19,68.0,68.0
10150_109,Tuesday,15,18,13.3,60.0
10224_109,Tuesday,15,280,65.4,420.0
22453_700,Tuesday,15,34,957.7,2399.0
20813_100,Tuesday,15,32,0.0,0.0
4521_700,Tuesday,15,64,70.6,132.0
17407_700,Tuesday,15,15,40.0,60.0
27942_700,Tuesday,15,23,170.0,251.0
27944_700,Tuesday,15,32,-0.5,54.0
27946_700,Tuesday,15,26,14.4,125.0
27950_700,Tuesday,15,24,55.2,169.0
6626_700,Tuesday,15,36,120.6,250.0
18364_700,Tuesday,15,99,148.2,518.0
21725_700,Tuesday,15,63,15.7,33.0
27269_700,Tuesday,15,85,3.5,120.0
27293_700,Tuesday,15,63,194.3,300.0
15624_700,Tuesday,15,40,150.3,383.0
17382_700,Tuesday,15,58,13.4,120.0
1880_900,Tuesday,15,20,-10.3,60.0
17534_700,Tuesday,15,100,145.2,540.0
5333_700,Tuesday,15,84,-0.0,0.0
5341_700,Tuesday,15,95,-0.9,75.0
22710_700,Tuesday,15,66,2.5,33.0
22717_700,Tuesday,15,66,19.2,87.0
27915_700,Tuesday,15,149,58.6,591.0
20810_700,Tuesday,15,18,6.7,60.0
5334_700,Tuesday,15,56,9.4,180.0
16345_100,Tuesday,15,39,1.5,60.0
1945_700,Tuesday,15,248,15.4,210.0
9696_700,Tuesday,15,27,17.2,93.0
13132_700,Tuesday,15,26,102.5,133.0
29153_700,Tuesday,15,22,24.1,127.0
10673_700,Tuesday,15,42,0.0,0.0
27289_700,Tuesday,15,98,18.4,660.0
5337_700,Tuesday,15,149,96.7,487.0
17315_700,Tuesday,15,275,176.3,780.0
27934_700,Tuesday,15,175,128.8,452.0
27953_700,Tuesday,15,46,39.6,178.0
28399_700,Tuesday,15,14,111.5,152.0
22700_700,Tuesday,15,45,129.0,252.0
4505_700,Tuesday,15,25,28.8,127.0
22723_700,Tuesday,15,52,33.6,194.0
17297_700,Tuesday,15,385,103.6,360.0
17372_700,Tuesday,15,283,77.0,1020.0
27288_700,Tuesday,15,26,0.0,0.0
5346_700,Tuesday,15,80,14.1,132.0
18356_700,Tuesday,15,9,88.4,161.0
1936_700,Tuesday,15,37,-98.0,538.0
28803_700,Tuesday,15,15,237.3,327.0
18893_700,Tuesday,15,28,28.0,125.0
28259_100,Tuesday,15,124,64.4,600.0
29165_700,Tuesday,15,6,0.0,0.0
13118_700,Tuesday,15,103,200.4,442.0
13104_700,Tuesday,15,8,82.4,201.0
17344_700,Tuesday,15,69,83.5,360.0
10142_109,Tuesday,15,265,32.4,240.0
24048_100,Tuesday,15,21,-54.3,0.0
27969_700,Tuesday,15,137,142.5,767.0
5335_700,Tuesday,15,125,34.8,273.0
25489_700,Tuesday,15,24,90.4,136.0
27956_700,Tuesday,15,33,137.7,525.0
20845_700,Tuesday,15,30,51.1,136.0
5368_700,Tuesday,15,223,93.5,718.0
18915_700,Tuesday,15,43,60.5,129.0
22725_700,Tuesday,15,43,0.0,0.0
15020_700,Tuesday,15,7,8.7,61.0
5378_700,Tuesday,15,201,217.1,1133.0
17332_700,Tuesday,15,15,12.0,60.0
27935_700,Tuesday,15,67,44.0,203.0
26789_106,Tuesday,15,8,0.0,0.0
27959_700,Tuesday,15,121,65.3,217.0
18938_700,Tuesday,15,17,87.9,148.0
4519_700,Tuesday,15,17,56.1,211.0
22694_700,Tuesday,15,28,0.0,0.0
21159_700,Tuesday,15,2,33.0,66.0
27274_700,Tuesday,15,74,833.5,3540.0
3975_700,Tuesday,15,52,-25.9,483.0
18353_700,Tuesday,15,66,122.9,426.0
22695_700,Tuesday,15,71,205.6,736.0
27963_700,Tuesday,15,129,177.3,1057.0
5365_700,Tuesday,15,179,245.5,1594.0
25906_700,Tuesday,15,15,78.0,83.0
4520_700,Tuesday,15,36,202.4,327.0
17385_700,Tuesday,15,57,143.2,240.0
27308_700,Tuesday,15,18,0.0,0.0
5350_700,Tuesday,15,119,2.0,60.0
27277_700,Tuesday,15,109,91.9,780.0
28109_700,Tuesday,15,29,14.5,60.0
18928_700,Tuesday,15,7,348.9,349.0
4504_700,Tuesday,15,54,314.6,555.0
22707_700,Tuesday,15,44,92.8,424.0
13418_700,Tuesday,15,43,147.2,234.0
22702_700,Tuesday,15,112,46.6,399.0
29101_700,Tuesday,15,60,2.5,53.0
29169_700,Tuesday,15,36,73.9,137.0
28806_700,Tuesday,15,70,110.4,218.0
18939_700,Tuesday,15,115,265.8,699.0
17279_700,Tuesday,15,113,141.2,480.0
5354_700,Tuesday,15,73,26.4,150.0
1939_700,Tuesday,15,173,51.5,303.0
27268_700,Tuesday,15,13,0.0,0.0
5339_700,Tuesday,15,198,20.1,283.0
4498_700,Tuesday,15,48,102.9,210.0
13107_700,Tuesday,15,34,232.9,275.0
17312_700,Tuesday,15,76,50.5,300.0
17388_700,Tuesday,15,10,0.0,0.0
19019_700,Tuesday,15,22,-21.8,0.0
27297_700,Tuesday,15,14,0.0,0.0
27300_700,Tuesday,15,165,89.5,540.0
13443_700,Tuesday,15,33,57.4,126.0
10227_109,Tuesday,15,224,30.0,240.0
10157_109,Tuesday,15,320,27.8,180.0
5351_700,Tuesday,15,37,132.1,462.0
13114_700,Tuesday,15,18,131.0,131.0
5377_700,Tuesday,15,80,21.1,282.0
5362_700,Tuesday,15,78,84.5,236.0
18892_700,Tuesday,15,19,92.6,147.0
18888_700,Tuesday,15,12,87.1,128.0
22704_700,Tuesday,15,26,157.7,861.0
20369_100,Tuesday,15,12,5.0,120.0
24057_100,Tuesday,15,56,8.6,180.0
1879_900,Tuesday,15,4,26.0,71.0
10675_700,Tuesday,15,3,633.0,633.0
16735_700,Tuesday,15,99,94.3,361.0
4511_700,Tuesday,15,71,82.4,116.0
5371_700,Tuesday,15,154,195.3,1307.0
17296_700,Tuesday,15,75,90.4,240.0
17527_700,Tuesday,15,9,13.3,120.0
27945_700,Tuesday,15,123,109.3,367.0
27961_700,Tuesday,15,92,37.3,376.0
27943_700,Tuesday,15,72,158.3,735.0
27948_700,Tuesday,15,72,16.9,132.0
5382_700,Tuesday,15,6,0.0,0.0
18911_700,Tuesday,15,111,129.2,499.0
22624_700,Tuesday,15,27,102.8,159.0
29167_700,Tuesday,15,38,27.1,215.0
18945_700,Tuesday,15,135,44.0,271.0
28571_109,Tuesday,15,6,0.0,0.0
22711_700,Tuesday,15,110,407.6,2052.0
27941_700,Tuesday,15,45,24.3,118.0
29102_700,Tuesday,15,55,63.4,452.0
13105_700,Tuesday,15,76,134.0,333.0
24042_100,Tuesday,15,75,-1.6,120.0
22390_700,Tuesday,15,72,52.5,180.0
17414_700,Tuesday,15,80,81.7,360.0
22706_700,Tuesday,15,79,5.2,160.0
20812_100,Tuesday,15,11,0.0,0.0
10677_700,Tuesday,15,30,-59.6,0.0
4502_700,Tuesday,15,23,82.3,143.0
18346_700,Tuesday,15,11,253.6,437.0
27278_700,Tuesday,15,42,32.9,300.0
28800_700,Tuesday,15,21,191.9,202.0
18348_700,Tuesday,15,23,63.4,142.0
27294_700,Tuesday,15,1,0.0,0.0
10159_109,Tuesday,15,30,12.0,120.0
18350_700,Tuesday,15,113,87.7,244.0
1874_700,Tuesday,15,4,143.8,255.0
18371_700,Tuesday,15,36,197.2,378.0
28712_700,Tuesday,15,4,120.0,120.0
10226_109,Tuesday,15,224,2.1,60.0
29104_700,Tuesday,15,17,-142.9,80.0
19065_100,Tuesday,15,14,115.7,300.0
1920_700,Tuesday,15,95,49.7,289.0
18889_700,Tuesday,15,27,67.9,72.0
4493_700,Tuesday,15,29,63.2,167.0
26781_700,Tuesday,15,67,378.8,780.0
22718_700,Tuesday,15,6,102.2,285.0
10679_700,Tuesday,15,125,110.8,927.0
15026_700,Tuesday,15,11,0.0,0.0
22452_700,Tuesday,15,16,16.5,67.0
20930_700,Tuesday,15,69,335.1,536.0
22690_700,Tuesday,15,75,120.9,648.0
27960_700,Tuesday,15,19,166.2,217.0
6625_700,Tuesday,15,9,151.7,192.0
18343_700,Tuesday,15,51,9.3,68.0
13133_700,Tuesday,15,49,215.4,275.0
27267_700,Tuesday,15,23,0.0,0.0
27965_700,Tuesday,15,79,22.3,67.0
17406_700,Tuesday,15,26,71.5,180.0
16214_700,Tuesday,15,5,172.0,224.0
18934_700,Tuesday,15,34,166.7,336.0
17336_700,Tuesday,15,33,58.2,120.0
17399_700,Tuesday,15,27,237.8,300.0
17392_700,Tuesday,15,24,62.5,240.0
1922_700,Tuesday,15,26,177.0,267.0
28801_700,Tuesday,15,27,87.3,133.0
10672_700,Tuesday,15,33,41.2,70.0
27310_700,Tuesday,15,18,0.0,0.0
5358_700,Tuesday,15,34,31.0,441.0
18341_700,Tuesday,15,52,48.3,196.0
18884_700,Tuesday,15,48,359.0,523.0
27938_700,Tuesday,15,16,305.9,328.0
6617_700,Tuesday,15,22,48.3,71.0
4492_700,Tuesday,15,12,61.9,62.0
24759_700,Tuesday,15,105,100.8,240.0
4496_700,Tuesday,15,3,733.7,734.0
18913_700,Tuesday,15,132,211.8,477.0
18368_700,Tuesday,15,30,4.1,68.0
19079_700,Tuesday,15,28,114.1,332.0
22689_700,Tuesday,15,64,89.9,411.0
27967_700,Tuesday,15,49,54.4,200.0
18917_700,Tuesday,15,25,94.6,135.0
22721_700,Tuesday,15,22,171.4,627.0
29166_700,Tuesday,15,14,132.9,254.0
18339_700,Tuesday,15,2,-36.5,0.0
18351_700,Tuesday,15,22,243.3,383.0
27939_700,Tuesday,15,38,187.6,274.0
5338_700,Tuesday,15,21,20.6,91.0
18906_700,Tuesday,15,31,155.7,277.0
22688_700,Tuesday,15,11,409.6,412.0
5359_700,Tuesday,15,32,2089.7,6551.0
29163_700,Tuesday,15,17,85.8,402.0
24718_700,Tuesday,15,4,225.2,1029.0
21726_700,Tuesday,15,36,705.0,751.0
23444_700,Tuesday,15,22,65.7,96.0
17353_700,Tuesday,15,32,-13.1,0.0
28799_700,Tuesday,15,22,246.1,296.0
16349_100,Tuesday,15,20,33.0,180.0
10913_700,Tuesday,15,63,216.6,619.0
25904_700,Tuesday,15,18,94.7,231.0
13889_700,Tuesday,15,50,438.0,703.0
29155_700,Tuesday,15,6,73.0,73.0
13134_700,Tuesday,15,21,65.1,88.0
27957_700,Tuesday,15,38,-21.1,27.0
15711_700,Tuesday,15,24,0.0,0.0
18921_700,Tuesday,15,40,145.7,238.0
4503_700,Tuesday,15,65,292.8,741.0
1872_700,Tuesday,15,3,59.7,133.0
18354_700,Tuesday,15,12,170.5,201.0
18355_700,Tuesday,15,21,127.3,229.0
17403_700,Tuesday,15,6,60.0,60.0
29148_700,Tuesday,15,26,203.9,369.0
18924_700,Tuesday,15,15,170.6,267.0
29147_700,Tuesday,15,9,0.0,0.0
13120_700,Tuesday,15,25,0.0,0.0
1933_700,Tuesday,15,6,16.0,24.0
6620_700,Tuesday,15,61,66.8,261.0
17391_700,Tuesday,15,10,-12.0,0.0
13136_700,Tuesday,15,54,325.1,429.0
13126_700,Tuesday,15,61,133.4,469.0
5356_700,Tuesday,15,31,4.9,67.0
29143_700,Tuesday,15,2,37.5,75.0
6621_700,Tuesday,15,14,6.6,74.0
18935_700,Tuesday,15,75,211.9,419.0
4516_700,Tuesday,15,27,117.1,213.0
24864_109,Tuesday,15,9,6.7,60.0
25905_700,Tuesday,15,17,32.8,62.0
18891_700,Tuesday,15,23,42.1,128.0
22424_700,Tuesday,15,23,61.8,68.0
10914_700,Tuesday,15,16,74.9,75.0
13111_700,Tuesday,15,2,210.0,210.0
5249_700,Tuesday,15,195,220.5,579.0
5248_700,Tuesday,15,77,111.6,358.0
5235_700,Tuesday,15,115,222.6,439.0
5240_700,Tuesday,15,19,141.4,191.0
4253_700,Tuesday,15,4,18.2,34.0
21750_700,Tuesday,15,28,169.6,182.0
5238_700,Tuesday,15,112,6938.7,36536.0
4225_700,Tuesday,15,30,22.2,59.0
21749_700,Tuesday,15,10,24.9,62.0
19244_700,Tuesday,15,11,118.2,160.0
4242_700,Tuesday,15,186,278.7,536.0
19123_700,Tuesday,15,16,70.1,154.0
4226_700,Tuesday,15,68,101.5,231.0
4237_700,Tuesday,15,27,-4.7,96.0
4235_700,Tuesday,15,31,165.8,459.0
4234_700,Tuesday,15,22,112.5,175.0
4232_700,Tuesday,15,7,16.6,29.0
4236_700,Tuesday,15,30,54.6,131.0
19121_700,Tuesday,15,64,114.6,261.0
4266_700,Tuesday,15,26,541.8,836.0
23435_700,Tuesday,15,2,-33.0,0.0
4244_700,Tuesday,15,40,213.8,380.0
4240_700,Tuesday,15,71,221.9,539.0
4239_700,Tuesday,15,44,65.6,190.0
23724_700,Tuesday,15,18,112.7,155.0
24694_700,Tuesday,15,46,192.6,359.0
4258_700,Tuesday,15,61,33.0,258.0
7251_700,Tuesday,15,28,77.9,133.0
4227_700,Tuesday,15,36,101.5,164.0
26454_700,Tuesday,15,11,74.5,130.0
19115_700,Tuesday,15,7,200.1,222.0
19106_700,Tuesday,15,20,99.4,151.0
19112_700,Tuesday,15,6,-7.2,14.0
18897_700,Tuesday,15,27,88.2,145.0
19133_700,Tuesday,15,28,50.2,124.0
27044_700,Tuesday,15,12,120.8,270.0
5258_700,Tuesday,15,39,84.2,260.0
5237_700,Tuesday,15,92,388.2,570.0
5254_700,Tuesday,15,19,63.4,107.0
18345_700,Tuesday,15,14,57.4,119.0
5265_700,Tuesday,15,2,-24.0,0.0
5250_700,Tuesday,15,38,142.8,372.0
5239_700,Tuesday,15,44,531.4,905.0
5241_700,Tuesday,15,124,110.0,278.0
19116_700,Tuesday,15,31,118.2,203.0
13729_700,Tuesday,15,12,42.3,80.0
4287_700,Tuesday,15,95,252.9,486.0
22775_700,Tuesday,15,9,258.9,259.0
20479_700,Tuesday,15,22,105.0,387.0
19122_700,Tuesday,15,6,56.7,70.0
5236_700,Tuesday,15,67,245.1,526.0
5246_700,Tuesday,15,1,0.0,0.0
16374_700,Tuesday,15,85,76.1,291.0
4270_700,Tuesday,15,33,98.3,220.0
4222_700,Tuesday,15,14,56.0,85.0
19127_700,Tuesday,15,153,129.9,302.0
4243_700,Tuesday,15,67,196.5,1019.0
4224_700,Tuesday,15,30,347.5,561.0
5256_700,Tuesday,15,81,263.8,448.0
4247_700,Tuesday,15,59,298.8,411.0
19109_700,Tuesday,15,15,138.6,212.0
4256_700,Tuesday,15,40,62.8,234.0
5251_700,Tuesday,15,51,97.6,285.0
5260_700,Tuesday,15,17,69.5,71.0
18344_700,Tuesday,15,2,62.0,76.0
4248_700,Tuesday,15,37,105.1,173.0
5253_700,Tuesday,15,27,362.9,411.0
5268_700,Tuesday,15,42,279.3,417.0
5255_700,Tuesday,15,19,14.5,137.0
22454_700,Tuesday,15,4,65.8,66.0
4261_700,Tuesday,15,38,225.9,389.0
28804_700,Tuesday,15,13,61.9,62.0
19108_700,Tuesday,15,8,-5.0,212.0
19705_700,Tuesday,15,44,126.8,600.0
19124_700,Tuesday,15,30,141.1,166.0
4238_700,Tuesday,15,19,234.2,302.0
13116_700,Tuesday,15,130,549.6,934.0
27958_700,Tuesday,15,50,165.7,274.0
10911_700,Tuesday,15,20,69.9,130.0
27949_700,Tuesday,15,8,-6.0,0.0
19113_700,Tuesday,15,3,-53.3,10.0
18969_100,Tuesday,15,4,-105.0,0.0
6624_700,Tuesday,15,19,55.4,63.0
18929_700,Tuesday,15,63,78.0,129.0
20969_700,Tuesday,15,21,136.0,209.0
25354_700,Tuesday,15,25,68.3,204.0
27951_700,Tuesday,15,41,175.1,376.0
18926_700,Tuesday,15,30,423.9,430.0
5263_3,Tuesday,15,8,254.1,545.0
4495_700,Tuesday,15,44,419.2,821.0
16354_700,Tuesday,15,21,77.0,158.0
19119_700,Tuesday,15,63,208.3,363.0
19110_700,Tuesday,15,22,70.0,70.0
19103_700,Tuesday,15,30,29.5,33.0
14755_700,Tuesday,15,13,358.1,360.0
5262_700,Tuesday,15,45,105.6,269.0
18927_700,Tuesday,15,38,191.0,332.0
18937_700,Tuesday,15,102,256.9,728.0
18940_700,Tuesday,15,10,553.9,554.0
23944_100,Tuesday,15,5,0.0,0.0
29144_700,Tuesday,15,16,6.6,64.0
14979_700,Tuesday,15,15,15.6,136.0
4514_700,Tuesday,15,28,111.4,289.0
1926_700,Tuesday,15,40,117.7,205.0
29141_700,Tuesday,15,20,198.0,198.0
4231_700,Tuesday,15,11,329.3,919.0
19114_700,Tuesday,15,22,406.0,424.0
27955_700,Tuesday,15,11,0.0,0.0
18363_700,Tuesday,15,14,-26.3,0.0
20969_700,Tuesday,19,10,1556.9,3114.0
28311_100,Tuesday,19,41,4.4,180.0
7361_700,Tuesday,19,260,6.0,299.0
5369_700,Tuesday,19,121,48.5,491.0
1548_700,Tuesday,19,791,6.0,341.0
1551_700,Tuesday,19,343,5.0,135.0
1549_700,Tuesday,19,357,2.7,298.0
5633_900,Tuesday,19,710,1.5,203.0
1556_900,Tuesday,19,375,1.9,136.0
1955_700,Tuesday,19,235,-7.0,206.0
17453_700,Tuesday,19,750,11.8,540.0
15274_700,Tuesday,19,573,0.9,167.0
340_900,Tuesday,19,251,-3.5,69.0
1550_700,Tuesday,19,122,1.6,65.0
13438_900,Tuesday,19,411,0.4,74.0
5635_900,Tuesday,19,1262,4.4,181.0
21947_700,Tuesday,19,113,-6.7,81.0
18352_700,Tuesday,19,10,0.0,0.0
17523_400,Tuesday,19,1280,6.0,180.0
24050_100,Tuesday,19,86,10.5,300.0
1546_700,Tuesday,19,367,0.7,122.0
5366_700,Tuesday,19,30,123.9,969.0
26788_106,Tuesday,19,60,2.7,68.0
16915_700,Tuesday,19,148,2.7,132.0
15277_700,Tuesday,19,420,4.1,165.0
5339_700,Tuesday,19,110,4.0,201.0
1547_700,Tuesday,19,264,1.5,207.0
10226_109,Tuesday,19,438,157.8,1260.0
7362_900,Tuesday,19,244,1.6,87.0
27276_700,Tuesday,19,114,0.0,0.0
1921_700,Tuesday,19,228,-1.8,133.0
28109_700,Tuesday,19,42,0.0,0.0
20813_100,Tuesday,19,16,0.0,0.0
10676_700,Tuesday,19,165,13.3,462.0
27959_700,Tuesday,19,78,49.1,275.0
24045_100,Tuesday,19,134,0.4,120.0
5596_700,Tuesday,19,187,1.8,144.0
5337_700,Tuesday,19,20,0.0,0.0
27277_700,Tuesday,19,78,0.0,0.0
15276_700,Tuesday,19,242,1.7,146.0
22714_700,Tuesday,19,64,0.0,0.0
16859_700,Tuesday,19,81,0.0,0.0
10227_109,Tuesday,19,309,194.2,1440.0
343_900,Tuesday,19,188,-2.5,1.0
26790_106,Tuesday,19,61,4.4,120.0
17465_700,Tuesday,19,724,-7.2,720.0
10143_109,Tuesday,19,220,4.4,60.0
15959_700,Tuesday,19,140,0.0,0.0
16009_700,Tuesday,19,149,-0.0,121.0
24056_100,Tuesday,19,43,-15.3,0.0
5379_700,Tuesday,19,174,7.0,103.0
5384_700,Tuesday,19,124,37.7,176.0
5332_700,Tuesday,19,60,44.4,255.0
27969_700,Tuesday,19,67,156.0,617.0
1925_700,Tuesday,19,206,-6.2,1321.0
18360_700,Tuesday,19,94,32.4,247.0
10673_700,Tuesday,19,28,0.0,0.0
1938_700,Tuesday,19,160,12.7,60.0
22708_700,Tuesday,19,90,48.8,197.0
17448_700,Tuesday,19,618,5.0,180.0
27285_700,Tuesday,19,11,0.0,0.0
336_700,Tuesday,19,67,0.0,0.0
26785_106,Tuesday,19,90,4.8,183.0
21725_700,Tuesday,19,36,0.0,0.0
17333_700,Tuesday,19,228,-13.2,120.0
17514_400,Tuesday,19,781,-1.2,120.0
27275_700,Tuesday,19,222,0.0,0.0
1945_700,Tuesday,19,144,-1.1,70.0
4477_700,Tuesday,19,88,-0.4,152.0
22717_700,Tuesday,19,17,0.0,0.0
23415_700,Tuesday,19,634,274.8,1740.0
10296_700,Tuesday,19,43,6.3,136.0
5370_700,Tuesday,19,113,26.9,197.0
5381_700,Tuesday,19,213,6.3,98.0
19059_100,Tuesday,19,55,63.3,480.0
1558_900,Tuesday,19,80,9.1,253.0
26789_106,Tuesday,19,4,0.0,0.0
27300_700,Tuesday,19,88,2.7,60.0
1923_700,Tuesday,19,308,-78.0,1796.0
22804_700,Tuesday,19,182,16.5,179.0
19058_100,Tuesday,19,156,63.5,1140.0
4456_700,Tuesday,19,126,1.1,83.0
26793_106,Tuesday,19,18,0.0,0.0
22691_700,Tuesday,19,160,73.5,382.0
10674_700,Tuesday,19,63,4.1,234.0
15273_700,Tuesday,19,102,5.3,168.0
10223_109,Tuesday,19,698,222.7,1560.0
26784_106,Tuesday,19,62,0.0,0.0
27289_700,Tuesday,19,36,90.0,180.0
5378_700,Tuesday,19,172,-1.7,127.0
1971_700,Tuesday,19,140,6.9,418.0
27280_700,Tuesday,19,51,0.0,0.0
1930_700,Tuesday,19,154,51.1,512.0
10224_109,Tuesday,19,404,605.2,1560.0
10682_700,Tuesday,19,78,3.2,124.0
5380_700,Tuesday,19,50,25.0,120.0
5372_700,Tuesday,19,44,28.0,156.0
5352_700,Tuesday,19,28,66.5,190.0
17531_700,Tuesday,19,100,0.6,120.0
18354_700,Tuesday,19,27,-27.7,124.0
1931_700,Tuesday,19,60,1.6,74.0
3713_700,Tuesday,19,71,0.0,0.0
24052_100,Tuesday,19,57,76.8,600.0
24025_100,Tuesday,19,251,362.6,3540.0
5377_700,Tuesday,19,59,0.0,0.0
22712_700,Tuesday,19,100,38.8,186.0
5368_700,Tuesday,19,121,57.4,288.0
13113_700,Tuesday,19,53,137.8,180.0
17537_700,Tuesday,19,84,-0.7,120.0
17418_900,Tuesday,19,114,-1.1,0.0
18357_700,Tuesday,19,16,0.0,0.0
17518_400,Tuesday,19,532,3.9,180.0
24049_100,Tuesday,19,59,188.1,720.0
27288_700,Tuesday,19,53,1.6,36.0
18350_700,Tuesday,19,63,16.2,148.0
27296_700,Tuesday,19,74,103.0,360.0
24044_100,Tuesday,19,10,0.0,0.0
5363_700,Tuesday,19,60,8.0,81.0
1929_700,Tuesday,19,52,0.0,0.0
10141_109,Tuesday,19,376,5.6,120.0
5631_700,Tuesday,19,8,-5.2,53.0
24057_100,Tuesday,19,58,17.6,180.0
5365_700,Tuesday,19,84,66.2,464.0
18369_700,Tuesday,19,37,-241.0,110.0
27279_700,Tuesday,19,34,271.8,840.0
25529_700,Tuesday,19,25,4.5,197.0
5335_700,Tuesday,19,16,0.0,0.0
26783_106,Tuesday,19,104,46.4,354.0
18930_700,Tuesday,19,38,0.0,0.0
1928_700,Tuesday,19,90,-68.8,68.0
18361_700,Tuesday,19,44,16.0,106.0
5345_700,Tuesday,19,158,16.3,254.0
26787_106,Tuesday,19,10,0.0,0.0
22726_700,Tuesday,19,17,0.0,0.0
17456_700,Tuesday,19,757,21.7,420.0
27290_700,Tuesday,19,116,64.1,240.0
20810_700,Tuesday,19,18,0.0,0.0
18353_700,Tuesday,19,25,23.1,150.0
10144_109,Tuesday,19,149,6.4,120.0
5376_700,Tuesday,19,71,0.0,0.0
26791_106,Tuesday,19,8,0.0,0.0
17302_700,Tuesday,19,323,38.3,540.0
337_700,Tuesday,19,68,0.0,0.0
17300_700,Tuesday,19,310,38.3,120.0
17360_700,Tuesday,19,330,48.9,360.0
17455_700,Tuesday,19,672,-0.2,420.0
27945_700,Tuesday,19,71,23.7,166.0
17460_900,Tuesday,19,987,-2.7,360.0
13118_700,Tuesday,19,6,0.0,0.0
18949_109,Tuesday,19,142,0.8,60.0
24042_100,Tuesday,19,103,20.4,600.0
17422_900,Tuesday,19,328,-6.6,60.0
27291_700,Tuesday,19,59,0.0,0.0
5362_700,Tuesday,19,33,4.8,60.0
17525_400,Tuesday,19,548,5.1,240.0
27963_700,Tuesday,19,14,630.7,635.0
19065_100,Tuesday,19,11,0.0,0.0
17311_700,Tuesday,19,301,-2.6,60.0
17463_900,Tuesday,19,198,-0.3,60.0
10157_109,Tuesday,19,303,9.7,120.0
17535_700,Tuesday,19,309,6.6,180.0
17334_700,Tuesday,19,340,39.2,660.0
17538_700,Tuesday,19,469,12.5,240.0
17526_400,Tuesday,19,333,1.1,240.0
17438_900,Tuesday,19,238,-1.0,60.0
17306_700,Tuesday,19,888,132.7,1740.0
17372_700,Tuesday,19,212,-2.5,300.0
17440_900,Tuesday,19,824,225.1,1320.0
17335_700,Tuesday,19,341,13.2,240.0
17416_900,Tuesday,19,384,-0.0,240.0
17459_900,Tuesday,19,740,1.4,300.0
5353_700,Tuesday,19,112,26.6,297.0
20369_100,Tuesday,19,12,0.0,0.0
17352_900,Tuesday,19,84,0.0,0.0
23945_100,Tuesday,19,126,21.4,720.0
17338_900,Tuesday,19,245,-1.0,60.0
13111_700,Tuesday,19,12,73.0,73.0
29150_700,Tuesday,19,18,62.0,62.0
17515_400,Tuesday,19,576,3.5,420.0
5382_700,Tuesday,19,24,22.5,60.0
17452_900,Tuesday,19,819,-1.4,180.0
18914_700,Tuesday,19,11,62.9,63.0
17339_700,Tuesday,19,532,3.2,240.0
17320_700,Tuesday,19,343,-1.6,300.0
17363_700,Tuesday,19,113,3.2,180.0
28802_700,Tuesday,19,17,12.0,62.0
17364_700,Tuesday,19,470,842.9,3540.0
26786_106,Tuesday,19,56,39.6,180.0
23154_700,Tuesday,19,73,-0.8,0.0
17450_700,Tuesday,19,192,4.4,180.0
13107_700,Tuesday,19,17,62.0,62.0
29140_700,Tuesday,19,27,68.4,337.0
5344_700,Tuesday,19,12,14.5,103.0
10148_109,Tuesday,19,296,0.8,60.0
17413_700,Tuesday,19,34,0.0,0.0
17447_700,Tuesday,19,366,7.7,180.0
17393_700,Tuesday,19,84,26.4,120.0
17532_700,Tuesday,19,312,30.6,300.0
5607_700,Tuesday,19,35,0.0,0.0
17427_900,Tuesday,19,150,-4.8,0.0
17444_900,Tuesday,19,112,0.5,60.0
17309_700,Tuesday,19,163,10.3,180.0
26780_700,Tuesday,19,78,2.3,60.0
19009_700,Tuesday,19,11,26.2,31.0
17381_700,Tuesday,19,324,57.4,540.0
17451_700,Tuesday,19,345,35.8,660.0
17329_700,Tuesday,19,121,14.4,480.0
17458_700,Tuesday,19,506,279.4,2040.0
10170_109,Tuesday,19,296,3.6,60.0
17328_700,Tuesday,19,226,18.8,240.0
17295_700,Tuesday,19,174,31.7,480.0
4223_700,Tuesday,19,85,75.2,183.0
17292_700,Tuesday,19,234,259.7,1380.0
17324_900,Tuesday,19,266,-1.1,120.0
17421_900,Tuesday,19,54,0.0,0.0
17368_700,Tuesday,19,190,9.8,60.0
17530_700,Tuesday,19,269,75.6,600.0
17533_700,Tuesday,19,422,83.9,660.0
17307_700,Tuesday,19,74,131.4,360.0
18945_700,Tuesday,19,87,138.9,405.0
17437_700,Tuesday,19,160,75.7,840.0
19126_700,Tuesday,19,52,171.3,183.0
27952_700,Tuesday,19,219,56.6,265.0
18898_700,Tuesday,19,103,99.4,269.0
17314_700,Tuesday,19,309,225.6,1140.0
17516_400,Tuesday,19,40,1.5,60.0
17442_900,Tuesday,19,594,18.6,420.0
17343_700,Tuesday,19,68,36.2,120.0
4520_700,Tuesday,19,12,373.5,599.0
24053_100,Tuesday,19,123,273.2,2700.0
4256_700,Tuesday,19,14,73.3,143.0
17454_700,Tuesday,19,255,35.3,480.0
17313_700,Tuesday,19,140,14.1,180.0
17420_900,Tuesday,19,187,8.3,180.0
22451_700,Tuesday,19,10,12.9,13.0
17373_700,Tuesday,19,178,8.8,120.0
17424_900,Tuesday,19,402,-3.3,60.0
17349_700,Tuesday,19,399,20.5,240.0
17315_700,Tuesday,19,190,11.1,180.0
20364_700,Tuesday,19,21,43.2,69.0
4245_700,Tuesday,19,11,78.1,158.0
16354_700,Tuesday,19,55,1047.1,3352.0
17370_700,Tuesday,19,158,16.7,240.0
17464_700,Tuesday,19,164,8.4,360.0
17446_900,Tuesday,19,161,0.4,180.0
17281_700,Tuesday,19,70,1.7,60.0
17301_900,Tuesday,19,145,0.4,120.0
17362_700,Tuesday,19,243,17.5,300.0
17361_700,Tuesday,19,143,18.5,120.0
18911_700,Tuesday,19,27,9.9,33.0
18922_700,Tuesday,19,89,88.9,153.0
17400_700,Tuesday,19,86,12.6,60.0
17323_700,Tuesday,19,161,19.0,120.0
5238_700,Tuesday,19,63,95.3,192.0
17379_700,Tuesday,19,169,124.3,840.0
17356_700,Tuesday,19,289,13.3,540.0
5239_700,Tuesday,19,60,88.7,252.0
17322_700,Tuesday,19,147,209.4,1020.0
5254_3,Tuesday,19,26,331.5,866.0
17346_700,Tuesday,19,82,-2.2,0.0
17419_900,Tuesday,19,117,-0.5,60.0
17294_700,Tuesday,19,116,2.6,180.0
17520_700,Tuesday,19,146,-2.1,120.0
17461_700,Tuesday,19,455,5.5,120.0
17326_700,Tuesday,19,140,15.9,180.0
22754_700,Tuesday,19,408,4.1,120.0
17529_700,Tuesday,19,349,39.5,420.0
17290_700,Tuesday,19,384,30.3,240.0
17310_700,Tuesday,19,241,26.6,300.0
17512_400,Tuesday,19,20,0.0,0.0
13122_700,Tuesday,19,2,33.0,66.0
5241_700,Tuesday,19,92,163.4,399.0
17445_700,Tuesday,19,226,11.9,180.0
4243_700,Tuesday,19,41,133.9,270.0
18920_700,Tuesday,19,134,58.8,147.0
18909_700,Tuesday,19,142,25.5,93.0
17441_700,Tuesday,19,1034,88.0,1140.0
10145_109,Tuesday,19,186,17.7,180.0
19066_100,Tuesday,19,120,77.0,480.0
10149_109,Tuesday,19,206,4.7,60.0
10166_109,Tuesday,19,42,14.3,120.0
22240_109,Tuesday,19,194,3.7,60.0
28572_109,Tuesday,19,4,30.0,120.0
10158_109,Tuesday,19,184,6.2,120.0
18923_700,Tuesday,19,42,114.6,199.0
18931_700,Tuesday,19,94,110.2,228.0
10165_109,Tuesday,19,41,5.9,60.0
17462_700,Tuesday,19,313,1.2,180.0
17425_900,Tuesday,19,288,-2.3,60.0
13110_700,Tuesday,19,9,40.1,156.0
13115_700,Tuesday,19,30,362.5,381.0
10163_109,Tuesday,19,285,4.0,120.0
15624_700,Tuesday,19,3,61.0,122.0
22609_700,Tuesday,19,226,35.6,420.0
19062_100,Tuesday,19,11,5.5,60.0
17304_700,Tuesday,19,415,224.8,1200.0
18895_700,Tuesday,19,23,218.2,269.0
1882_900,Tuesday,19,15,-21.0,80.0
17330_700,Tuesday,19,304,-13.6,180.0
17319_700,Tuesday,19,448,33.2,540.0
17449_700,Tuesday,19,1114,159.6,1800.0
24641_900,Tuesday,19,66,-1.8,0.0
28260_900,Tuesday,19,65,30.5,120.0
17351_700,Tuesday,19,86,28.6,240.0
17387_700,Tuesday,19,26,94.6,300.0
17521_400,Tuesday,19,471,0.9,120.0
25489_700,Tuesday,19,9,34.3,70.0
17355_700,Tuesday,19,320,177.9,2880.0
4287_700,Tuesday,19,42,17.0,156.0
27292_700,Tuesday,19,31,0.0,0.0
5371_700,Tuesday,19,78,143.2,440.0
6629_700,Tuesday,19,24,27.9,63.0
28801_700,Tuesday,19,14,76.5,132.0
17303_700,Tuesday,19,400,2.6,240.0
27915_700,Tuesday,19,12,17.2,146.0
27297_700,Tuesday,19,14,0.0,0.0
17382_700,Tuesday,19,57,9.5,120.0
18374_700,Tuesday,19,268,21.5,120.0
17366_700,Tuesday,19,199,79.9,480.0
17536_700,Tuesday,19,132,1.4,180.0
17744_700,Tuesday,19,64,21.6,240.0
17374_900,Tuesday,19,52,2.3,60.0
1879_900,Tuesday,19,6,35.3,130.0
17279_700,Tuesday,19,100,0.6,120.0
28806_700,Tuesday,19,75,33.2,75.0
4266_700,Tuesday,19,20,106.0,194.0
17378_700,Tuesday,19,286,18.0,180.0
17380_700,Tuesday,19,152,29.6,180.0
4514_700,Tuesday,19,22,60.1,63.0
18900_700,Tuesday,19,105,57.1,194.0
17354_700,Tuesday,19,226,-13.8,60.0
17457_700,Tuesday,19,543,4.4,240.0
17347_700,Tuesday,19,374,2.4,300.0
17417_900,Tuesday,19,200,-15.0,120.0
18892_700,Tuesday,19,7,22.7,23.0
18937_700,Tuesday,19,58,100.3,155.0
17340_700,Tuesday,19,314,47.4,240.0
18889_700,Tuesday,19,11,64.9,65.0
18926_700,Tuesday,19,56,36.5,65.0
17359_700,Tuesday,19,140,26.1,180.0
17297_700,Tuesday,19,268,266.2,3360.0
17342_700,Tuesday,19,613,115.1,780.0
17332_700,Tuesday,19,18,0.0,0.0
17289_700,Tuesday,19,124,38.7,540.0
26781_700,Tuesday,19,65,-3.7,60.0
27934_700,Tuesday,19,74,254.1,721.0
4238_700,Tuesday,19,17,176.6,205.0
4247_700,Tuesday,19,21,83.5,124.0
17298_700,Tuesday,19,30,-586.0,0.0
13116_700,Tuesday,19,2,35.5,71.0
17365_700,Tuesday,19,182,0.7,180.0
24759_700,Tuesday,19,121,249.3,1320.0
24048_100,Tuesday,19,11,120.0,300.0
17327_700,Tuesday,19,71,24.5,120.0
17325_700,Tuesday,19,236,54.9,420.0
17348_700,Tuesday,19,343,31.7,300.0
13105_700,Tuesday,19,2,66.5,73.0
28571_109,Tuesday,19,9,26.7,120.0
4242_700,Tuesday,19,131,92.7,1060.0
10229_109,Tuesday,19,44,125.5,300.0
18913_700,Tuesday,19,56,48.3,207.0
26748_100,Tuesday,19,5,108.0,180.0
10162_109,Tuesday,19,285,4.2,120.0
17296_700,Tuesday,19,49,26.9,60.0
17345_700,Tuesday,19,67,14.3,180.0
20479_700,Tuesday,19,15,158.3,313.0
17384_700,Tuesday,19,62,-1.9,60.0
17341_700,Tuesday,19,631,40.6,420.0
17316_700,Tuesday,19,185,37.6,300.0
17369_700,Tuesday,19,129,160.5,480.0
27916_700,Tuesday,19,26,37.5,308.0
17305_700,Tuesday,19,455,19.6,360.0
18341_700,Tuesday,19,12,44.1,96.0
18939_700,Tuesday,19,96,97.3,264.0
17312_700,Tuesday,19,99,0.6,120.0
5235_700,Tuesday,19,39,46.3,64.0
17317_700,Tuesday,19,197,524.2,2400.0
17414_700,Tuesday,19,41,-2.9,0.0
17527_700,Tuesday,19,9,0.0,0.0
28259_100,Tuesday,19,93,220.0,1020.0
9696_700,Tuesday,19,17,218.1,338.0
4249_700,Tuesday,19,48,83.6,225.0
18365_700,Tuesday,19,3,-7.0,76.0
18358_700,Tuesday,19,24,25.2,134.0
17407_700,Tuesday,19,29,6.2,120.0
23414_700,Tuesday,19,68,85.6,180.0
17443_700,Tuesday,19,43,16.7,180.0
29141_700,Tuesday,19,2,35.5,71.0
17353_700,Tuesday,19,27,-55.6,60.0
17377_700,Tuesday,19,74,94.9,420.0
17398_700,Tuesday,19,60,12.0,240.0
7251_700,Tuesday,19,14,260.8,284.0
18929_700,Tuesday,19,7,-15.9,0.0
22739_700,Tuesday,19,26,0.0,0.0
13133_700,Tuesday,19,2,33.5,67.0
17350_700,Tuesday,19,339,392.6,1320.0
17409_700,Tuesday,19,40,13.5,300.0
17435_700,Tuesday,19,56,34.3,240.0
28712_700,Tuesday,19,15,0.0,0.0
17336_700,Tuesday,19,33,-3.6,0.0
4257_700,Tuesday,19,15,41.9,74.0
19211_700,Tuesday,19,12,64.7,129.0
17293_700,Tuesday,19,58,2.1,60.0
17337_700,Tuesday,19,12,-115.0,-60.0
13125_700,Tuesday,19,10,13.0,65.0
13108_700,Tuesday,19,4,19.8,79.0
17375_700,Tuesday,19,50,1.2,120.0
22390_700,Tuesday,19,83,-5.8,600.0
4250_700,Tuesday,19,39,20.5,163.0
5252_700,Tuesday,19,26,56.2,107.0
17402_700,Tuesday,19,17,3.5,60.0
19118_700,Tuesday,19,31,20.1,65.0
18355_700,Tuesday,19,9,135.3,314.0
17331_700,Tuesday,19,167,-7.9,240.0
17392_700,Tuesday,19,22,0.0,0.0
17385_700,Tuesday,19,56,46.1,240.0
16345_100,Tuesday,19,52,-5.8,180.0
18969_100,Tuesday,19,8,0.0,0.0
28805_700,Tuesday,19,14,65.8,140.0
17367_700,Tuesday,19,323,1.7,120.0
19019_700,Tuesday,19,20,3.0,60.0
17376_700,Tuesday,19,48,-3.8,60.0
17299_700,Tuesday,19,176,10.2,180.0
17383_700,Tuesday,19,68,12.4,60.0
21750_700,Tuesday,19,3,-46.0,0.0
17321_700,Tuesday,19,70,18.0,60.0
23444_700,Tuesday,19,8,0.0,0.0
14979_700,Tuesday,19,3,84.0,252.0
17318_700,Tuesday,19,241,958.0,3000.0
17344_700,Tuesday,19,50,42.0,300.0
17391_700,Tuesday,19,19,6.3,60.0
18359_700,Tuesday,19,2,54.0,64.0
4497_700,Tuesday,19,12,1692.2,2333.0
19079_700,Tuesday,19,14,46.6,131.0
19111_700,Tuesday,19,22,270.0,409.0
18344_700,Tuesday,19,21,150.9,245.0
18367_700,Tuesday,19,18,82.6,196.0
4244_700,Tuesday,19,20,71.8,134.0
5233_700,Tuesday,19,61,186.0,381.0
5232_700,Tuesday,19,27,340.7,410.0
10142_109,Tuesday,19,263,10.3,180.0
17308_700,Tuesday,19,99,47.9,300.0
10155_109,Tuesday,19,203,8.3,120.0
17412_700,Tuesday,19,28,12.9,120.0
10167_109,Tuesday,19,193,11.5,120.0
4239_700,Tuesday,19,26,95.8,134.0
29157_700,Tuesday,19,2,33.5,67.0
17406_700,Tuesday,19,25,-4.8,0.0
18908_700,Tuesday,19,32,134.5,186.0
4259_700,Tuesday,19,47,35.2,100.0
18906_700,Tuesday,19,32,31.9,86.0
13106_700,Tuesday,19,2,129.0,129.0
5248_700,Tuesday,19,38,94.1,184.0
24046_100,Tuesday,19,32,0.0,60.0
24055_100,Tuesday,19,16,30.0,180.0
16349_100,Tuesday,19,20,24.0,120.0
19705_700,Tuesday,19,35,36.0,240.0
22775_700,Tuesday,19,9,8.9,9.0
5249_700,Tuesday,19,150,188.3,506.0
17403_700,Tuesday,19,10,0.0,0.0
17357_700,Tuesday,19,30,-6.0,0.0
4281_700,Tuesday,19,57,72.8,111.0
18349_700,Tuesday,19,3,83.0,208.0
4495_700,Tuesday,19,28,59.2,123.0
25905_700,Tuesday,19,17,0.0,0.0
19127_700,Tuesday,19,49,41.4,117.0
18917_700,Tuesday,19,22,-3.3,0.0
17395_700,Tuesday,19,17,3.5,180.0
1870_700,Tuesday,19,6,193.8,341.0
5342_700,Tuesday,19,19,9.5,87.0
20930_700,Tuesday,19,70,46.5,146.0
18932_700,Tuesday,19,12,50.2,55.0
18935_700,Tuesday,19,26,103.7,127.0
5234_700,Tuesday,19,20,440.0,477.0
15020_700,Tuesday,19,6,20.3,62.0
4221_700,Tuesday,19,22,206.0,230.0
4265_700,Tuesday,19,51,236.5,329.0
5243_3,Tuesday,19,66,162.0,239.0
21726_700,Tuesday,19,5,156.0,218.0
4222_700,Tuesday,19,14,75.4,134.0
19155_109,Tuesday,19,60,-5.0,0.0
5346_700,Tuesday,19,17,146.0,202.0
21284_700,Tuesday,19,143,288.7,1140.0
4503_700,Tuesday,19,20,157.9,214.0
5236_700,Tuesday,19,19,8.1,31.0
17401_700,Tuesday,19,14,12.9,120.0
19063_100,Tuesday,19,13,-13.8,60.0
5351_700,Tuesday,19,16,141.0,141.0
18921_700,Tuesday,19,1,-85.0,-85.0
18370_700,Tuesday,19,29,228.8,374.0
1880_900,Tuesday,19,3,-45.7,0.0
29160_700,Tuesday,19,5,12.6,63.0
17390_700,Tuesday,19,19,28.4,60.0
24715_700,Tuesday,19,2,7.5,36.0
1871_700,Tuesday,19,31,-18.2,126.0
22453_700,Tuesday,19,11,160.5,205.0
10671_700,Tuesday,19,5,-826.2,5.0
18915_700,Tuesday,19,29,82.7,1021.0
5340_700,Tuesday,19,14,39.7,60.0
5242_700,Tuesday,19,14,195.1,200.0
24047_100,Tuesday,19,10,84.0,240.0
27947_700,Tuesday,19,37,28.9,394.0
25219_700,Tuesday,19,3,57.0,78.0
18899_700,Tuesday,19,55,73.6,199.0
13443_700,Tuesday,19,2,30.0,60.0
5246_700,Tuesday,19,10,43.1,54.0
17415_700,Tuesday,19,15,124.0,180.0
18351_700,Tuesday,19,11,27.9,242.0
18927_700,Tuesday,19,18,144.6,149.0
5237_700,Tuesday,19,41,110.1,209.0
4264_700,Tuesday,19,20,428.9,429.0
10276_109,Tuesday,19,12,25.0,60.0
11536_109,Tuesday,19,25,88.8,420.0
19119_700,Tuesday,19,28,143.5,211.0
17388_700,Tuesday,19,10,0.0,0.0
21159_700,Tuesday,19,1,80.0,80.0
27569_700,Tuesday,19,1,0.0,0.0
24043_100,Tuesday,19,28,4.3,120.0
22624_700,Tuesday,19,8,47.8,65.0
17453_700,Tuesday,22,491,60.5,660.0
337_700,Tuesday,22,207,15.6,2012.0
1548_700,Tuesday,22,562,12.5,526.0
7361_700,Tuesday,22,250,9.0,423.0
1551_700,Tuesday,22,145,43.9,124.0
1556_900,Tuesday,22,318,1.5,139.0
10143_109,Tuesday,22,244,9.8,120.0
1547_700,Tuesday,22,250,5.1,155.0
16859_700,Tuesday,22,251,1.5,188.0
1925_700,Tuesday,22,46,7.4,254.0
5380_700,Tuesday,22,10,60.0,60.0
1945_700,Tuesday,22,44,6.7,147.0
22804_700,Tuesday,22,143,6.1,72.0
5596_700,Tuesday,22,87,1.6,69.0
1549_700,Tuesday,22,137,0.5,61.0
4456_700,Tuesday,22,54,0.0,0.0
5633_900,Tuesday,22,474,2.7,155.0
15277_700,Tuesday,22,182,12.3,80.0
26786_106,Tuesday,22,18,0.0,0.0
24050_100,Tuesday,22,41,0.0,180.0
5635_900,Tuesday,22,641,1.6,132.0
15274_700,Tuesday,22,357,1.6,211.0
10223_109,Tuesday,22,375,8.5,240.0
11362_700,Tuesday,22,236,0.0,0.0
16915_700,Tuesday,22,75,0.9,64.0
17311_700,Tuesday,22,229,56.9,300.0
24057_100,Tuesday,22,58,8.3,180.0
17462_700,Tuesday,22,169,13.5,120.0
24045_100,Tuesday,22,165,70.9,1080.0
26787_106,Tuesday,22,15,0.0,0.0
10141_109,Tuesday,22,376,5.1,180.0
24025_100,Tuesday,22,166,215.8,1620.0
336_700,Tuesday,22,136,0.1,57.0
19058_100,Tuesday,22,184,29.7,540.0
26783_106,Tuesday,22,75,3.9,63.0
15276_700,Tuesday,22,104,-12.4,1067.0
19059_100,Tuesday,22,40,12.0,240.0
13438_900,Tuesday,22,166,6.9,255.0
27280_700,Tuesday,22,18,0.0,0.0
17448_700,Tuesday,22,490,131.8,720.0
26788_106,Tuesday,22,60,30.0,180.0
17460_900,Tuesday,22,656,31.4,420.0
17464_700,Tuesday,22,191,51.2,480.0
27276_700,Tuesday,22,61,0.0,0.0
17525_400,Tuesday,22,279,-0.9,60.0
26790_106,Tuesday,22,29,0.0,0.0
17360_700,Tuesday,22,209,118.6,960.0
26784_106,Tuesday,22,18,0.0,0.0
17350_700,Tuesday,22,342,248.6,2100.0
12194_700,Tuesday,22,44,0.0,0.0
10224_109,Tuesday,22,30,524.0,1080.0
5381_700,Tuesday,22,8,0.0,0.0
20810_700,Tuesday,22,6,0.0,0.0
15959_700,Tuesday,22,176,3.5,313.0
27275_700,Tuesday,22,159,17.0,180.0
1955_700,Tuesday,22,83,-17.1,230.0
17523_400,Tuesday,22,540,14.9,360.0
17427_900,Tuesday,22,150,1.6,120.0
24052_100,Tuesday,22,45,54.7,420.0
28777_700,Tuesday,22,31,0.0,0.0
26791_106,Tuesday,22,8,0.0,0.0
12193_700,Tuesday,22,48,0.0,0.0
1921_700,Tuesday,22,63,-18.2,138.0
1871_700,Tuesday,22,12,5.2,63.0
17333_700,Tuesday,22,198,1.5,120.0
26789_106,Tuesday,22,8,0.0,0.0
15273_700,Tuesday,22,31,2.1,66.0
26785_106,Tuesday,22,62,2.2,79.0
25529_700,Tuesday,22,9,0.0,0.0
5382_700,Tuesday,22,38,12.1,60.0
13136_700,Tuesday,22,13,180.9,191.0
28109_700,Tuesday,22,13,0.0,0.0
17452_900,Tuesday,22,428,3.1,120.0
17514_400,Tuesday,22,592,34.6,420.0
17456_700,Tuesday,22,344,19.5,240.0
17419_900,Tuesday,22,104,-10.4,60.0
17521_400,Tuesday,22,259,3.0,240.0
29140_700,Tuesday,22,47,59.8,321.0
18931_700,Tuesday,22,99,117.4,219.0
26793_106,Tuesday,22,18,0.0,0.0
17449_700,Tuesday,22,504,28.5,360.0
4503_700,Tuesday,22,22,30.0,30.0
17445_700,Tuesday,22,53,-3.4,0.0
17440_900,Tuesday,22,426,62.8,1440.0
17461_700,Tuesday,22,208,26.5,180.0
17379_700,Tuesday,22,96,1.9,120.0
17438_900,Tuesday,22,148,2.0,180.0
23945_100,Tuesday,22,101,217.4,1560.0
17537_700,Tuesday,22,42,-5.7,0.0
28412_109,Tuesday,22,18,90.0,480.0
10148_109,Tuesday,22,296,1.6,60.0
17363_700,Tuesday,22,117,16.9,240.0
18911_700,Tuesday,22,2,-4.0,0.0
17304_700,Tuesday,22,244,25.6,300.0
24046_100,Tuesday,22,24,20.0,240.0
17442_900,Tuesday,22,614,126.3,1440.0
27297_700,Tuesday,22,13,0.0,0.0
17515_400,Tuesday,22,312,2.9,240.0
18374_700,Tuesday,22,202,8.6,60.0
17526_400,Tuesday,22,138,0.9,60.0
17421_900,Tuesday,22,54,4.4,120.0
17328_700,Tuesday,22,58,2.1,60.0
24053_100,Tuesday,22,89,53.9,600.0
17441_700,Tuesday,22,458,-1.4,120.0
22240_109,Tuesday,22,61,24.6,240.0
17362_700,Tuesday,22,181,49.4,300.0
17300_700,Tuesday,22,124,35.3,180.0
17451_700,Tuesday,22,124,14.5,60.0
17329_700,Tuesday,22,95,16.4,120.0
17446_900,Tuesday,22,68,0.0,0.0
18945_700,Tuesday,22,45,59.9,155.0
24759_700,Tuesday,22,83,0.7,60.0
17422_900,Tuesday,22,186,-1.6,0.0
17420_900,Tuesday,22,186,-1.0,60.0
17324_900,Tuesday,22,62,2.9,120.0
24043_100,Tuesday,22,31,-25.2,0.0
19079_700,Tuesday,22,14,19.5,73.0
19065_100,Tuesday,22,5,0.0,0.0
5238_700,Tuesday,22,48,61.5,118.0
17518_400,Tuesday,22,274,2.2,180.0
17357_700,Tuesday,22,30,0.0,0.0
17327_700,Tuesday,22,32,1.9,60.0
17349_700,Tuesday,22,295,25.2,180.0
17463_900,Tuesday,22,118,2.5,180.0
17541_700,Tuesday,22,9,15.9,64.0
17325_700,Tuesday,22,196,38.3,120.0
18915_700,Tuesday,22,28,44.5,94.0
1554_700,Tuesday,22,102,0.0,0.0
17313_700,Tuesday,22,51,41.2,120.0
17418_900,Tuesday,22,76,1.6,60.0
22390_700,Tuesday,22,59,12.2,120.0
17465_700,Tuesday,22,177,54.9,240.0
17338_900,Tuesday,22,157,1.1,180.0
28260_900,Tuesday,22,65,0.9,60.0
17354_700,Tuesday,22,100,40.2,120.0
17374_900,Tuesday,22,59,-22.4,0.0
10145_109,Tuesday,22,208,8.7,120.0
26748_100,Tuesday,22,7,0.0,0.0
10167_109,Tuesday,22,62,4.8,60.0
17305_700,Tuesday,22,396,73.6,300.0
17458_700,Tuesday,22,436,9.4,1320.0
17335_700,Tuesday,22,218,14.0,300.0
17425_900,Tuesday,22,184,-0.3,180.0
17372_700,Tuesday,22,177,1.7,120.0
17296_700,Tuesday,22,73,19.7,120.0
17330_700,Tuesday,22,258,28.6,300.0
17340_700,Tuesday,22,122,17.2,60.0
17346_700,Tuesday,22,81,-2.2,0.0
22754_700,Tuesday,22,165,0.4,60.0
17532_700,Tuesday,22,133,8.1,300.0
17293_700,Tuesday,22,42,2.9,60.0
17459_900,Tuesday,22,366,3.4,360.0
28572_109,Tuesday,22,4,15.0,60.0
24715_700,Tuesday,22,4,-10.5,78.0
10149_109,Tuesday,22,36,23.3,180.0
1971_700,Tuesday,22,40,-1573.3,237.0
10165_109,Tuesday,22,32,18.8,120.0
17341_700,Tuesday,22,283,-14.8,60.0
10157_109,Tuesday,22,158,3.0,60.0
10170_109,Tuesday,22,178,4.7,120.0
17290_700,Tuesday,22,349,25.6,480.0
17306_700,Tuesday,22,485,-1.6,420.0
17380_700,Tuesday,22,34,1.8,60.0
17319_700,Tuesday,22,180,-2.3,120.0
17365_700,Tuesday,22,59,-8.1,60.0
10226_109,Tuesday,22,221,20.6,300.0
23414_700,Tuesday,22,116,3.1,180.0
17417_900,Tuesday,22,193,0.0,120.0
17347_700,Tuesday,22,201,38.5,240.0
17538_700,Tuesday,22,187,38.5,240.0
17416_900,Tuesday,22,106,0.6,60.0
17455_700,Tuesday,22,279,51.0,240.0
17352_900,Tuesday,22,84,1.4,60.0
17424_900,Tuesday,22,234,3.8,300.0
17312_700,Tuesday,22,99,0.6,60.0
17412_700,Tuesday,22,53,1.1,60.0
5379_700,Tuesday,22,33,-4.5,122.0
17355_700,Tuesday,22,192,22.5,420.0
17364_700,Tuesday,22,179,228.9,960.0
17530_700,Tuesday,22,245,-10.5,120.0
10158_109,Tuesday,22,36,5.0,60.0
23154_700,Tuesday,22,30,90.0,180.0
17367_700,Tuesday,22,185,10.4,180.0
17512_400,Tuesday,22,37,3.2,120.0
17444_900,Tuesday,22,80,0.8,60.0
17535_700,Tuesday,22,66,17.3,60.0
17279_700,Tuesday,22,48,68.8,240.0
1938_700,Tuesday,22,41,1.7,69.0
5345_700,Tuesday,22,25,149.6,298.0
10155_109,Tuesday,22,121,2.0,60.0
17414_700,Tuesday,22,56,20.4,240.0
17454_700,Tuesday,22,103,11.1,240.0
28571_109,Tuesday,22,8,22.5,60.0
17303_700,Tuesday,22,313,231.2,900.0
17323_700,Tuesday,22,24,0.0,0.0
17516_400,Tuesday,22,30,0.0,0.0
17309_700,Tuesday,22,136,-0.9,60.0
17368_700,Tuesday,22,187,6.1,240.0
17529_700,Tuesday,22,128,36.6,120.0
1880_900,Tuesday,22,5,-54.0,0.0
16009_700,Tuesday,22,4,0.0,0.0
10160_109,Tuesday,22,38,31.6,180.0
10162_109,Tuesday,22,286,5.7,120.0
17294_700,Tuesday,22,112,17.1,180.0
17334_700,Tuesday,22,298,36.0,360.0
5384_700,Tuesday,22,16,152.6,157.0
17348_700,Tuesday,22,106,14.7,120.0
17373_700,Tuesday,22,177,9.8,120.0
17342_700,Tuesday,22,240,56.5,360.0
17527_700,Tuesday,22,12,0.0,0.0
17450_700,Tuesday,22,109,1.1,60.0
23415_700,Tuesday,22,259,79.0,600.0
17533_700,Tuesday,22,67,19.7,120.0
1870_700,Tuesday,22,10,18.3,92.0
17318_700,Tuesday,22,108,117.8,480.0
17370_700,Tuesday,22,87,97.9,360.0
17457_700,Tuesday,22,227,7.7,60.0
17356_700,Tuesday,22,161,31.7,120.0
17443_700,Tuesday,22,26,36.9,360.0
1929_700,Tuesday,22,30,6.6,69.0
5370_700,Tuesday,22,6,-93.5,-59.0
18913_700,Tuesday,22,2,0.0,0.0
18920_700,Tuesday,22,56,56.3,135.0
4259_700,Tuesday,22,18,9.1,23.0
17289_700,Tuesday,22,101,5.3,120.0
17292_700,Tuesday,22,176,93.4,300.0
17297_700,Tuesday,22,131,5.0,180.0
17407_700,Tuesday,22,28,0.0,0.0
17343_700,Tuesday,22,69,13.0,60.0
17331_700,Tuesday,22,63,97.1,480.0
17281_700,Tuesday,22,79,10.6,120.0
17437_700,Tuesday,22,57,14.7,360.0
17314_700,Tuesday,22,174,1.0,120.0
17447_700,Tuesday,22,187,11.9,360.0
18898_700,Tuesday,22,25,62.0,65.0
18929_700,Tuesday,22,9,132.9,133.0
17299_700,Tuesday,22,173,10.1,120.0
4221_700,Tuesday,22,20,-2.5,25.0
17378_700,Tuesday,22,167,66.8,240.0
27569_700,Tuesday,22,7,34.3,60.0
27289_700,Tuesday,22,18,60.0,60.0
17413_700,Tuesday,22,17,10.6,120.0
18914_700,Tuesday,22,9,146.4,189.0
17298_700,Tuesday,22,30,-6.0,0.0
17366_700,Tuesday,22,60,117.0,180.0
17359_700,Tuesday,22,81,44.4,180.0
17308_700,Tuesday,22,59,4.1,120.0
16349_100,Tuesday,22,10,198.0,300.0
19127_700,Tuesday,22,7,-18.4,10.0
17315_700,Tuesday,22,36,33.3,120.0
18922_700,Tuesday,22,59,56.1,70.0
18926_700,Tuesday,22,15,64.9,65.0
18933_700,Tuesday,22,4,62.5,63.0
20930_700,Tuesday,22,15,122.4,190.0
17302_700,Tuesday,22,161,18.3,180.0
18357_700,Tuesday,22,8,0.0,0.0
21726_700,Tuesday,22,19,-12.9,0.0
18351_700,Tuesday,22,33,0.0,0.0
18354_700,Tuesday,22,12,0.0,0.0
18360_700,Tuesday,22,19,0.0,0.0
17316_700,Tuesday,22,185,43.8,300.0
17375_700,Tuesday,22,10,60.0,60.0
4287_700,Tuesday,22,60,51.8,188.0
4249_700,Tuesday,22,22,75.7,136.0
17401_700,Tuesday,22,11,0.0,0.0
17744_700,Tuesday,22,32,13.1,120.0
17301_900,Tuesday,22,55,1.1,60.0
17339_700,Tuesday,22,232,22.8,300.0
17409_700,Tuesday,22,42,2.9,60.0
17400_700,Tuesday,22,41,87.8,300.0
10142_109,Tuesday,22,217,25.7,240.0
20479_700,Tuesday,22,14,187.6,1714.0
17295_700,Tuesday,22,74,0.8,60.0
17320_700,Tuesday,22,343,5.9,180.0
17326_700,Tuesday,22,91,16.5,120.0
17344_700,Tuesday,22,50,1.2,60.0
17536_700,Tuesday,22,129,18.1,240.0
10144_109,Tuesday,22,109,6.6,120.0
10163_109,Tuesday,22,234,5.9,120.0
17307_700,Tuesday,22,33,123.6,300.0
17384_700,Tuesday,22,34,1.8,60.0
17317_700,Tuesday,22,91,12.5,240.0
17381_700,Tuesday,22,245,-128.8,480.0
16345_100,Tuesday,22,26,60.0,180.0
24641_900,Tuesday,22,33,0.0,0.0
13105_700,Tuesday,22,2,32.0,64.0
11537_109,Tuesday,22,16,56.3,120.0
4281_700,Tuesday,22,24,6.5,10.0
17310_700,Tuesday,22,203,17.4,60.0
26781_700,Tuesday,22,65,-22.2,0.0
17336_700,Tuesday,22,33,27.3,60.0
17415_700,Tuesday,22,32,26.2,60.0
4242_700,Tuesday,22,17,58.1,66.0
17345_700,Tuesday,22,68,3.5,120.0
1546_700,Tuesday,22,139,7.3,269.0
1923_700,Tuesday,22,56,10.5,134.0
16354_700,Tuesday,22,16,64.9,117.0
17402_700,Tuesday,22,10,0.0,0.0
18899_700,Tuesday,22,56,119.9,206.0
17369_700,Tuesday,22,34,17.6,60.0
5236_700,Tuesday,22,5,767.6,1890.0
17321_700,Tuesday,22,45,30.7,60.0
17377_700,Tuesday,22,58,116.9,300.0
22609_700,Tuesday,22,71,-4.2,120.0
18909_700,Tuesday,22,84,17.2,105.0
28259_100,Tuesday,22,114,46.8,300.0
21284_700,Tuesday,22,65,16.6,180.0
17435_700,Tuesday,22,46,14.3,120.0
18939_700,Tuesday,22,17,85.6,160.0
13107_700,Tuesday,22,1,60.0,60.0
13133_700,Tuesday,22,1,60.0,60.0
17361_700,Tuesday,22,133,5.4,180.0
1882_900,Tuesday,22,13,-3.5,74.0
18923_700,Tuesday,22,16,59.0,63.0
1879_900,Tuesday,22,6,-11.2,65.0
5249_700,Tuesday,22,39,207.5,215.0
17385_700,Tuesday,22,33,60.0,120.0
17332_700,Tuesday,22,12,5.0,60.0
28712_700,Tuesday,22,6,0.0,0.0
4497_700,Tuesday,22,24,121.3,227.0
17517_700,Tuesday,22,2,0.0,0.0
5378_700,Tuesday,22,8,54.5,114.0
19705_700,Tuesday,22,18,16.7,60.0
17398_700,Tuesday,22,44,46.4,120.0
5241_700,Tuesday,22,30,16.9,66.0
17322_700,Tuesday,22,22,5.5,60.0
17406_700,Tuesday,22,26,0.0,0.0
4495_700,Tuesday,22,14,109.8,123.0
10676_700,Tuesday,22,22,-146.5,0.0
19060_100,Tuesday,22,1,0.0,0.0
24049_100,Tuesday,22,24,100.0,360.0
19066_100,Tuesday,22,83,12.3,180.0
19156_109,Tuesday,22,55,37.1,240.0
4257_700,Tuesday,22,1,0.0,0.0
20369_100,Tuesday,22,6,70.0,120.0
10271_109,Tuesday,22,17,52.9,120.0
28311_100,Tuesday,22,9,40.0,180.0
24042_100,Tuesday,22,30,40.0,300.0
4243_700,Tuesday,22,9,48.4,63.0
25219_700,Tuesday,22,3,-131.7,63.0
25489_700,Tuesday,22,9,61.9,62.0
24025_100,Wednesday,0,163,-11.4,60.0
19058_100,Wednesday,0,184,30.3,480.0
5633_900,Wednesday,0,129,-0.2,119.0
16859_700,Wednesday,0,241,2.0,207.0
11362_700,Wednesday,0,413,0.0,0.0
5635_900,Wednesday,0,186,9.5,119.0
17424_900,Wednesday,0,90,-2.0,60.0
1548_700,Wednesday,0,148,4.4,161.0
24057_100,Wednesday,0,30,94.0,1620.0
24053_100,Wednesday,0,62,-3.9,120.0
24045_100,Wednesday,0,127,82.2,600.0
10141_109,Wednesday,0,314,8.4,120.0
10223_109,Wednesday,0,244,2.0,120.0
15274_700,Wednesday,0,77,0.8,62.0
1554_700,Wednesday,0,195,0.0,0.0
26785_106,Wednesday,0,6,0.0,0.0
28777_700,Wednesday,0,93,0.0,0.0
17521_400,Wednesday,0,198,0.3,60.0
1556_900,Wednesday,0,108,-0.6,70.0
17515_400,Wednesday,0,270,4.7,120.0
17523_400,Wednesday,0,340,0.0,0.0
1547_700,Wednesday,0,49,11.7,198.0
17518_400,Wednesday,0,258,6.5,600.0
24052_100,Wednesday,0,56,17.1,240.0
17320_700,Wednesday,0,131,-6.9,60.0
19059_100,Wednesday,0,26,18.5,240.0
17514_400,Wednesday,0,220,-0.5,60.0
7361_700,Wednesday,0,55,20.3,82.0
26788_106,Wednesday,0,19,116.2,408.0
12194_700,Wednesday,0,29,-3.6,65.0
17525_400,Wednesday,0,230,-9.4,60.0
17427_900,Wednesday,0,152,9.9,120.0
24056_100,Wednesday,0,51,-14.1,0.0
17422_900,Wednesday,0,112,-12.9,120.0
24042_100,Wednesday,0,66,5.5,180.0
24049_100,Wednesday,0,12,0.0,0.0
337_700,Wednesday,0,39,-26.9,115.0
17441_700,Wednesday,0,285,-19.6,60.0
17292_700,Wednesday,0,37,-102.2,0.0
17368_700,Wednesday,0,71,0.0,0.0
17449_700,Wednesday,0,263,66.8,180.0
24046_100,Wednesday,0,2,-30.0,0.0
17451_700,Wednesday,0,124,1.5,120.0
10167_109,Wednesday,0,69,0.0,0.0
17526_400,Wednesday,0,132,0.0,0.0
17438_900,Wednesday,0,155,-0.4,60.0
24055_100,Wednesday,0,56,-38.6,0.0
17440_900,Wednesday,0,389,3.2,360.0
17452_900,Wednesday,0,227,19.8,420.0
17459_900,Wednesday,0,285,-5.7,240.0
17463_900,Wednesday,0,85,2.8,120.0
12193_700,Wednesday,0,48,0.0,0.0
17456_700,Wednesday,0,265,78.1,600.0
17303_700,Wednesday,0,162,-27.0,120.0
22390_700,Wednesday,0,22,0.0,0.0
17417_900,Wednesday,0,145,-15.3,60.0
1549_700,Wednesday,0,27,53.5,64.0
24050_100,Wednesday,0,11,-5.5,0.0
17355_700,Wednesday,0,63,22.9,120.0
17379_700,Wednesday,0,58,8.3,60.0
22754_700,Wednesday,0,134,-0.4,60.0
10170_109,Wednesday,0,168,20.4,240.0
17365_700,Wednesday,0,38,-1.6,0.0
10148_109,Wednesday,0,218,5.2,180.0
17301_900,Wednesday,0,41,2.9,60.0
18351_700,Wednesday,0,5,71.4,123.0
17325_700,Wednesday,0,100,33.6,120.0
10143_109,Wednesday,0,218,21.5,240.0
17446_900,Wednesday,0,89,-4.0,0.0
17352_900,Wednesday,0,73,-0.8,0.0
17425_900,Wednesday,0,82,0.7,60.0
10165_109,Wednesday,0,42,1.4,60.0
17377_700,Wednesday,0,19,0.0,0.0
17465_700,Wednesday,0,115,9.4,180.0
17453_700,Wednesday,0,243,-21.0,300.0
28571_109,Wednesday,0,4,60.0,120.0
17299_700,Wednesday,0,28,-6.4,0.0
17372_700,Wednesday,0,45,92.0,180.0
10155_109,Wednesday,0,76,5.5,60.0
10158_109,Wednesday,0,15,0.0,0.0
17461_700,Wednesday,0,175,20.2,180.0
17373_700,Wednesday,0,41,13.2,120.0
17488_700,Wednesday,0,47,-3.8,0.0
10226_109,Wednesday,0,240,1.2,60.0
17454_700,Wednesday,0,32,5.6,120.0
23945_100,Wednesday,0,59,4.1,60.0
17460_900,Wednesday,0,286,-12.4,120.0
17458_700,Wednesday,0,134,30.9,120.0
17370_700,Wednesday,0,22,-2.7,0.0
17443_700,Wednesday,0,120,-3.0,60.0
10271_109,Wednesday,0,19,15.8,60.0
17306_700,Wednesday,0,262,-13.5,660.0
17444_900,Wednesday,0,51,72.9,300.0
17418_900,Wednesday,0,199,-11.5,60.0
17419_900,Wednesday,0,55,-3.3,0.0
17341_700,Wednesday,0,129,37.2,120.0
17363_700,Wednesday,0,32,24.4,120.0
17442_900,Wednesday,0,311,27.0,300.0
18923_700,Wednesday,0,18,165.4,274.0
17305_700,Wednesday,0,180,-13.7,120.0
17512_400,Wednesday,0,16,0.0,0.0
17369_700,Wednesday,0,12,0.0,0.0
17316_700,Wednesday,0,62,111.3,240.0
17329_700,Wednesday,0,59,-20.3,0.0
17347_700,Wednesday,0,76,-4.7,60.0
17516_400,Wednesday,0,20,0.0,0.0
17489_700,Wednesday,0,125,0.5,60.0
21284_700,Wednesday,0,74,-18.6,60.0
17412_700,Wednesday,0,13,9.2,120.0
17503_700,Wednesday,0,96,1.3,60.0
17366_700,Wednesday,0,49,56.3,180.0
17307_700,Wednesday,0,11,0.0,0.0
17477_700,Wednesday,0,108,-1.7,0.0
17509_700,Wednesday,0,6,120.0,120.0
17327_700,Wednesday,0,33,0.0,0.0
17464_700,Wednesday,0,60,0.0,0.0
10145_109,Wednesday,0,220,10.9,180.0
11537_109,Wednesday,0,40,151.5,300.0
10157_109,Wednesday,0,128,2.8,60.0
10162_109,Wednesday,0,241,25.6,300.0
17497_700,Wednesday,0,183,14.4,120.0
18374_700,Wednesday,0,100,24.0,120.0
17361_700,Wednesday,0,67,-0.9,60.0
21681_700,Wednesday,0,25,43.2,180.0
17538_700,Wednesday,0,134,-40.3,60.0
17317_700,Wednesday,0,16,3.8,60.0
17318_700,Wednesday,0,32,-11.2,60.0
17342_700,Wednesday,0,118,20.3,120.0
17367_700,Wednesday,0,77,-40.5,60.0
17455_700,Wednesday,0,157,-5.4,0.0
15277_700,Wednesday,0,27,3.1,85.0
17400_700,Wednesday,0,22,-19.1,0.0
17520_700,Wednesday,0,17,-3.5,60.0
17416_900,Wednesday,0,74,-41.4,120.0
17420_900,Wednesday,0,124,-12.1,60.0
28260_900,Wednesday,0,65,-25.8,120.0
17457_700,Wednesday,0,136,-0.9,120.0
17304_700,Wednesday,0,103,-30.9,0.0
17308_700,Wednesday,0,30,0.0,0.0
17495_700,Wednesday,0,23,0.0,0.0
5249_700,Wednesday,0,39,31.1,128.0
17349_700,Wednesday,0,157,-7.3,60.0
17350_700,Wednesday,0,66,14.5,180.0
17504_700,Wednesday,0,37,60.0,120.0
17537_700,Wednesday,0,19,-6.3,0.0
17360_700,Wednesday,0,81,46.7,360.0
23414_700,Wednesday,0,32,0.0,60.0
17309_700,Wednesday,0,37,-37.3,0.0
336_700,Wednesday,0,3,31.0,70.0
23415_700,Wednesday,0,222,20.0,300.0
17312_700,Wednesday,0,48,15.0,60.0
17345_700,Wednesday,0,31,29.0,60.0
17407_700,Wednesday,0,12,60.0,720.0
17447_700,Wednesday,0,91,2.0,120.0
17471_700,Wednesday,0,92,51.5,60.0
17493_700,Wednesday,0,46,23.5,60.0
27275_700,Wednesday,0,35,49.7,180.0
17297_700,Wednesday,0,23,28.7,60.0
17479_700,Wednesday,0,23,0.0,0.0
17295_700,Wednesday,0,17,-10.6,0.0
17339_700,Wednesday,0,71,-65.1,0.0
17448_700,Wednesday,0,148,102.6,480.0
17281_700,Wednesday,0,59,3.1,60.0
17293_700,Wednesday,0,13,32.3,420.0
19066_100,Wednesday,0,13,32.3,180.0
17321_700,Wednesday,0,45,2.7,60.0
17290_700,Wednesday,0,92,39.8,180.0
17474_700,Wednesday,0,87,29.0,120.0
17480_700,Wednesday,0,14,0.0,0.0
17450_700,Wednesday,0,40,25.5,120.0
17319_700,Wednesday,0,72,-38.3,60.0
17378_700,Wednesday,0,47,150.6,240.0
17481_700,Wednesday,0,44,91.4,180.0
17315_700,Wednesday,0,14,-4.3,0.0
17437_700,Wednesday,0,26,25.4,60.0
17374_900,Wednesday,0,44,-30.0,0.0
10149_109,Wednesday,0,13,0.0,0.0
17289_700,Wednesday,0,16,0.0,0.0
17328_700,Wednesday,0,28,0.0,0.0
17348_700,Wednesday,0,50,-9.6,0.0
10160_109,Wednesday,0,20,0.0,0.0
17484_700,Wednesday,0,51,0.0,60.0
17487_700,Wednesday,0,37,0.0,0.0
17494_700,Wednesday,0,75,2.4,180.0
17335_700,Wednesday,0,30,-6.0,60.0
17398_700,Wednesday,0,21,2.9,60.0
17340_700,Wednesday,0,18,60.0,60.0
17346_700,Wednesday,0,19,0.0,0.0
17364_700,Wednesday,0,46,1.3,60.0
26782_700,Wednesday,0,16,18.8,120.0
17310_700,Wednesday,0,78,3.1,60.0
17294_700,Wednesday,0,51,0.0,0.0
17380_700,Wednesday,0,32,-5.6,0.0
17744_700,Wednesday,0,10,0.0,0.0
17445_700,Wednesday,0,43,27.9,120.0
17462_700,Wednesday,0,106,76.4,240.0
17483_700,Wednesday,0,48,33.7,120.0
17490_700,Wednesday,0,12,5.0,60.0
17435_700,Wednesday,0,19,-3.2,0.0
17354_700,Wednesday,0,41,0.0,120.0
23416_700,Wednesday,0,13,60.0,60.0
17300_700,Wednesday,0,80,132.0,240.0
24759_700,Wednesday,0,39,1.5,60.0
17313_700,Wednesday,0,11,0.0,0.0
17500_700,Wednesday,0,8,60.0,60.0
22674_700,Wednesday,0,68,3.5,120.0
17356_700,Wednesday,0,62,29.0,120.0
17496_700,Wednesday,0,9,60.0,60.0
17486_700,Wednesday,0,30,68.0,120.0
17517_700,Wednesday,0,2,0.0,0.0
17330_700,Wednesday,0,43,-11.2,0.0
17492_700,Wednesday,0,51,-1.2,0.0
17529_700,Wednesday,0,10,-6.0,0.0
17279_700,Wednesday,0,11,-27.3,0.0
24043_100,Wednesday,0,7,8.6,60.0
17478_700,Wednesday,0,5,120.0,120.0
17362_700,Wednesday,0,10,0.0,0.0
17302_700,Wednesday,0,53,-5.7,0.0
17467_700,Wednesday,0,44,122.7,180.0
17476_700,Wednesday,0,49,-6.1,0.0
17508_700,Wednesday,0,22,5.5,60.0
20359_700,Wednesday,0,13,0.0,0.0
17482_700,Wednesday,0,10,0.0,0.0
17485_700,Wednesday,0,11,114.5,120.0
17505_700,Wednesday,0,26,57.7,60.0
22625_700,Wednesday,0,39,181.0,188.0
26786_106,Wednesday,0,7,0.0,0.0
28259_100,Wednesday,0,35,133.7,360.0
17535_700,Wednesday,0,9,20.0,120.0
17311_700,Wednesday,0,35,18.9,60.0
19705_700,Wednesday,0,8,105.0,120.0
17381_700,Wednesday,0,15,60.0,60.0
22804_700,Wednesday,0,14,-85.6,10.0
17491_700,Wednesday,0,7,17.1,120.0
5596_700,Wednesday,0,12,6.0,72.0
15959_700,Wednesday,0,36,-37.4,210.0
17501_700,Wednesday,0,5,36.0,180.0
17499_700,Wednesday,0,5,0.0,0.0
17507_700,Wednesday,0,10,240.0,240.0
17334_700,Wednesday,0,21,-22.9,0.0
18920_700,Wednesday,0,28,91.8,131.0
17467_700,Wednesday,2,355,37.5,180.0
12193_700,Wednesday,2,72,-1286.4,76.0
17503_700,Wednesday,2,188,35.1,300.0
17495_700,Wednesday,2,20,0.0,0.0
17444_900,Wednesday,2,12,0.0,0.0
17449_700,Wednesday,2,221,-190.9,360.0
17465_700,Wednesday,2,50,0.0,0.0
17464_700,Wednesday,2,58,0.0,0.0
17474_700,Wednesday,2,213,41.7,180.0
17488_700,Wednesday,2,69,7.8,60.0
17481_700,Wednesday,2,68,101.5,300.0
17446_900,Wednesday,2,42,0.0,0.0
22674_700,Wednesday,2,144,18.3,120.0
17460_900,Wednesday,2,126,78.6,180.0
17462_700,Wednesday,2,108,79.4,180.0
17505_700,Wednesday,2,53,29.4,60.0
17486_700,Wednesday,2,30,30.0,60.0
17490_700,Wednesday,2,21,25.7,60.0
17504_700,Wednesday,2,162,-16.7,120.0
17501_700,Wednesday,2,10,60.0,120.0
17455_700,Wednesday,2,160,2.2,180.0
17487_700,Wednesday,2,110,120.0,360.0
17494_700,Wednesday,2,292,12.7,240.0
22755_700,Wednesday,2,34,0.0,0.0
17471_700,Wednesday,2,736,6.7,360.0
17459_900,Wednesday,2,108,24.4,240.0
17448_700,Wednesday,2,124,-11.1,0.0
17461_700,Wednesday,2,138,49.1,240.0
17484_700,Wednesday,2,124,-13.5,60.0
17491_700,Wednesday,2,23,26.1,120.0
17496_700,Wednesday,2,139,6.9,120.0
17497_700,Wednesday,2,374,80.5,420.0
24044_100,Wednesday,2,70,0.0,0.0
24025_100,Wednesday,2,564,-16.8,0.0
19058_100,Wednesday,2,244,-3.0,120.0
26786_106,Wednesday,2,4,0.0,0.0
17441_700,Wednesday,2,286,-13.4,240.0
21681_700,Wednesday,2,22,68.2,180.0
17466_700,Wednesday,2,121,10.4,60.0
17477_700,Wednesday,2,169,19.2,120.0
24050_100,Wednesday,2,138,-12.6,0.0
24055_100,Wednesday,2,56,-38.6,0.0
17445_700,Wednesday,2,56,45.0,180.0
17447_700,Wednesday,2,122,-19.2,120.0
17450_700,Wednesday,2,32,0.0,0.0
17452_900,Wednesday,2,75,46.4,180.0
17457_700,Wednesday,2,98,-4.3,60.0
17500_700,Wednesday,2,24,25.0,60.0
17744_700,Wednesday,2,13,18.5,60.0
17479_700,Wednesday,2,134,0.9,60.0
17456_700,Wednesday,2,183,44.9,240.0
17438_900,Wednesday,2,52,11.5,60.0
17472_700,Wednesday,2,157,44.7,180.0
17443_700,Wednesday,2,85,84.7,420.0
17440_900,Wednesday,2,114,-0.5,60.0
17442_900,Wednesday,2,150,49.2,240.0
17473_700,Wednesday,2,132,11.4,120.0
24057_100,Wednesday,2,28,-10.7,0.0
24053_100,Wednesday,2,38,-4.7,0.0
24045_100,Wednesday,2,54,13.3,240.0
10141_109,Wednesday,2,23,0.0,0.0
17499_700,Wednesday,2,10,0.0,0.0
17507_700,Wednesday,2,23,0.0,0.0
17463_900,Wednesday,2,110,14.7,180.0
20359_700,Wednesday,2,23,41.7,120.0
23415_700,Wednesday,2,108,31.7,240.0
17453_700,Wednesday,2,136,33.5,120.0
17508_700,Wednesday,2,45,66.7,180.0
17493_700,Wednesday,2,47,88.1,180.0
24052_100,Wednesday,2,50,20.4,240.0
24056_100,Wednesday,2,55,-13.1,0.0
1554_700,Wednesday,2,170,13.9,144.0
17451_700,Wednesday,2,63,0.0,0.0
17458_700,Wednesday,2,130,43.4,180.0
17482_700,Wednesday,2,18,26.7,60.0
17492_700,Wednesday,2,152,-0.8,60.0
17509_700,Wednesday,2,12,300.0,300.0
28777_700,Wednesday,2,62,49.5,392.0
17489_700,Wednesday,2,275,15.7,180.0
22625_700,Wednesday,2,104,113.6,469.0
17469_700,Wednesday,2,314,4.6,120.0
17483_700,Wednesday,2,46,90.0,120.0
17476_700,Wednesday,2,186,31.6,120.0
17435_700,Wednesday,2,27,6.7,120.0
17437_700,Wednesday,2,35,32.6,120.0
17454_700,Wednesday,2,48,81.2,180.0
23416_700,Wednesday,2,44,84.5,360.0
23945_100,Wednesday,2,9,0.0,0.0
17468_700,Wednesday,2,61,-16.7,120.0
19059_100,Wednesday,2,13,-9.2,0.0
26790_106,Wednesday,2,6,0.0,0.0
17510_700,Wednesday,2,18,0.0,0.0
26782_700,Wednesday,2,37,29.2,60.0
17480_700,Wednesday,2,27,48.9,60.0
28258_100,Wednesday,2,9,0.0,0.0
22754_700,Wednesday,2,83,-17.3,0.0
12194_700,Wednesday,2,53,19.5,81.0
17485_700,Wednesday,2,11,60.0,60.0
24042_100,Wednesday,2,56,-6.4,0.0
16859_700,Wednesday,2,160,4.9,136.0
11362_700,Wednesday,2,295,10.2,142.0
24049_100,Wednesday,2,12,0.0,0.0
17470_700,Wednesday,2,241,26.9,180.0
17478_700,Wednesday,2,8,0.0,0.0
7361_700,Wednesday,7,490,0.4,79.0
1882_900,Wednesday,7,76,4.8,83.0
18353_700,Wednesday,7,181,3.8,216.0
1550_700,Wednesday,7,273,1.2,136.0
7362_900,Wednesday,7,584,0.3,117.0
1558_900,Wednesday,7,562,0.1,68.0
18369_700,Wednesday,7,205,23.2,309.0
18359_700,Wednesday,7,234,8.0,176.0
18352_700,Wednesday,7,70,0.8,50.0
1548_700,Wednesday,7,1140,1.1,141.0
27268_700,Wednesday,7,49,0.0,0.0
18355_700,Wednesday,7,126,8.0,131.0
1547_700,Wednesday,7,377,-0.2,102.0
1549_700,Wednesday,7,617,0.3,147.0
5635_900,Wednesday,7,1705,1.5,202.0
18361_700,Wednesday,7,278,5.2,216.0
1881_900,Wednesday,7,58,4.9,74.0
5596_700,Wednesday,7,348,1.2,132.0
5633_900,Wednesday,7,641,0.6,77.0
1556_900,Wednesday,7,1110,0.6,117.0
15277_700,Wednesday,7,652,3.3,252.0
18350_700,Wednesday,7,368,8.9,317.0
5377_700,Wednesday,7,107,20.7,225.0
27915_700,Wednesday,7,65,7.8,506.0
18354_700,Wednesday,7,92,1.7,80.0
18345_700,Wednesday,7,47,10.2,108.0
1546_700,Wednesday,7,666,-0.1,135.0
15274_700,Wednesday,7,952,2.8,251.0
26454_700,Wednesday,7,66,-1.1,63.0
27916_700,Wednesday,7,113,6.0,628.0
18360_700,Wednesday,7,277,11.9,276.0
1883_900,Wednesday,7,45,-2.5,73.0
1871_700,Wednesday,7,79,-0.6,210.0
18358_700,Wednesday,7,165,3.5,171.0
343_900,Wednesday,7,400,0.4,58.0
1551_700,Wednesday,7,506,2.6,409.0
18341_700,Wednesday,7,95,7.8,126.0
20810_700,Wednesday,7,24,0.0,0.0
340_900,Wednesday,7,474,1.1,123.0
18372_700,Wednesday,7,25,0.0,0.0
5384_700,Wednesday,7,182,44.7,262.0
18339_700,Wednesday,7,56,3.2,90.0
5380_700,Wednesday,7,72,3.4,106.0
1872_700,Wednesday,7,67,6.0,502.0
20812_100,Wednesday,7,14,0.0,0.0
15276_700,Wednesday,7,255,14.4,626.0
20813_100,Wednesday,7,36,0.0,0.0
16915_700,Wednesday,7,230,2.4,189.0
21725_700,Wednesday,7,94,0.0,0.0
18351_700,Wednesday,7,132,11.4,322.0
18347_700,Wednesday,7,50,80.9,495.0
21947_700,Wednesday,7,131,3.4,172.0
18340_700,Wednesday,7,35,3.9,35.0
18365_700,Wednesday,7,30,0.0,0.0
15714_700,Wednesday,7,52,-9.7,74.0
21726_700,Wednesday,7,27,5.7,154.0
5340_700,Wednesday,7,132,15.7,238.0
22804_700,Wednesday,7,198,4.2,140.0
18366_700,Wednesday,7,40,112.1,472.0
18343_700,Wednesday,7,182,27.6,4790.0
18348_700,Wednesday,7,38,9.1,111.0
26790_106,Wednesday,7,66,0.0,0.0
5345_700,Wednesday,7,153,21.6,210.0
5373_700,Wednesday,7,13,0.0,0.0
15273_700,Wednesday,7,150,1.5,146.0
5332_700,Wednesday,7,108,52.9,330.0
5382_700,Wednesday,7,4,0.0,0.0
26789_106,Wednesday,7,8,0.0,0.0
16009_700,Wednesday,7,142,10.0,132.0
5364_700,Wednesday,7,78,29.4,195.0
5363_700,Wednesday,7,37,11.8,60.0
27300_700,Wednesday,7,142,2.5,60.0
5334_700,Wednesday,7,55,23.1,171.0
18370_700,Wednesday,7,237,25.0,274.0
5355_700,Wednesday,7,73,-7.6,126.0
1870_700,Wednesday,7,52,13.4,258.0
5368_700,Wednesday,7,187,28.6,234.0
18371_700,Wednesday,7,87,72.0,573.0
26783_106,Wednesday,7,90,0.0,0.0
5379_700,Wednesday,7,175,9.5,165.0
5372_700,Wednesday,7,145,22.7,179.0
13438_900,Wednesday,7,312,0.5,74.0
27287_700,Wednesday,7,45,41.3,180.0
18357_700,Wednesday,7,28,173.2,4850.0
18356_700,Wednesday,7,42,0.0,0.0
18368_700,Wednesday,7,89,21.0,412.0
5381_700,Wednesday,7,253,14.5,131.0
27278_700,Wednesday,7,62,0.0,0.0
5365_700,Wednesday,7,147,4.8,115.0
18363_700,Wednesday,7,115,2.9,142.0
5369_700,Wednesday,7,86,35.2,228.0
5376_700,Wednesday,7,153,-4.7,256.0
5339_700,Wednesday,7,198,43.2,517.0
27284_700,Wednesday,7,23,0.0,0.0
27292_700,Wednesday,7,33,0.0,0.0
5354_700,Wednesday,7,63,21.8,261.0
5335_700,Wednesday,7,50,8.4,75.0
5337_700,Wednesday,7,55,36.1,186.0
5370_700,Wednesday,7,116,18.2,103.0
1880_900,Wednesday,7,6,-36.3,0.0
5378_700,Wednesday,7,172,11.4,273.0
5343_700,Wednesday,7,137,16.6,237.0
5342_700,Wednesday,7,79,-5.7,338.0
23444_700,Wednesday,7,15,-55.3,60.0
5362_700,Wednesday,7,46,45.1,120.0
10224_109,Wednesday,7,228,6.8,60.0
27276_700,Wednesday,7,133,4.1,120.0
26791_106,Wednesday,7,8,0.0,0.0
27289_700,Wednesday,7,151,14.7,120.0
27280_700,Wednesday,7,160,1.1,60.0
27277_700,Wednesday,7,105,0.0,0.0
26785_106,Wednesday,7,112,0.0,0.0
5336_700,Wednesday,7,58,-314.5,246.0
24044_100,Wednesday,7,60,0.0,0.0
24055_100,Wednesday,7,72,-32.5,120.0
19058_100,Wednesday,7,248,13.1,360.0
24053_100,Wednesday,7,158,41.0,600.0
24025_100,Wednesday,7,510,6.0,1260.0
24056_100,Wednesday,7,87,13.8,420.0
24045_100,Wednesday,7,130,44.3,600.0
24049_100,Wednesday,7,83,16.6,240.0
24050_100,Wednesday,7,87,-10.3,60.0
19059_100,Wednesday,7,53,10.2,360.0
24052_100,Wednesday,7,80,27.0,240.0
5338_700,Wednesday,7,13,55.4,60.0
10167_109,Wednesday,7,302,14.7,240.0
28311_100,Wednesday,7,45,-12.0,0.0
24042_100,Wednesday,7,122,19.2,240.0
22240_109,Wednesday,7,265,33.7,840.0
26786_106,Wednesday,7,66,0.0,0.0
18362_700,Wednesday,7,70,6.7,141.0
10141_109,Wednesday,7,339,8.0,180.0
17523_400,Wednesday,7,1280,1.2,240.0
10170_109,Wednesday,7,294,10.8,120.0
4456_700,Wednesday,7,186,1.3,120.0
15959_700,Wednesday,7,238,54.9,213.0
18367_700,Wednesday,7,142,-1.8,121.0
17456_700,Wednesday,7,663,15.1,240.0
27937_700,Wednesday,7,52,-33.7,0.0
27943_700,Wednesday,7,99,-0.7,134.0
18349_700,Wednesday,7,48,4.1,83.0
10157_109,Wednesday,7,293,5.3,60.0
27275_700,Wednesday,7,399,12.9,300.0
27969_700,Wednesday,7,65,94.7,390.0
5346_700,Wednesday,7,35,48.7,156.0
5356_700,Wednesday,7,27,15.6,120.0
5352_700,Wednesday,7,65,5.6,70.0
15280_900,Wednesday,7,67,0.6,62.0
5333_700,Wednesday,7,55,45.5,246.0
5631_700,Wednesday,7,72,0.8,65.0
17360_700,Wednesday,7,394,8.1,180.0
5353_700,Wednesday,7,151,39.6,452.0
10162_109,Wednesday,7,281,5.1,120.0
10143_109,Wednesday,7,270,9.8,120.0
10148_109,Wednesday,7,291,6.2,120.0
10155_109,Wednesday,7,177,5.4,120.0
17333_700,Wednesday,7,320,1.7,240.0
10163_109,Wednesday,7,283,5.5,120.0
5348_700,Wednesday,7,19,43.5,217.0
23945_100,Wednesday,7,125,50.9,600.0
5344_700,Wednesday,7,27,-18.6,5.0
5350_700,Wednesday,7,85,4.3,94.0
27967_700,Wednesday,7,82,43.5,221.0
18344_700,Wednesday,7,42,5.7,69.0
17448_700,Wednesday,7,639,12.5,240.0
10223_109,Wednesday,7,217,25.2,180.0
17453_700,Wednesday,7,518,6.6,180.0
5371_700,Wednesday,7,93,7.9,199.0
26784_106,Wednesday,7,63,0.0,0.0
27307_700,Wednesday,7,10,0.0,0.0
27299_700,Wednesday,7,105,29.7,240.0
27310_700,Wednesday,7,31,0.0,0.0
27290_700,Wednesday,7,161,33.9,360.0
10149_109,Wednesday,7,222,4.1,60.0
27279_700,Wednesday,7,68,0.0,0.0
27285_700,Wednesday,7,11,0.0,0.0
27293_700,Wednesday,7,41,0.0,0.0
27291_700,Wednesday,7,107,43.7,180.0
27267_700,Wednesday,7,19,3.2,60.0
10144_109,Wednesday,7,160,16.5,180.0
5256_700,Wednesday,7,140,162.1,493.0
17422_900,Wednesday,7,265,0.9,180.0
27946_700,Wednesday,7,58,44.6,269.0
27297_700,Wednesday,7,27,0.0,0.0
17459_900,Wednesday,7,775,-3.1,180.0
17525_400,Wednesday,7,552,0.1,120.0
17417_900,Wednesday,7,238,1.0,120.0
5366_700,Wednesday,7,33,37.8,333.0
28109_700,Wednesday,7,18,0.0,0.0
27296_700,Wednesday,7,72,0.0,0.0
17349_700,Wednesday,7,707,5.0,300.0
27934_700,Wednesday,7,168,57.2,323.0
5351_700,Wednesday,7,23,66.4,358.0
22688_700,Wednesday,7,23,0.0,0.0
22693_700,Wednesday,7,34,0.0,0.0
22694_700,Wednesday,7,82,0.0,0.0
22698_700,Wednesday,7,89,0.0,0.0
22687_700,Wednesday,7,78,0.0,0.0
22697_700,Wednesday,7,29,0.0,0.0
22739_700,Wednesday,7,131,0.0,0.0
22712_700,Wednesday,7,178,0.0,0.0
22714_700,Wednesday,7,421,0.0,0.0
22708_700,Wednesday,7,190,0.0,0.0
22724_700,Wednesday,7,55,0.0,0.0
10142_109,Wednesday,7,275,3.9,120.0
22686_700,Wednesday,7,92,0.0,0.0
22691_700,Wednesday,7,260,0.0,0.0
22692_700,Wednesday,7,98,0.0,0.0
22700_700,Wednesday,7,61,0.0,0.0
22706_700,Wednesday,7,48,0.0,0.0
29101_700,Wednesday,7,37,0.0,0.0
22704_700,Wednesday,7,29,0.0,0.0
22707_700,Wednesday,7,34,0.0,0.0
22710_700,Wednesday,7,86,0.0,0.0
22685_700,Wednesday,7,38,0.0,0.0
22690_700,Wednesday,7,25,0.0,0.0
22695_700,Wednesday,7,28,0.0,0.0
22701_700,Wednesday,7,77,0.0,0.0
22702_700,Wednesday,7,66,0.0,0.0
22703_700,Wednesday,7,116,0.0,0.0
22709_700,Wednesday,7,49,0.0,0.0
22711_700,Wednesday,7,73,0.0,0.0
22721_700,Wednesday,7,36,0.0,0.0
22722_700,Wednesday,7,37,0.0,0.0
29103_700,Wednesday,7,18,0.0,0.0
22717_700,Wednesday,7,69,0.0,0.0
22723_700,Wednesday,7,41,0.0,0.0
22715_700,Wednesday,7,29,0.0,0.0
27965_700,Wednesday,7,81,0.2,14.0
17325_700,Wednesday,7,303,77.2,660.0
17420_900,Wednesday,7,190,1.3,120.0
17531_700,Wednesday,7,155,459.9,3420.0
22684_700,Wednesday,7,40,0.0,0.0
17308_700,Wednesday,7,143,0.8,60.0
26788_106,Wednesday,7,48,0.0,0.0
17521_400,Wednesday,7,541,1.9,180.0
27952_700,Wednesday,7,277,36.1,233.0
18911_700,Wednesday,7,151,-86.5,175.0
17536_700,Wednesday,7,153,-3.1,60.0
18899_700,Wednesday,7,101,65.7,136.0
17324_900,Wednesday,7,273,-9.7,60.0
17442_900,Wednesday,7,558,-0.3,180.0
17452_900,Wednesday,7,807,1.0,180.0
17424_900,Wednesday,7,348,-0.7,120.0
17338_900,Wednesday,7,250,-0.2,180.0
18921_700,Wednesday,7,26,53.4,63.0
26793_106,Wednesday,7,18,0.0,0.0
17529_700,Wednesday,7,335,30.3,180.0
17346_700,Wednesday,7,122,1.0,60.0
17518_400,Wednesday,7,676,0.5,60.0
1930_700,Wednesday,7,159,33.9,277.0
1921_700,Wednesday,7,368,3.2,153.0
1923_700,Wednesday,7,605,9.4,1341.0
1928_700,Wednesday,7,174,99.1,806.0
10676_700,Wednesday,7,270,3.4,304.0
10674_700,Wednesday,7,181,9.5,226.0
3713_700,Wednesday,7,118,24.6,266.0
4477_700,Wednesday,7,355,5.7,178.0
1929_700,Wednesday,7,88,13.2,120.0
10675_700,Wednesday,7,55,48.1,363.0
10682_700,Wednesday,7,117,3.0,136.0
1955_700,Wednesday,7,452,21.6,236.0
10296_700,Wednesday,7,51,2.8,72.0
1971_700,Wednesday,7,186,76.6,806.0
1925_700,Wednesday,7,335,-3.0,5.0
1922_700,Wednesday,7,182,32.8,203.0
1945_700,Wednesday,7,286,116.1,3201.0
1920_700,Wednesday,7,166,49.7,546.0
10671_700,Wednesday,7,67,0.0,0.0
3975_700,Wednesday,7,134,55.7,252.0
1924_700,Wednesday,7,223,0.0,68.0
1938_700,Wednesday,7,282,5.2,140.0
10673_700,Wednesday,7,45,106.2,383.0
10678_700,Wednesday,7,19,0.0,0.0
10677_700,Wednesday,7,41,0.0,0.0
10684_700,Wednesday,7,68,7.9,134.0
16735_700,Wednesday,7,94,14.7,222.0
1931_700,Wednesday,7,59,16.3,303.0
16733_700,Wednesday,7,65,5.7,211.0
1936_700,Wednesday,7,40,-8.3,28.0
17352_900,Wednesday,7,80,0.0,0.0
17425_900,Wednesday,7,276,-5.9,60.0
27935_700,Wednesday,7,51,23.0,126.0
18346_700,Wednesday,7,21,-3.0,88.0
17419_900,Wednesday,7,159,0.0,0.0
17427_900,Wednesday,7,150,0.4,60.0
17534_700,Wednesday,7,120,-2.5,60.0
18898_700,Wednesday,7,103,59.0,136.0
27948_700,Wednesday,7,66,28.3,193.0
22726_700,Wednesday,7,70,0.0,0.0
17526_400,Wednesday,7,370,1.9,240.0
17461_700,Wednesday,7,415,-1.0,120.0
17297_700,Wednesday,7,308,2.7,180.0
17299_700,Wednesday,7,170,0.7,60.0
17460_900,Wednesday,7,1025,-0.6,180.0
17326_700,Wednesday,7,180,0.7,120.0
25529_700,Wednesday,7,22,16.8,99.0
26787_106,Wednesday,7,15,0.0,0.0
13118_700,Wednesday,7,2,48.0,96.0
17347_700,Wednesday,7,435,22.2,300.0
17463_900,Wednesday,7,212,-0.0,60.0
24057_100,Wednesday,7,64,16.9,240.0
22452_700,Wednesday,7,33,63.7,98.0
26780_700,Wednesday,7,113,17.0,60.0
17335_700,Wednesday,7,557,5.6,180.0
17438_900,Wednesday,7,226,0.0,60.0
17421_900,Wednesday,7,82,0.0,0.0
17446_900,Wednesday,7,130,0.5,60.0
17538_700,Wednesday,7,678,-0.7,120.0
17306_700,Wednesday,7,833,7.3,240.0
4239_700,Wednesday,7,66,43.0,163.0
22390_700,Wednesday,7,71,-9.3,0.0
24043_100,Wednesday,7,28,-23.6,0.0
17290_700,Wednesday,7,424,14.7,240.0
19065_100,Wednesday,7,13,4.6,60.0
18945_700,Wednesday,7,103,46.1,139.0
21750_700,Wednesday,7,32,55.5,135.0
17365_700,Wednesday,7,188,1.9,360.0
17440_900,Wednesday,7,741,-3.6,240.0
29150_700,Wednesday,7,8,15.2,62.0
4495_700,Wednesday,7,28,86.7,151.0
22689_700,Wednesday,7,28,0.0,0.0
17370_700,Wednesday,7,175,-3.1,60.0
5249_700,Wednesday,7,330,102.4,277.0
27270_700,Wednesday,7,15,0.0,0.0
17298_700,Wednesday,7,30,0.0,0.0
24046_100,Wednesday,7,32,-7.5,0.0
28806_700,Wednesday,7,62,26.1,122.0
18889_700,Wednesday,7,7,62.9,63.0
17345_700,Wednesday,7,131,9.6,120.0
17356_700,Wednesday,7,552,11.6,240.0
17450_700,Wednesday,7,214,12.3,180.0
17313_700,Wednesday,7,133,0.9,60.0
5243_700,Wednesday,7,59,172.4,349.0
27274_700,Wednesday,7,45,8.0,60.0
18915_700,Wednesday,7,48,94.1,132.0
22754_700,Wednesday,7,514,1.8,180.0
18891_700,Wednesday,7,36,62.5,130.0
1877_700,Wednesday,7,3,123.3,144.0
22696_700,Wednesday,7,52,0.0,0.0
17303_700,Wednesday,7,662,13.8,180.0
17375_700,Wednesday,7,102,0.0,0.0
4521_700,Wednesday,7,28,84.1,267.0
18949_109,Wednesday,7,162,6.7,60.0
24694_700,Wednesday,7,81,98.5,146.0
17464_700,Wednesday,7,134,-15.2,60.0
17398_700,Wednesday,7,68,0.0,60.0
17412_700,Wednesday,7,84,-5.0,0.0
17418_900,Wednesday,7,95,0.0,60.0
27950_700,Wednesday,7,37,27.2,122.0
18939_700,Wednesday,7,118,86.4,204.0
27963_700,Wednesday,7,98,91.9,337.0
4244_700,Wednesday,7,58,140.3,489.0
19116_700,Wednesday,7,21,49.2,153.0
17532_700,Wednesday,7,336,20.5,300.0
17400_700,Wednesday,7,98,-366.1,180.0
17294_700,Wednesday,7,254,8.3,240.0
27954_700,Wednesday,7,149,25.8,248.0
18914_700,Wednesday,7,23,69.0,76.0
17302_700,Wednesday,7,239,18.6,180.0
17327_700,Wednesday,7,190,4.7,600.0
18931_700,Wednesday,7,339,76.1,212.0
19104_700,Wednesday,7,60,206.9,438.0
1879_900,Wednesday,7,5,25.2,63.0
18930_700,Wednesday,7,56,114.8,195.0
18923_700,Wednesday,7,46,39.7,62.0
17455_700,Wednesday,7,716,-1.4,120.0
17416_900,Wednesday,7,476,0.4,120.0
1935_700,Wednesday,7,22,3.4,75.0
17319_700,Wednesday,7,477,-0.8,120.0
4222_700,Wednesday,7,11,-6.5,2.0
17385_700,Wednesday,7,57,-4.2,0.0
24759_700,Wednesday,7,101,2.4,180.0
24641_900,Wednesday,7,66,-2.7,0.0
17441_700,Wednesday,7,1015,13.6,240.0
28572_109,Wednesday,7,6,50.0,180.0
22453_700,Wednesday,7,10,55.7,62.0
20845_700,Wednesday,7,50,112.6,235.0
4256_700,Wednesday,7,62,129.6,311.0
27959_700,Wednesday,7,124,19.7,88.0
5252_700,Wednesday,7,47,118.1,331.0
18910_700,Wednesday,7,22,53.5,132.0
17342_700,Wednesday,7,465,60.5,420.0
17384_700,Wednesday,7,84,-1.4,0.0
17414_700,Wednesday,7,59,1.0,180.0
17520_700,Wednesday,7,158,12.5,240.0
17305_700,Wednesday,7,601,18.0,240.0
17320_700,Wednesday,7,341,6.7,120.0
13105_700,Wednesday,7,12,31.2,181.0
27947_700,Wednesday,7,202,107.0,587.0
17339_700,Wednesday,7,425,6.1,120.0
13113_700,Wednesday,7,9,29.9,136.0
22705_700,Wednesday,7,37,0.0,0.0
17537_700,Wednesday,7,86,-1.4,240.0
5235_700,Wednesday,7,129,63.2,146.0
10913_700,Wednesday,7,80,108.3,231.0
25906_700,Wednesday,7,32,85.8,206.0
23414_700,Wednesday,7,209,0.0,60.0
17341_700,Wednesday,7,526,0.8,180.0
18935_700,Wednesday,7,48,65.3,135.0
17527_700,Wednesday,7,6,30.0,120.0
19123_700,Wednesday,7,5,52.6,66.0
13115_700,Wednesday,7,7,18.0,63.0
28805_700,Wednesday,7,21,60.9,126.0
17372_700,Wednesday,7,184,11.1,180.0
4231_700,Wednesday,7,11,59.6,73.0
18364_700,Wednesday,7,119,58.0,293.0
17314_700,Wednesday,7,295,0.4,120.0
17315_700,Wednesday,7,212,22.6,240.0
17368_700,Wednesday,7,311,11.0,360.0
28260_900,Wednesday,7,65,40.6,420.0
23724_700,Wednesday,7,37,73.4,152.0
1878_700,Wednesday,7,33,1.9,62.0
18909_700,Wednesday,7,94,30.1,230.0
17293_700,Wednesday,7,128,13.1,120.0
17312_700,Wednesday,7,93,9.0,60.0
17451_700,Wednesday,7,340,-0.7,120.0
17437_700,Wednesday,7,164,63.3,360.0
4514_700,Wednesday,7,65,97.9,220.0
4265_700,Wednesday,7,86,80.2,199.0
19105_700,Wednesday,7,1,0.0,0.0
19110_700,Wednesday,7,44,602.0,1116.0
4507_700,Wednesday,7,9,70.8,82.0
18933_700,Wednesday,7,48,78.6,135.0
17329_700,Wednesday,7,174,25.5,240.0
17311_700,Wednesday,7,429,5.5,240.0
17744_700,Wednesday,7,74,8.1,120.0
10672_700,Wednesday,7,34,38.9,145.0
29160_700,Wednesday,7,3,64.3,127.0
17330_700,Wednesday,7,338,21.5,180.0
17444_900,Wednesday,7,112,3.2,120.0
19131_700,Wednesday,7,44,84.3,277.0
4240_700,Wednesday,7,101,99.1,228.0
17340_700,Wednesday,7,442,58.8,180.0
10914_700,Wednesday,7,18,74.6,143.0
19126_700,Wednesday,7,61,188.3,355.0
17401_700,Wednesday,7,27,0.0,0.0
4287_700,Wednesday,7,114,53.4,186.0
17300_700,Wednesday,7,238,117.5,720.0
17301_900,Wednesday,7,113,-8.5,180.0
4503_700,Wednesday,7,42,97.0,199.0
18920_700,Wednesday,7,157,71.0,191.0
18926_700,Wednesday,7,30,166.9,267.0
28803_700,Wednesday,7,19,101.7,142.0
4505_700,Wednesday,7,15,6.5,7.0
17380_700,Wednesday,7,130,-20.8,60.0
17447_700,Wednesday,7,280,2.1,240.0
23415_700,Wednesday,7,518,10.7,360.0
20930_700,Wednesday,7,113,64.5,189.0
4258_700,Wednesday,7,47,119.6,188.0
17449_700,Wednesday,7,631,1.9,120.0
27949_700,Wednesday,7,25,76.6,188.0
18938_700,Wednesday,7,12,54.9,66.0
17344_700,Wednesday,7,51,14.1,60.0
17388_700,Wednesday,7,24,350.0,660.0
1939_700,Wednesday,7,62,49.9,187.0
17292_700,Wednesday,7,257,9.1,120.0
16349_100,Wednesday,7,20,0.0,0.0
10276_109,Wednesday,7,108,12.2,180.0
13418_700,Wednesday,7,41,201.7,343.0
27964_700,Wednesday,7,29,344.9,401.0
11536_109,Wednesday,7,36,30.0,120.0
10229_109,Wednesday,7,41,54.1,180.0
24048_100,Wednesday,7,16,-15.0,60.0
27938_700,Wednesday,7,61,54.2,253.0
5237_700,Wednesday,7,59,91.2,293.0
24718_700,Wednesday,7,6,55.7,179.0
13134_700,Wednesday,7,5,13.0,65.0
13122_700,Wednesday,7,28,55.8,73.0
17465_700,Wednesday,7,604,7.1,120.0
4261_700,Wednesday,7,49,115.4,262.0
4223_700,Wednesday,7,60,73.5,170.0
5233_700,Wednesday,7,105,114.8,300.0
19118_700,Wednesday,7,108,172.8,428.0
18900_700,Wednesday,7,64,79.5,137.0
17407_700,Wednesday,7,45,-4.0,0.0
17361_700,Wednesday,7,147,-2.0,120.0
10683_700,Wednesday,7,23,91.0,112.0
10227_109,Wednesday,7,196,71.6,360.0
10159_109,Wednesday,7,36,13.3,120.0
17334_700,Wednesday,7,414,-5.1,120.0
18892_700,Wednesday,7,16,86.5,145.0
17530_700,Wednesday,7,297,10.3,180.0
21159_700,Wednesday,7,2,33.0,66.0
4238_700,Wednesday,7,52,96.7,181.0
4242_700,Wednesday,7,90,41.6,135.0
5254_700,Wednesday,7,52,108.8,225.0
17295_700,Wednesday,7,120,-0.0,60.0
17382_700,Wednesday,7,45,-21.3,0.0
5264_700,Wednesday,7,10,149.1,201.0
6620_700,Wednesday,7,22,2.2,7.0
5232_700,Wednesday,7,82,164.5,323.0
13133_700,Wednesday,7,9,14.0,66.0
21454_700,Wednesday,7,3,20.0,60.0
15711_700,Wednesday,7,19,69.7,132.0
28800_700,Wednesday,7,18,151.9,260.0
4254_700,Wednesday,7,42,33.5,612.0
22699_700,Wednesday,7,33,0.0,0.0
22609_700,Wednesday,7,202,-1.8,60.0
17413_700,Wednesday,7,34,0.0,0.0
17535_700,Wednesday,7,240,-9.0,180.0
17462_700,Wednesday,7,342,2.8,240.0
28571_109,Wednesday,7,6,10.0,60.0
27953_700,Wednesday,7,34,20.6,189.0
4241_700,Wednesday,7,22,79.1,206.0
17390_700,Wednesday,7,107,0.6,120.0
17458_700,Wednesday,7,501,5.3,120.0
28712_700,Wednesday,7,10,0.0,0.0
17331_700,Wednesday,7,166,-0.7,60.0
17348_700,Wednesday,7,514,7.4,360.0
17362_700,Wednesday,7,300,13.4,120.0
1926_700,Wednesday,7,50,-253.8,351.0
29164_700,Wednesday,7,1,67.0,67.0
10686_700,Wednesday,7,14,-19.6,6.0
4493_700,Wednesday,7,79,120.4,230.0
6624_700,Wednesday,7,10,101.0,216.0
4247_700,Wednesday,7,60,127.9,367.0
19112_700,Wednesday,7,40,38.4,64.0
18922_700,Wednesday,7,88,55.3,146.0
18932_700,Wednesday,7,24,56.5,65.0
24715_700,Wednesday,7,8,5.5,69.0
17367_700,Wednesday,7,355,154.0,2100.0
17310_700,Wednesday,7,334,12.6,240.0
4270_700,Wednesday,7,16,49.1,66.0
10226_109,Wednesday,7,265,71.5,420.0
18907_700,Wednesday,7,27,39.7,68.0
14755_700,Wednesday,7,1,0.0,0.0
5259_700,Wednesday,7,29,74.7,182.0
18906_700,Wednesday,7,33,184.7,238.0
4237_700,Wednesday,7,36,9.1,65.0
20364_700,Wednesday,7,42,45.0,131.0
9696_700,Wednesday,7,8,43.6,66.0
19133_700,Wednesday,7,68,81.0,196.0
18905_700,Wednesday,7,9,99.4,127.0
17378_700,Wednesday,7,255,12.2,120.0
17392_700,Wednesday,7,22,27.3,60.0
17316_700,Wednesday,7,197,-3.7,0.0
17376_700,Wednesday,7,50,26.4,60.0
17309_700,Wednesday,7,108,20.0,180.0
17457_700,Wednesday,7,466,4.1,120.0
17355_700,Wednesday,7,315,10.9,120.0
17364_700,Wednesday,7,358,16.1,240.0
13110_700,Wednesday,7,49,43.3,435.0
13125_700,Wednesday,7,3,20.3,61.0
4498_700,Wednesday,7,43,133.9,300.0
27269_700,Wednesday,7,24,167.5,180.0
4226_700,Wednesday,7,45,49.4,123.0
27266_700,Wednesday,7,28,0.0,0.0
18904_700,Wednesday,7,60,179.5,409.0
18941_700,Wednesday,7,11,26.6,63.0
5358_700,Wednesday,7,11,6.3,56.0
17322_700,Wednesday,7,175,23.3,300.0
18917_700,Wednesday,7,29,99.5,198.0
4502_700,Wednesday,7,25,121.7,280.0
13106_700,Wednesday,7,5,5.4,16.0
29165_700,Wednesday,7,7,9.0,63.0
5248_700,Wednesday,7,96,35.3,136.0
27044_700,Wednesday,7,34,71.9,139.0
5250_700,Wednesday,7,46,119.9,307.0
28799_700,Wednesday,7,74,95.1,202.0
4518_700,Wednesday,7,12,55.8,70.0
4260_700,Wednesday,7,12,51.1,68.0
17369_700,Wednesday,7,148,57.6,360.0
17373_700,Wednesday,7,177,9.2,180.0
17323_700,Wednesday,7,303,16.2,420.0
17318_700,Wednesday,7,159,-4.5,420.0
17350_700,Wednesday,7,251,1.7,180.0
16345_100,Wednesday,7,39,0.0,0.0
17443_700,Wednesday,7,55,13.1,180.0
14753_700,Wednesday,7,53,322.8,496.0
27956_700,Wednesday,7,9,-20.1,66.0
18902_700,Wednesday,7,23,241.1,268.0
4497_700,Wednesday,7,20,63.2,132.0
18374_700,Wednesday,7,220,16.9,120.0
16354_700,Wednesday,7,31,72.7,132.0
17619_700,Wednesday,7,80,12.7,60.0
18929_700,Wednesday,7,100,81.3,187.0
13889_700,Wednesday,7,50,76.5,121.0
28399_700,Wednesday,7,28,138.9,311.0
27945_700,Wednesday,7,150,30.7,167.0
6618_700,Wednesday,7,98,119.4,210.0
4264_700,Wednesday,7,41,34.9,76.0
19113_700,Wednesday,7,16,69.4,70.0
18916_700,Wednesday,7,51,30.5,74.0
28259_100,Wednesday,7,141,88.9,1020.0
18885_700,Wednesday,7,8,19.9,20.0
17304_700,Wednesday,7,471,4.1,120.0
6626_700,Wednesday,7,28,19.4,109.0
23944_100,Wednesday,7,11,0.0,0.0
17515_400,Wednesday,7,624,0.4,120.0
17351_700,Wednesday,7,67,4.5,60.0
17354_700,Wednesday,7,175,8.6,60.0
17359_700,Wednesday,7,179,29.2,180.0
17454_700,Wednesday,7,259,-1.6,60.0
17514_400,Wednesday,7,809,2.2,480.0
17374_900,Wednesday,7,52,-30.0,0.0
22718_700,Wednesday,7,10,0.0,0.0
5241_700,Wednesday,7,62,77.0,206.0
17383_700,Wednesday,7,81,34.8,240.0
10145_109,Wednesday,7,204,12.1,120.0
27962_700,Wednesday,7,35,150.7,284.0
10150_109,Wednesday,7,22,8.2,60.0
24864_109,Wednesday,7,32,7.5,60.0
27939_700,Wednesday,7,27,75.0,185.0
17328_700,Wednesday,7,195,-3.4,60.0
29140_700,Wednesday,7,36,131.4,272.0
13116_700,Wednesday,7,5,16.8,62.0
19066_100,Wednesday,7,142,123.0,840.0
4225_700,Wednesday,7,39,99.3,216.0
10158_109,Wednesday,7,156,12.3,120.0
17296_700,Wednesday,7,49,-1.2,0.0
17317_700,Wednesday,7,201,-0.6,120.0
20931_700,Wednesday,7,6,48.5,88.0
4281_700,Wednesday,7,81,35.4,144.0
17389_700,Wednesday,7,19,0.0,0.0
10165_109,Wednesday,7,46,14.3,60.0
10166_109,Wednesday,7,33,10.9,60.0
17381_700,Wednesday,7,232,-14.7,120.0
17321_700,Wednesday,7,95,9.5,60.0
18927_700,Wednesday,7,26,65.5,126.0
17409_700,Wednesday,7,56,2.1,120.0
17403_700,Wednesday,7,23,0.0,0.0
20809_100,Wednesday,7,14,0.0,0.0
4248_700,Wednesday,7,44,37.7,166.0
20969_700,Wednesday,7,7,50.6,75.0
13108_700,Wednesday,7,9,7.6,68.0
17366_700,Wednesday,7,303,19.2,180.0
10679_700,Wednesday,7,49,134.1,340.0
17379_700,Wednesday,7,201,11.0,180.0
17516_400,Wednesday,7,40,1.5,60.0
18924_700,Wednesday,7,17,170.4,210.0
17281_700,Wednesday,7,57,11.6,60.0
13127_700,Wednesday,7,55,157.1,729.0
29169_700,Wednesday,7,7,17.9,125.0
15025_700,Wednesday,7,1,63.0,63.0
4251_700,Wednesday,7,120,93.3,439.0
4504_700,Wednesday,7,47,204.2,418.0
17445_700,Wednesday,7,126,-6.7,0.0
22451_700,Wednesday,7,49,94.4,207.0
18893_700,Wednesday,7,7,120.4,130.0
4259_700,Wednesday,7,78,53.8,145.0
27942_700,Wednesday,7,64,132.7,316.0
27957_700,Wednesday,7,50,105.2,185.0
16734_700,Wednesday,7,33,7.7,148.0
17512_400,Wednesday,7,20,0.0,0.0
18895_700,Wednesday,7,98,125.4,341.0
13126_700,Wednesday,7,7,30.6,150.0
5247_700,Wednesday,7,40,42.0,55.0
5236_700,Wednesday,7,69,68.0,186.0
14754_700,Wednesday,7,41,53.6,116.0
13543_700,Wednesday,7,18,62.2,66.0
17394_700,Wednesday,7,10,0.0,0.0
5263_700,Wednesday,7,9,81.4,163.0
5251_700,Wednesday,7,64,65.3,217.0
28802_700,Wednesday,7,30,124.7,188.0
18940_700,Wednesday,7,14,62.2,66.0
17415_700,Wednesday,7,32,58.1,180.0
4269_700,Wednesday,7,21,-2.1,14.0
5242_700,Wednesday,7,10,218.4,226.0
17402_700,Wednesday,7,16,-0.0,60.0
26781_700,Wednesday,7,63,-1.9,120.0
17377_700,Wednesday,7,77,13.2,60.0
17279_700,Wednesday,7,75,60.8,420.0
13114_700,Wednesday,7,4,57.0,228.0
5234_700,Wednesday,7,41,174.1,350.0
17393_700,Wednesday,7,69,180.9,360.0
4509_700,Wednesday,7,23,58.9,143.0
19009_700,Wednesday,7,70,122.6,446.0
4224_700,Wednesday,7,50,39.3,146.0
19109_700,Wednesday,7,26,103.4,164.0
18908_700,Wednesday,7,71,56.4,144.0
17357_700,Wednesday,7,56,78.2,360.0
18937_700,Wednesday,7,69,67.7,130.0
17363_700,Wednesday,7,93,33.5,120.0
5359_700,Wednesday,7,18,105.3,381.0
13136_700,Wednesday,7,5,12.0,60.0
4227_700,Wednesday,7,9,62.9,63.0
19114_700,Wednesday,7,35,52.9,104.0
22424_700,Wednesday,7,5,72.8,73.0
18934_700,Wednesday,7,22,66.4,73.0
1874_700,Wednesday,7,4,23.8,54.0
17435_700,Wednesday,7,46,32.6,120.0
20369_100,Wednesday,7,12,0.0,0.0
13104_700,Wednesday,7,2,0.0,0.0
25354_700,Wednesday,7,26,74.5,289.0
17533_700,Wednesday,7,354,9.5,180.0
23154_700,Wednesday,7,119,22.2,180.0
4511_700,Wednesday,7,41,242.4,453.0
19079_700,Wednesday,7,28,127.9,227.0
27961_700,Wednesday,7,45,12.3,73.0
15278_700,Wednesday,7,18,3.4,61.0
19117_700,Wednesday,7,7,28.0,31.0
5268_700,Wednesday,7,5,1.0,18.0
21284_700,Wednesday,7,84,41.4,120.0
29102_700,Wednesday,7,20,0.0,0.0
4257_700,Wednesday,7,84,82.0,127.0
4243_700,Wednesday,7,25,160.0,287.0
5262_700,Wednesday,7,25,19.8,77.0
15068_3,Wednesday,7,8,84.9,126.0
17343_700,Wednesday,7,67,45.7,120.0
17391_700,Wednesday,7,16,3.7,60.0
27968_700,Wednesday,7,59,57.6,365.0
4250_700,Wednesday,7,105,58.3,198.0
18884_700,Wednesday,7,17,119.6,205.0
18888_700,Wednesday,7,39,138.2,199.0
7251_700,Wednesday,7,12,52.7,66.0
16774_700,Wednesday,7,35,51.3,140.0
19122_700,Wednesday,7,21,394.5,446.0
4499_700,Wednesday,7,82,208.8,410.0
15624_700,Wednesday,7,4,97.0,132.0
29156_700,Wednesday,7,8,24.6,128.0
13888_700,Wednesday,7,7,5.0,6.0
17307_700,Wednesday,7,44,21.8,60.0
4236_700,Wednesday,7,28,-1.9,16.0
22454_700,Wednesday,7,18,44.7,65.0
19120_700,Wednesday,7,23,67.0,97.0
5246_700,Wednesday,7,17,22.8,66.0
16374_700,Wednesday,7,23,1.6,6.0
5260_700,Wednesday,7,17,4.3,11.0
13123_700,Wednesday,7,1,330.0,330.0
13111_700,Wednesday,7,4,16.8,67.0
15024_700,Wednesday,7,1,258.0,258.0
17332_700,Wednesday,7,14,77.1,180.0
4245_700,Wednesday,7,22,83.8,142.0
19211_700,Wednesday,7,22,93.2,224.0
19107_700,Wednesday,7,5,-58.6,0.0
17289_700,Wednesday,7,69,31.3,180.0
18913_700,Wednesday,7,137,111.8,523.0
15027_700,Wednesday,7,3,20.7,62.0
5255_700,Wednesday,7,21,110.9,226.0
17406_700,Wednesday,7,26,0.0,0.0
19127_700,Wednesday,7,82,70.9,123.0
4266_700,Wednesday,7,44,61.6,126.0
10911_700,Wednesday,7,12,182.8,289.0
13120_700,Wednesday,7,5,12.8,64.0
13107_700,Wednesday,7,20,155.9,335.0
15712_700,Wednesday,7,17,81.2,327.0
19705_700,Wednesday,7,34,58.2,180.0
19129_700,Wednesday,7,54,66.8,141.0
27958_700,Wednesday,7,38,50.9,70.0
26410_700,Wednesday,7,36,2.4,83.0
19062_100,Wednesday,7,11,0.0,0.0
27936_700,Wednesday,7,28,46.2,195.0
13730_700,Wednesday,7,12,175.2,210.0
1933_700,Wednesday,7,13,10.0,65.0
19155_109,Wednesday,7,29,-4.1,0.0
4249_700,Wednesday,7,44,151.2,186.0
19103_700,Wednesday,7,41,56.2,131.0
5238_700,Wednesday,7,56,118.4,173.0
4262_700,Wednesday,7,21,126.8,275.0
4228_700,Wednesday,7,7,-74.4,0.0
19106_700,Wednesday,7,21,178.2,281.0
6629_700,Wednesday,7,39,214.2,347.0
13729_700,Wednesday,7,15,53.5,69.0
4496_700,Wednesday,7,35,148.8,320.0
22719_700,Wednesday,7,4,156.5,295.0
19119_700,Wednesday,7,61,116.4,1320.0
27288_700,Wednesday,7,27,0.0,0.0
4519_700,Wednesday,7,8,48.6,65.0
5341_700,Wednesday,7,47,43.2,474.0
13443_700,Wednesday,7,6,67.2,279.0
25905_700,Wednesday,7,17,95.2,202.0
6617_700,Wednesday,7,52,86.5,250.0
27951_700,Wednesday,7,62,159.5,349.0
17410_700,Wednesday,7,19,0.0,0.0
22624_700,Wednesday,7,6,304.8,305.0
5239_700,Wednesday,7,120,123.3,319.0
24047_100,Wednesday,7,10,-24.0,0.0
27944_700,Wednesday,7,69,53.6,330.0
25219_700,Wednesday,7,6,-30.0,60.0
19156_109,Wednesday,7,28,235.7,660.0
6625_700,Wednesday,7,42,44.0,195.0
5257_700,Wednesday,7,15,225.9,226.0
4520_700,Wednesday,7,33,244.1,325.0
10912_700,Wednesday,7,25,72.9,135.0
27966_700,Wednesday,7,43,150.0,389.0
4268_700,Wednesday,7,20,47.9,103.0
29163_700,Wednesday,7,3,41.0,62.0
25907_700,Wednesday,7,21,162.6,186.0
27941_700,Wednesday,7,41,44.8,207.0
17395_700,Wednesday,7,16,-3.7,0.0
27569_700,Wednesday,7,10,60.0,300.0
4232_700,Wednesday,7,34,89.7,165.0
6621_700,Wednesday,7,29,147.1,352.0
19019_700,Wednesday,7,13,0.0,0.0
26405_700,Wednesday,7,23,-5.4,16.0
29157_700,Wednesday,7,5,34.0,170.0
5253_700,Wednesday,7,25,44.4,124.0
25489_700,Wednesday,7,17,12.4,68.0
28801_700,Wednesday,7,29,72.3,203.0
17411_700,Wednesday,7,47,12.8,180.0
20479_700,Wednesday,7,7,100.1,127.0
19121_700,Wednesday,7,48,169.8,1055.0
19128_700,Wednesday,7,20,141.4,231.0
5258_700,Wednesday,7,14,24.1,35.0
18969_100,Wednesday,7,4,0.0,0.0
4516_700,Wednesday,7,14,72.5,130.0
27286_700,Wednesday,7,31,0.0,0.0
23435_700,Wednesday,7,17,156.8,187.0
18897_700,Wednesday,7,14,249.1,287.0
14733_700,Wednesday,7,5,36.2,61.0
17336_700,Wednesday,7,34,30.0,120.0
22713_700,Wednesday,7,10,0.0,0.0
4221_700,Wednesday,7,25,56.2,76.0
4267_700,Wednesday,7,17,45.0,66.0
4515_700,Wednesday,7,27,46.0,70.0
5265_700,Wednesday,7,8,118.9,165.0
4492_700,Wednesday,7,8,1.6,2.0
29104_700,Wednesday,7,6,0.0,0.0
15020_700,Wednesday,7,4,15.8,63.0
19108_700,Wednesday,7,1,0.0,0.0
5252_3,Wednesday,7,4,0.0,0.0
17536_700,Wednesday,11,135,12.9,120.0
17460_900,Wednesday,11,1046,-2.8,480.0
17400_700,Wednesday,11,110,32.7,120.0
17420_900,Wednesday,11,190,10.7,120.0
17299_700,Wednesday,11,177,-5.8,120.0
4281_700,Wednesday,11,115,179.2,283.0
4222_700,Wednesday,11,28,63.2,93.0
26786_106,Wednesday,11,44,51.1,189.0
26788_106,Wednesday,11,60,197.1,540.0
26785_106,Wednesday,11,112,7.0,130.0
26789_106,Wednesday,11,4,0.0,0.0
26790_106,Wednesday,11,88,7.6,133.0
26791_106,Wednesday,11,4,0.0,0.0
26793_106,Wednesday,11,18,0.0,0.0
26783_106,Wednesday,11,75,5.5,100.0
26784_106,Wednesday,11,61,17.3,180.0
17366_700,Wednesday,11,326,10.9,240.0
19244_700,Wednesday,11,18,116.1,170.0
23154_700,Wednesday,11,73,2.5,60.0
17465_700,Wednesday,11,684,9.9,300.0
17437_700,Wednesday,11,155,53.8,300.0
17443_700,Wednesday,11,49,12.2,120.0
17330_700,Wednesday,11,395,58.6,480.0
19128_700,Wednesday,11,14,17.0,40.0
22754_700,Wednesday,11,470,-1.9,180.0
17514_400,Wednesday,11,681,-6.1,60.0
17401_700,Wednesday,11,27,-15.6,0.0
20969_700,Wednesday,11,21,189.6,236.0
5238_700,Wednesday,11,164,128.4,278.0
4239_700,Wednesday,11,35,26.2,92.0
5241_700,Wednesday,11,115,86.8,314.0
19127_700,Wednesday,11,147,44.9,122.0
4221_700,Wednesday,11,20,18.9,69.0
5250_700,Wednesday,11,68,213.6,357.0
4226_700,Wednesday,11,9,14.9,87.0
5237_700,Wednesday,11,43,131.1,350.0
18908_700,Wednesday,11,85,65.7,142.0
18922_700,Wednesday,11,100,58.4,120.0
18929_700,Wednesday,11,100,31.0,2460.0
18900_700,Wednesday,11,104,91.6,269.0
22453_700,Wednesday,11,11,117.3,217.0
22624_700,Wednesday,11,22,43.6,100.0
18909_700,Wednesday,11,200,94.1,343.0
18926_700,Wednesday,11,38,62.2,105.0
18889_700,Wednesday,11,9,69.6,70.0
17531_700,Wednesday,11,168,-10.0,120.0
17538_700,Wednesday,11,524,78.1,900.0
17281_700,Wednesday,11,80,55.5,240.0
17520_700,Wednesday,11,173,5.2,120.0
17370_700,Wednesday,11,176,5.5,120.0
17331_700,Wednesday,11,168,23.6,180.0
17335_700,Wednesday,11,366,44.6,240.0
17340_700,Wednesday,11,446,3.2,240.0
17305_700,Wednesday,11,578,32.3,600.0
17322_700,Wednesday,11,210,34.6,240.0
17342_700,Wednesday,11,394,39.3,240.0
17300_700,Wednesday,11,321,-13.1,120.0
17317_700,Wednesday,11,199,40.4,360.0
17457_700,Wednesday,11,584,7.0,240.0
17364_700,Wednesday,11,406,72.4,480.0
17327_700,Wednesday,11,75,-9.6,0.0
17334_700,Wednesday,11,344,-1.0,240.0
17372_700,Wednesday,11,249,4.8,120.0
5243_700,Wednesday,11,44,55.0,153.0
5233_700,Wednesday,11,62,170.2,315.0
29160_700,Wednesday,11,35,34.0,108.0
17456_700,Wednesday,11,845,-6.2,180.0
17532_700,Wednesday,11,315,-15.4,120.0
17535_700,Wednesday,11,298,19.1,240.0
17309_700,Wednesday,11,136,57.4,300.0
17356_700,Wednesday,11,297,13.3,300.0
17435_700,Wednesday,11,60,-7.0,180.0
17521_400,Wednesday,11,493,17.9,60.0
24050_100,Wednesday,11,110,-10.4,60.0
24055_100,Wednesday,11,72,1.7,480.0
17385_700,Wednesday,11,56,2.1,120.0
17442_900,Wednesday,11,563,28.5,180.0
1938_700,Wednesday,11,248,66.3,237.0
7361_700,Wednesday,11,490,17.4,269.0
17459_900,Wednesday,11,560,43.2,360.0
5596_700,Wednesday,11,330,12.1,207.0
4250_700,Wednesday,11,63,115.4,2239.0
17294_700,Wednesday,11,180,-0.7,60.0
5635_900,Wednesday,11,1798,12.1,199.0
17302_700,Wednesday,11,294,30.8,180.0
17306_700,Wednesday,11,904,10.6,240.0
1879_900,Wednesday,11,11,38.2,90.0
17328_700,Wednesday,11,228,16.8,120.0
18374_700,Wednesday,11,276,5.0,120.0
17341_700,Wednesday,11,514,8.2,300.0
22714_700,Wednesday,11,437,25.9,326.0
17349_700,Wednesday,11,627,1.7,180.0
27277_700,Wednesday,11,98,31.8,360.0
17368_700,Wednesday,11,283,12.3,180.0
5344_700,Wednesday,11,60,44.1,137.0
17449_700,Wednesday,11,1026,23.9,540.0
17450_700,Wednesday,11,180,9.7,120.0
1955_700,Wednesday,11,351,-14.1,329.0
1546_700,Wednesday,11,646,11.0,144.0
1929_700,Wednesday,11,119,43.3,145.0
27963_700,Wednesday,11,118,157.3,1008.0
24025_100,Wednesday,11,478,161.5,2700.0
19058_100,Wednesday,11,139,102.7,840.0
5336_700,Wednesday,11,83,84.4,758.0
5350_700,Wednesday,11,103,17.6,176.0
10684_700,Wednesday,11,20,0.0,0.0
22684_700,Wednesday,11,102,43.1,217.0
22712_700,Wednesday,11,179,3.2,54.0
16915_700,Wednesday,11,142,12.9,253.0
17455_700,Wednesday,11,978,-12.8,180.0
17529_700,Wednesday,11,515,48.9,540.0
26780_700,Wednesday,11,78,-36.9,60.0
29195_700,Wednesday,11,8,26.9,82.0
24044_100,Wednesday,11,40,0.0,0.0
17444_900,Wednesday,11,126,19.5,180.0
21947_700,Wednesday,11,100,8.2,78.0
1549_700,Wednesday,11,494,11.2,263.0
16734_700,Wednesday,11,79,0.0,0.0
17422_900,Wednesday,11,266,0.9,60.0
15274_700,Wednesday,11,763,10.8,148.0
17301_900,Wednesday,11,130,10.6,120.0
17419_900,Wednesday,11,136,6.2,60.0
5631_700,Wednesday,11,68,0.0,0.0
22804_700,Wednesday,11,120,25.1,207.0
5376_700,Wednesday,11,70,17.8,77.0
1547_700,Wednesday,11,351,1.3,64.0
1550_700,Wednesday,11,273,4.6,139.0
5384_700,Wednesday,11,217,95.2,589.0
5343_700,Wednesday,11,64,28.2,168.0
5354_700,Wednesday,11,47,25.6,166.0
5340_700,Wednesday,11,152,8.4,77.0
17290_700,Wednesday,11,436,11.3,420.0
17293_700,Wednesday,11,59,677.3,2760.0
13438_900,Wednesday,11,325,5.3,189.0
23414_700,Wednesday,11,230,59.5,600.0
17319_700,Wednesday,11,216,5.8,240.0
4497_700,Wednesday,11,33,67.6,133.0
10162_109,Wednesday,11,289,28.0,240.0
22696_700,Wednesday,11,39,-15.1,0.0
22706_700,Wednesday,11,97,0.0,0.0
1920_700,Wednesday,11,66,33.7,133.0
343_900,Wednesday,11,380,0.7,52.0
17365_700,Wednesday,11,212,3.7,60.0
17378_700,Wednesday,11,348,14.5,240.0
15959_700,Wednesday,11,159,26.2,234.0
18348_700,Wednesday,11,90,14.4,61.0
5365_700,Wednesday,11,56,148.1,1055.0
17398_700,Wednesday,11,109,11.6,180.0
3713_700,Wednesday,11,55,39.4,1600.0
18353_700,Wednesday,11,109,0.0,0.0
17461_700,Wednesday,11,490,-28.5,240.0
17533_700,Wednesday,11,572,25.9,420.0
16735_700,Wednesday,11,106,-12.6,0.0
17424_900,Wednesday,11,377,-15.1,120.0
17425_900,Wednesday,11,297,-13.7,60.0
17526_400,Wednesday,11,280,3.9,60.0
1548_700,Wednesday,11,1146,7.6,210.0
27916_700,Wednesday,11,127,10.3,79.0
19126_700,Wednesday,11,102,261.6,472.0
1551_700,Wednesday,11,587,31.2,4198.0
5269_700,Wednesday,11,17,101.1,116.0
17295_700,Wednesday,11,215,8.9,240.0
17333_700,Wednesday,11,225,1.6,120.0
10676_700,Wednesday,11,80,60.7,353.0
17369_700,Wednesday,11,163,83.2,300.0
1925_700,Wednesday,11,187,16.4,573.0
340_900,Wednesday,11,471,4.2,178.0
17441_700,Wednesday,11,1035,-18.1,300.0
27915_700,Wednesday,11,127,3.1,65.0
27285_700,Wednesday,11,11,0.0,0.0
5633_900,Wednesday,11,575,11.7,243.0
1558_900,Wednesday,11,490,10.9,191.0
15276_700,Wednesday,11,206,12.7,223.0
17402_700,Wednesday,11,18,0.0,0.0
17446_900,Wednesday,11,165,8.0,60.0
22703_700,Wednesday,11,116,-4.0,282.0
18347_700,Wednesday,11,48,-7.5,358.0
23415_700,Wednesday,11,618,83.6,1560.0
17454_700,Wednesday,11,297,4.6,180.0
17518_400,Wednesday,11,543,2.8,60.0
4498_700,Wednesday,11,43,187.7,255.0
17383_700,Wednesday,11,87,23.4,60.0
17374_900,Wednesday,11,52,-8.1,0.0
24056_100,Wednesday,11,88,-10.9,120.0
17438_900,Wednesday,11,265,23.8,240.0
27939_700,Wednesday,11,39,26.3,99.0
5382_700,Wednesday,11,6,0.0,0.0
5353_700,Wednesday,11,78,4.9,65.0
1871_700,Wednesday,11,23,-19.1,69.0
1556_900,Wednesday,11,962,2.4,191.0
17298_700,Wednesday,11,45,42.7,180.0
17303_700,Wednesday,11,682,15.8,300.0
17339_700,Wednesday,11,465,16.8,180.0
17346_700,Wednesday,11,103,48.3,120.0
22240_109,Wednesday,11,227,11.4,120.0
22692_700,Wednesday,11,106,41.2,225.0
17515_400,Wednesday,11,624,-0.1,120.0
10170_109,Wednesday,11,286,22.0,420.0
17412_700,Wednesday,11,56,28.9,120.0
22708_700,Wednesday,11,140,33.6,235.0
22695_700,Wednesday,11,55,0.0,0.0
22698_700,Wednesday,11,106,-2.0,19.0
17381_700,Wednesday,11,316,49.6,180.0
17523_400,Wednesday,11,1280,29.6,360.0
17416_900,Wednesday,11,384,33.0,240.0
17417_900,Wednesday,11,204,31.2,180.0
24053_100,Wednesday,11,185,17.8,420.0
24641_900,Wednesday,11,77,2.3,60.0
27954_700,Wednesday,11,69,133.5,444.0
17355_700,Wednesday,11,317,78.4,420.0
25219_700,Wednesday,11,3,0.0,0.0
5363_700,Wednesday,11,36,7.6,146.0
5371_700,Wednesday,11,160,24.1,219.0
16009_700,Wednesday,11,169,1.3,60.0
17292_700,Wednesday,11,278,37.6,300.0
27275_700,Wednesday,11,334,32.9,300.0
26787_106,Wednesday,11,15,20.0,60.0
17316_700,Wednesday,11,186,53.9,240.0
17318_700,Wednesday,11,254,245.0,1380.0
17350_700,Wednesday,11,350,-71.1,420.0
21284_700,Wednesday,11,107,24.7,120.0
17451_700,Wednesday,11,348,16.4,180.0
18351_700,Wednesday,11,143,1.5,88.0
9696_700,Wednesday,11,26,58.5,145.0
18343_700,Wednesday,11,86,12.1,62.0
22700_700,Wednesday,11,65,67.3,243.0
22705_700,Wednesday,11,36,0.0,0.0
18342_700,Wednesday,11,105,0.0,0.0
29147_700,Wednesday,11,6,59.2,71.0
22390_700,Wednesday,11,72,-34.2,60.0
27283_700,Wednesday,11,10,180.0,180.0
29169_700,Wednesday,11,29,20.8,68.0
1939_700,Wednesday,11,29,0.0,0.0
24042_100,Wednesday,11,86,5.6,120.0
19065_100,Wednesday,11,18,3.3,60.0
17452_900,Wednesday,11,539,2.8,120.0
18949_109,Wednesday,11,167,27.7,180.0
10148_109,Wednesday,11,296,8.5,120.0
5339_700,Wednesday,11,186,37.3,286.0
27299_700,Wednesday,11,19,0.0,0.0
7362_900,Wednesday,11,494,9.0,194.0
10155_109,Wednesday,11,184,6.5,120.0
23945_100,Wednesday,11,103,45.4,600.0
17311_700,Wednesday,11,317,29.7,600.0
17347_700,Wednesday,11,387,13.3,240.0
17354_700,Wednesday,11,213,30.7,180.0
17360_700,Wednesday,11,534,34.2,300.0
1921_700,Wednesday,11,145,60.6,973.0
17384_700,Wednesday,11,88,24.5,120.0
20479_700,Wednesday,11,12,389.7,444.0
17421_900,Wednesday,11,82,0.0,0.0
21726_700,Wednesday,11,55,61.9,204.0
5345_700,Wednesday,11,109,83.2,383.0
1930_700,Wednesday,11,91,19.7,131.0
17516_400,Wednesday,11,40,0.0,0.0
27269_700,Wednesday,11,27,77.8,240.0
22691_700,Wednesday,11,196,110.0,625.0
17462_700,Wednesday,11,314,-10.1,120.0
17375_700,Wednesday,11,52,0.0,0.0
4501_700,Wednesday,11,11,1.0,2.0
15277_700,Wednesday,11,526,8.4,207.0
17338_900,Wednesday,11,88,0.0,0.0
24052_100,Wednesday,11,80,20.3,240.0
10143_109,Wednesday,11,239,32.1,240.0
17463_900,Wednesday,11,120,12.0,120.0
24045_100,Wednesday,11,118,-4.1,240.0
10682_700,Wednesday,11,75,31.4,162.0
10157_109,Wednesday,11,299,27.5,180.0
17351_700,Wednesday,11,142,65.5,2460.0
17320_700,Wednesday,11,344,6.1,240.0
10672_700,Wednesday,11,98,0.0,0.0
1880_900,Wednesday,11,46,1.8,137.0
27955_700,Wednesday,11,10,0.0,0.0
17359_700,Wednesday,11,82,43.9,120.0
1924_700,Wednesday,11,107,11.1,76.0
4456_700,Wednesday,11,198,10.3,160.0
18364_700,Wednesday,11,81,19.2,217.0
5355_700,Wednesday,11,70,21.5,172.0
17399_700,Wednesday,11,54,33.3,120.0
4265_700,Wednesday,11,76,328.0,672.0
24759_700,Wednesday,11,122,89.0,480.0
17390_700,Wednesday,11,36,-15.0,60.0
17440_900,Wednesday,11,798,26.1,240.0
1881_900,Wednesday,11,9,-48.3,0.0
4245_700,Wednesday,11,8,63.9,92.0
4244_700,Wednesday,11,20,269.9,426.0
27291_700,Wednesday,11,95,44.8,240.0
10229_109,Wednesday,11,44,9.5,60.0
17307_700,Wednesday,11,64,62.8,300.0
22739_700,Wednesday,11,102,25.4,353.0
17348_700,Wednesday,11,393,-5.5,180.0
17379_700,Wednesday,11,136,-1.3,120.0
17453_700,Wednesday,11,574,58.3,600.0
18361_700,Wednesday,11,146,-0.0,50.0
27276_700,Wednesday,11,139,168.3,1080.0
22694_700,Wednesday,11,71,23.4,417.0
5352_700,Wednesday,11,41,1.5,60.0
22718_700,Wednesday,11,6,0.0,0.0
1934_700,Wednesday,11,63,0.0,0.0
17326_700,Wednesday,11,170,-13.1,60.0
17464_700,Wednesday,11,185,6.8,120.0
17537_700,Wednesday,11,95,-13.3,60.0
17332_700,Wednesday,11,6,0.0,0.0
10145_109,Wednesday,11,211,30.4,180.0
17391_700,Wednesday,11,19,0.0,0.0
5381_700,Wednesday,11,180,2.4,130.0
4251_700,Wednesday,11,48,27.8,29.0
17308_700,Wednesday,11,103,7.6,60.0
17314_700,Wednesday,11,290,9.5,120.0
22686_700,Wednesday,11,70,9.5,83.0
17325_700,Wednesday,11,204,11.8,240.0
5368_700,Wednesday,11,136,32.5,186.0
17345_700,Wednesday,11,68,0.0,60.0
22690_700,Wednesday,11,22,0.0,0.0
22715_700,Wednesday,11,58,86.5,218.0
17361_700,Wednesday,11,213,90.1,2340.0
17377_700,Wednesday,11,78,34.6,120.0
28109_700,Wednesday,11,22,57.3,180.0
17448_700,Wednesday,11,713,5.6,240.0
5232_700,Wednesday,11,32,297.7,300.0
17530_700,Wednesday,11,272,18.1,240.0
17315_700,Wednesday,11,231,32.5,180.0
19063_100,Wednesday,11,25,9.6,240.0
17392_700,Wednesday,11,24,10.0,60.0
27937_700,Wednesday,11,73,88.1,263.0
17427_900,Wednesday,11,150,-26.0,60.0
4257_700,Wednesday,11,16,38.1,112.0
17289_700,Wednesday,11,157,463.9,3480.0
29101_700,Wednesday,11,54,5.5,136.0
17343_700,Wednesday,11,70,20.6,60.0
10167_109,Wednesday,11,206,23.3,300.0
17310_700,Wednesday,11,294,28.8,240.0
22689_700,Wednesday,11,54,0.0,0.0
22693_700,Wednesday,11,47,0.0,0.0
5332_700,Wednesday,11,66,20.8,523.0
29102_700,Wednesday,11,19,0.0,0.0
13126_700,Wednesday,11,28,266.0,1064.0
27280_700,Wednesday,11,65,476.3,900.0
17744_700,Wednesday,11,77,10.9,120.0
17352_900,Wednesday,11,84,29.3,180.0
10142_109,Wednesday,11,293,12.3,120.0
17324_900,Wednesday,11,231,-15.3,60.0
10158_109,Wednesday,11,149,11.3,120.0
17312_700,Wednesday,11,81,0.0,60.0
10166_109,Wednesday,11,36,18.3,120.0
13729_700,Wednesday,11,18,29.3,66.0
1933_700,Wednesday,11,44,0.0,0.0
18366_700,Wednesday,11,22,0.0,0.0
18349_700,Wednesday,11,31,0.0,0.0
27938_700,Wednesday,11,40,112.8,253.0
10671_700,Wednesday,11,33,-11.1,0.0
22726_700,Wednesday,11,36,39.9,138.0
17447_700,Wednesday,11,341,-24.6,120.0
5359_700,Wednesday,11,6,60.0,60.0
4240_700,Wednesday,11,33,24.7,542.0
17304_700,Wednesday,11,444,72.8,420.0
22725_700,Wednesday,11,16,0.0,0.0
10144_109,Wednesday,11,173,5.2,60.0
29157_700,Wednesday,11,21,0.0,0.0
5378_700,Wednesday,11,171,10.1,112.0
1923_700,Wednesday,11,257,42.2,290.0
18360_700,Wednesday,11,168,27.2,277.0
17373_700,Wednesday,11,180,15.0,180.0
4514_700,Wednesday,11,27,56.1,155.0
27952_700,Wednesday,11,149,85.2,278.0
27957_700,Wednesday,11,55,-10.2,0.0
19118_700,Wednesday,11,41,88.9,199.0
1928_700,Wednesday,11,68,10.9,66.0
6624_700,Wednesday,11,19,24.6,234.0
4264_700,Wednesday,11,20,35.7,101.0
27293_700,Wednesday,11,2,0.0,0.0
4511_700,Wednesday,11,23,216.9,309.0
10679_700,Wednesday,11,91,26.1,229.0
10165_109,Wednesday,11,36,8.3,60.0
27307_700,Wednesday,11,8,0.0,0.0
15714_700,Wednesday,11,39,16.6,65.0
1874_700,Wednesday,11,5,-40.0,5.0
22710_700,Wednesday,11,36,0.0,0.0
22717_700,Wednesday,11,84,2.6,89.0
17418_900,Wednesday,11,114,23.2,180.0
20810_700,Wednesday,11,18,3.3,60.0
17694_700,Wednesday,11,18,0.0,0.0
17362_700,Wednesday,11,231,-22.1,60.0
27290_700,Wednesday,11,153,49.0,360.0
13118_700,Wednesday,11,32,62.0,62.0
19066_100,Wednesday,11,156,101.9,660.0
5379_700,Wednesday,11,207,24.9,217.0
25906_700,Wednesday,11,15,52.9,83.0
17415_700,Wednesday,11,34,0.0,0.0
18339_700,Wednesday,11,30,19.9,94.0
18370_700,Wednesday,11,195,23.2,194.0
10683_700,Wednesday,11,39,0.0,0.0
4518_700,Wednesday,11,17,97.9,140.0
20813_100,Wednesday,11,32,18.8,240.0
18359_700,Wednesday,11,36,44.8,95.0
17323_700,Wednesday,11,280,9.4,180.0
24046_100,Wednesday,11,32,-5.6,120.0
27296_700,Wednesday,11,56,162.9,420.0
27953_700,Wednesday,11,35,43.8,144.0
27966_700,Wednesday,11,14,0.0,0.0
5364_700,Wednesday,11,67,26.0,87.0
27278_700,Wednesday,11,59,81.4,300.0
17406_700,Wednesday,11,26,27.7,60.0
17403_700,Wednesday,11,6,0.0,0.0
17297_700,Wednesday,11,272,9.0,180.0
22702_700,Wednesday,11,117,16.8,402.0
17445_700,Wednesday,11,231,12.2,300.0
17344_700,Wednesday,11,52,0.0,0.0
29140_700,Wednesday,11,33,42.1,130.0
29145_700,Wednesday,11,31,158.9,255.0
28571_109,Wednesday,11,9,13.3,60.0
13418_700,Wednesday,11,123,38.8,247.0
10223_109,Wednesday,11,224,34.3,240.0
19059_100,Wednesday,11,27,13.3,180.0
27950_700,Wednesday,11,22,-10.1,0.0
22709_700,Wednesday,11,78,-3.7,106.0
17321_700,Wednesday,11,96,-7.5,240.0
17329_700,Wednesday,11,176,23.9,240.0
18363_700,Wednesday,11,68,45.9,130.0
22711_700,Wednesday,11,83,0.0,0.0
5249_700,Wednesday,11,200,68.5,338.0
4521_700,Wednesday,11,62,65.0,119.0
16354_700,Wednesday,11,43,12.0,68.0
1882_900,Wednesday,11,27,43.8,65.0
27936_700,Wednesday,11,34,104.4,346.0
17382_700,Wednesday,11,58,-16.6,0.0
27958_700,Wednesday,11,39,187.1,324.0
25529_700,Wednesday,11,12,0.0,0.0
22701_700,Wednesday,11,129,10.6,215.0
5256_700,Wednesday,11,84,30.9,51.0
1872_700,Wednesday,11,65,36.0,120.0
13108_700,Wednesday,11,70,40.2,157.0
14428_700,Wednesday,11,4,-4.2,0.0
13105_700,Wednesday,11,52,47.2,186.0
27942_700,Wednesday,11,15,55.5,197.0
1936_700,Wednesday,11,11,0.0,0.0
17313_700,Wednesday,11,128,-17.3,60.0
10163_109,Wednesday,11,289,10.2,120.0
17380_700,Wednesday,11,153,22.4,120.0
17414_700,Wednesday,11,80,-13.5,60.0
17458_700,Wednesday,11,282,24.7,360.0
29152_700,Wednesday,11,21,11.0,11.0
25489_700,Wednesday,11,13,28.8,68.0
5335_700,Wednesday,11,38,15.8,120.0
27268_700,Wednesday,11,17,0.0,0.0
19121_700,Wednesday,11,31,7.6,26.0
22609_700,Wednesday,11,280,30.9,240.0
17367_700,Wednesday,11,390,30.5,180.0
13106_700,Wednesday,11,31,66.7,178.0
10141_109,Wednesday,11,386,24.6,420.0
27292_700,Wednesday,11,53,46.4,300.0
5346_700,Wednesday,11,61,2.0,60.0
18358_700,Wednesday,11,15,0.0,0.0
5366_700,Wednesday,11,15,-48.7,0.0
19119_700,Wednesday,11,18,18.8,95.0
17525_400,Wednesday,11,464,-5.7,60.0
4266_700,Wednesday,11,20,81.7,154.0
23444_700,Wednesday,11,31,-1.9,74.0
10227_109,Wednesday,11,140,9.4,180.0
15273_700,Wednesday,11,20,5.6,111.0
1877_700,Wednesday,11,7,80.6,212.0
5257_700,Wednesday,11,21,225.7,233.0
26454_700,Wednesday,11,22,15.6,110.0
18341_700,Wednesday,11,98,102.3,588.0
4503_700,Wednesday,11,43,37.7,107.0
5239_700,Wednesday,11,83,46.6,153.0
27945_700,Wednesday,11,150,8.8,129.0
27300_700,Wednesday,11,121,30.7,360.0
5380_700,Wednesday,11,98,15.4,138.0
10224_109,Wednesday,11,112,5.4,60.0
22685_700,Wednesday,11,12,31.5,78.0
4223_700,Wednesday,11,71,84.0,184.0
5341_700,Wednesday,11,27,0.0,0.0
6625_700,Wednesday,11,11,127.9,128.0
18356_700,Wednesday,11,17,0.0,0.0
18369_700,Wednesday,11,145,24.3,213.0
4505_700,Wednesday,11,12,0.0,0.0
19131_700,Wednesday,11,34,43.3,119.0
29142_700,Wednesday,11,9,29.8,71.0
28260_900,Wednesday,11,80,14.2,120.0
1870_700,Wednesday,11,11,37.3,241.0
10226_109,Wednesday,11,224,9.9,120.0
5351_700,Wednesday,11,24,0.0,0.0
17512_400,Wednesday,11,20,3.0,60.0
3975_700,Wednesday,11,51,303.0,959.0
5334_700,Wednesday,11,13,187.9,215.0
5358_700,Wednesday,11,18,110.0,180.0
22724_700,Wednesday,11,32,44.0,165.0
13443_700,Wednesday,11,16,0.0,0.0
11536_109,Wednesday,11,39,4.6,60.0
10913_700,Wednesday,11,20,147.5,194.0
18344_700,Wednesday,11,42,-2.4,0.0
22775_700,Wednesday,11,8,7.9,29.0
19019_700,Wednesday,11,22,-24.5,0.0
10678_700,Wednesday,11,56,192.0,426.0
19155_109,Wednesday,11,60,141.0,480.0
27934_700,Wednesday,11,135,116.0,304.0
27951_700,Wednesday,11,67,85.9,234.0
27965_700,Wednesday,11,64,67.7,525.0
22723_700,Wednesday,11,43,145.6,274.0
16733_700,Wednesday,11,34,11.5,62.0
18354_700,Wednesday,11,24,63.9,140.0
17393_700,Wednesday,11,84,123.6,300.0
17296_700,Wednesday,11,92,41.1,240.0
22687_700,Wednesday,11,54,-1.4,105.0
13136_700,Wednesday,11,48,53.1,120.0
28572_109,Wednesday,11,8,15.0,60.0
1945_700,Wednesday,11,84,7.7,209.0
29166_700,Wednesday,11,9,67.0,67.0
5356_700,Wednesday,11,31,11.6,60.0
17279_700,Wednesday,11,100,17.4,120.0
24057_100,Wednesday,11,84,-10.7,60.0
28712_700,Wednesday,11,9,0.0,0.0
10675_700,Wednesday,11,23,0.0,0.0
20812_100,Wednesday,11,11,0.0,0.0
19009_700,Wednesday,11,15,359.9,490.0
17363_700,Wednesday,11,98,42.2,240.0
17357_700,Wednesday,11,30,26.0,60.0
28311_100,Wednesday,11,49,4.9,120.0
26748_100,Wednesday,11,12,50.0,300.0
27943_700,Wednesday,11,53,316.3,944.0
5348_700,Wednesday,11,20,6.0,60.0
5377_700,Wednesday,11,67,7.1,120.0
19062_100,Wednesday,11,24,1197.5,2760.0
5333_700,Wednesday,11,46,42.0,102.0
6629_700,Wednesday,11,24,54.0,131.0
22688_700,Wednesday,11,11,0.0,0.0
5236_700,Wednesday,11,125,269.1,4098.0
1931_700,Wednesday,11,139,14.9,177.0
5242_700,Wednesday,11,17,10.8,87.0
17353_700,Wednesday,11,32,1.9,180.0
22722_700,Wednesday,11,40,0.0,0.0
27947_700,Wednesday,11,73,190.3,318.0
7251_700,Wednesday,11,14,82.1,159.0
13113_700,Wednesday,11,44,178.8,268.0
18345_700,Wednesday,11,16,0.0,0.0
22713_700,Wednesday,11,15,0.0,0.0
17376_700,Wednesday,11,48,113.7,420.0
4243_700,Wednesday,11,36,109.6,180.0
5370_700,Wednesday,11,65,119.0,271.0
27274_700,Wednesday,11,57,17.9,120.0
22707_700,Wednesday,11,45,0.0,0.0
4270_700,Wednesday,11,17,16.9,17.0
17388_700,Wednesday,11,11,0.0,0.0
4287_700,Wednesday,11,99,126.8,303.0
27935_700,Wednesday,11,15,23.1,83.0
10149_109,Wednesday,11,160,9.8,60.0
22699_700,Wednesday,11,49,0.0,0.0
24048_100,Wednesday,11,20,-33.0,60.0
17395_700,Wednesday,11,9,0.0,0.0
27944_700,Wednesday,11,22,52.0,67.0
6620_700,Wednesday,11,39,66.8,73.0
29153_700,Wednesday,11,1,68.0,68.0
13889_700,Wednesday,11,25,148.4,203.0
19079_700,Wednesday,11,28,119.2,219.0
4259_700,Wednesday,11,73,107.7,238.0
6626_700,Wednesday,11,19,24.7,135.0
17409_700,Wednesday,11,41,-7.3,60.0
24043_100,Wednesday,11,28,-12.9,60.0
5338_700,Wednesday,11,27,101.1,243.0
18350_700,Wednesday,11,44,26.1,61.0
4254_700,Wednesday,11,4,-3.5,7.0
24715_700,Wednesday,11,4,-37.5,20.0
23944_100,Wednesday,11,10,-6.0,0.0
10677_700,Wednesday,11,46,12.9,66.0
18368_700,Wednesday,11,3,0.0,0.0
17336_700,Wednesday,11,34,-5.3,0.0
29141_700,Wednesday,11,39,62.5,127.0
21749_700,Wednesday,11,13,151.3,190.0
18362_700,Wednesday,11,14,133.9,189.0
13125_700,Wednesday,11,26,110.1,304.0
15024_700,Wednesday,11,16,0.0,0.0
5234_700,Wednesday,11,24,184.7,189.0
22704_700,Wednesday,11,43,0.0,0.0
4512_700,Wednesday,11,28,48.7,122.0
17407_700,Wednesday,11,15,0.0,0.0
28259_100,Wednesday,11,124,196.5,1140.0
17411_700,Wednesday,11,25,36.0,60.0
29103_700,Wednesday,11,28,51.0,102.0
4242_700,Wednesday,11,60,77.3,246.0
4502_700,Wednesday,11,49,235.3,404.0
4492_700,Wednesday,11,11,99.8,148.0
4248_700,Wednesday,11,20,9.2,76.0
17387_700,Wednesday,11,13,0.0,0.0
6617_700,Wednesday,11,36,102.2,145.0
17527_700,Wednesday,11,3,0.0,0.0
27288_700,Wednesday,11,27,0.0,0.0
27959_700,Wednesday,11,79,37.3,132.0
19705_700,Wednesday,11,36,105.0,720.0
5369_700,Wednesday,11,52,48.2,148.0
5337_700,Wednesday,11,19,105.8,158.0
17413_700,Wednesday,11,34,0.0,60.0
27946_700,Wednesday,11,31,240.0,524.0
27967_700,Wednesday,11,46,30.1,121.0
4496_700,Wednesday,11,28,179.4,183.0
16345_100,Wednesday,11,26,-43.8,0.0
18945_700,Wednesday,11,73,55.0,210.0
18886_700,Wednesday,11,12,227.8,243.0
22424_700,Wednesday,11,20,344.9,457.0
19211_700,Wednesday,11,7,11.4,12.0
22451_700,Wednesday,11,8,71.5,78.0
28800_700,Wednesday,11,19,21.3,40.0
18898_700,Wednesday,11,73,38.3,134.0
18899_700,Wednesday,11,52,152.2,312.0
18884_700,Wednesday,11,17,246.6,295.0
28805_700,Wednesday,11,12,9.1,63.0
18895_700,Wednesday,11,23,186.0,244.0
18891_700,Wednesday,11,4,49.8,52.0
18906_700,Wednesday,11,14,143.7,193.0
28806_700,Wednesday,11,30,48.4,64.0
18897_700,Wednesday,11,17,2.4,9.0
18920_700,Wednesday,11,136,71.0,174.0
18913_700,Wednesday,11,74,82.6,128.0
18921_700,Wednesday,11,39,76.7,140.0
18911_700,Wednesday,11,38,69.2,148.0
18915_700,Wednesday,11,37,76.0,103.0
18917_700,Wednesday,11,24,79.4,128.0
18930_700,Wednesday,11,40,59.5,140.0
18923_700,Wednesday,11,45,187.5,322.0
18931_700,Wednesday,11,183,86.2,226.0
18935_700,Wednesday,11,26,169.9,223.0
18927_700,Wednesday,11,1,-51.0,-51.0
18937_700,Wednesday,11,58,50.6,200.0
18939_700,Wednesday,11,88,59.4,200.0
18933_700,Wednesday,11,23,2.0,2.0
1922_700,Wednesday,11,52,85.4,199.0
27968_700,Wednesday,11,40,125.9,182.0
4247_700,Wednesday,11,18,34.2,77.0
29148_700,Wednesday,11,8,41.5,104.0
20930_700,Wednesday,11,71,102.0,243.0
18346_700,Wednesday,11,21,192.6,414.0
4509_700,Wednesday,11,14,129.9,137.0
28801_700,Wednesday,11,13,35.4,64.0
18916_700,Wednesday,11,23,155.0,183.0
27969_700,Wednesday,11,34,0.0,0.0
27569_700,Wednesday,11,10,0.0,0.0
19113_700,Wednesday,11,25,29.2,35.0
21750_700,Wednesday,11,27,47.3,81.0
18928_700,Wednesday,11,1,0.0,0.0
18352_700,Wednesday,11,10,0.0,0.0
18371_700,Wednesday,11,32,0.0,0.0
4224_700,Wednesday,11,28,43.6,83.0
13115_700,Wednesday,11,30,17.3,134.0
24049_100,Wednesday,11,24,315.0,780.0
20369_100,Wednesday,11,6,-10.0,0.0
15020_700,Wednesday,11,1,167.0,167.0
5253_700,Wednesday,11,26,344.2,424.0
5342_700,Wednesday,11,21,25.2,63.0
23724_700,Wednesday,11,18,258.2,331.0
18372_700,Wednesday,11,24,-15.6,0.0
13107_700,Wednesday,11,34,130.1,265.0
21159_700,Wednesday,11,2,207.0,352.0
13110_700,Wednesday,11,34,26.3,64.0
13133_700,Wednesday,11,52,267.9,510.0
5252_700,Wednesday,11,52,78.5,131.0
5255_700,Wednesday,11,17,73.4,78.0
5248_700,Wednesday,11,44,109.0,197.0
16349_100,Wednesday,11,20,144.0,300.0
18367_700,Wednesday,11,33,97.4,294.0
5372_700,Wednesday,11,29,29.1,142.0
4261_700,Wednesday,11,2,-127.0,0.0
29167_700,Wednesday,11,1,79.0,79.0
5235_700,Wednesday,11,61,168.0,327.0
27948_700,Wednesday,11,72,241.7,679.0
10911_700,Wednesday,11,15,127.7,146.0
5362_700,Wednesday,11,6,52.5,90.0
28802_700,Wednesday,11,18,244.3,333.0
27949_700,Wednesday,11,13,349.5,420.0
27941_700,Wednesday,11,23,86.9,312.0
20364_700,Wednesday,11,1,-31.0,-31.0
4238_700,Wednesday,11,21,143.1,250.0
18355_700,Wednesday,11,21,83.1,240.0
5251_700,Wednesday,11,18,544.8,593.0
5232_3,Wednesday,11,20,63.8,123.0
27961_700,Wednesday,11,30,65.4,177.0
4228_700,Wednesday,11,9,145.3,277.0
5243_3,Wednesday,11,5,573.8,574.0
27940_700,Wednesday,11,12,84.9,266.0
4477_700,Wednesday,11,40,132.1,242.0
27964_700,Wednesday,11,13,38.8,242.0
25904_700,Wednesday,11,21,12.7,67.0
4493_700,Wednesday,11,25,193.8,199.0
4499_700,Wednesday,11,10,103.4,171.0
6618_700,Wednesday,11,19,107.6,135.0
15624_700,Wednesday,11,12,110.4,189.0
29165_700,Wednesday,11,6,166.0,166.0
13122_700,Wednesday,11,16,119.3,206.0
5247_700,Wednesday,11,29,679.0,679.0
27310_700,Wednesday,11,33,0.0,0.0
16374_700,Wednesday,11,9,-66.8,0.0
11216_700,Wednesday,11,44,-121.8,0.0
4225_700,Wednesday,11,13,65.0,85.0
23435_700,Wednesday,11,10,10.1,34.0
19133_700,Wednesday,11,24,178.1,191.0
5254_700,Wednesday,11,29,190.9,257.0
4516_700,Wednesday,11,9,37.7,66.0
19103_700,Wednesday,11,22,23.2,111.0
13888_700,Wednesday,11,12,1.8,2.0
18357_700,Wednesday,11,10,67.1,114.0
4249_700,Wednesday,11,22,445.0,445.0
26790_106,Wednesday,16,66,0.0,0.0
5249_700,Wednesday,16,326,861.4,4561.0
17314_700,Wednesday,16,376,221.2,2520.0
17440_900,Wednesday,16,922,299.5,3480.0
17309_700,Wednesday,16,136,27.4,120.0
17526_400,Wednesday,16,368,0.2,60.0
4259_700,Wednesday,16,94,75.5,350.0
23154_700,Wednesday,16,143,52.9,240.0
22754_700,Wednesday,16,578,10.0,180.0
4236_700,Wednesday,16,25,7.4,62.0
19009_700,Wednesday,16,77,242.9,567.0
4281_700,Wednesday,16,137,117.6,432.0
16374_700,Wednesday,16,43,24.6,100.0
4245_700,Wednesday,16,31,37.2,136.0
4256_700,Wednesday,16,65,48.3,247.0
4287_700,Wednesday,16,74,65.1,200.0
19109_700,Wednesday,16,29,60.1,157.0
28260_900,Wednesday,16,67,34.0,120.0
17307_700,Wednesday,16,89,372.1,900.0
17368_700,Wednesday,16,358,55.5,360.0
5256_700,Wednesday,16,159,158.3,331.0
19116_700,Wednesday,16,16,157.2,257.0
17447_700,Wednesday,16,403,-0.6,240.0
17395_700,Wednesday,16,28,57.9,120.0
22390_700,Wednesday,16,84,427.9,1620.0
17299_700,Wednesday,16,207,33.0,300.0
17453_700,Wednesday,16,718,138.6,1200.0
17425_900,Wednesday,16,294,-2.7,120.0
17388_700,Wednesday,16,21,28.6,60.0
17303_700,Wednesday,16,853,20.9,600.0
17452_900,Wednesday,16,782,15.7,180.0
17450_700,Wednesday,16,273,20.7,300.0
17525_400,Wednesday,16,552,5.9,120.0
17515_400,Wednesday,16,624,-1.2,120.0
17443_700,Wednesday,16,65,299.1,1140.0
17421_900,Wednesday,16,83,0.0,0.0
17438_900,Wednesday,16,261,6.9,240.0
17514_400,Wednesday,16,893,14.3,120.0
17294_700,Wednesday,16,152,42.6,360.0
17362_700,Wednesday,16,363,197.4,720.0
4247_700,Wednesday,16,48,138.1,214.0
4240_700,Wednesday,16,89,655.0,2550.0
17349_700,Wednesday,16,708,149.1,720.0
23415_700,Wednesday,16,676,302.4,1440.0
19119_700,Wednesday,16,55,127.1,339.0
17446_900,Wednesday,16,171,2.8,60.0
17359_700,Wednesday,16,176,-10.9,240.0
19120_700,Wednesday,16,68,6703.2,7175.0
17520_700,Wednesday,16,180,20.7,180.0
17306_700,Wednesday,16,1034,140.0,840.0
17363_700,Wednesday,16,225,-2.7,240.0
17378_700,Wednesday,16,320,95.4,540.0
17382_700,Wednesday,16,58,0.0,0.0
17516_400,Wednesday,16,40,0.0,0.0
17454_700,Wednesday,16,315,40.0,480.0
17353_700,Wednesday,16,63,-10.5,120.0
17422_900,Wednesday,16,328,11.3,180.0
17398_700,Wednesday,16,132,151.4,600.0
17281_700,Wednesday,16,70,-1.7,60.0
17312_700,Wednesday,16,108,-19.4,120.0
17456_700,Wednesday,16,877,319.5,1380.0
17518_400,Wednesday,16,702,8.9,120.0
1945_700,Wednesday,16,278,49.4,743.0
17327_700,Wednesday,16,170,147.9,960.0
10677_700,Wednesday,16,46,101.1,311.0
17523_400,Wednesday,16,1320,25.1,300.0
27297_700,Wednesday,16,14,0.0,0.0
5631_700,Wednesday,16,92,2.1,107.0
24050_100,Wednesday,16,44,-2.7,120.0
27961_700,Wednesday,16,61,133.9,435.0
10145_109,Wednesday,16,208,18.2,120.0
10148_109,Wednesday,16,264,8.9,120.0
19058_100,Wednesday,16,114,53.7,600.0
5596_700,Wednesday,16,275,14.8,249.0
24053_100,Wednesday,16,168,76.8,660.0
27944_700,Wednesday,16,32,43.1,190.0
24025_100,Wednesday,16,294,51.4,540.0
10223_109,Wednesday,16,223,15.1,120.0
7362_900,Wednesday,16,513,6.0,200.0
24694_700,Wednesday,16,30,307.4,1959.0
1556_900,Wednesday,16,988,9.8,255.0
26791_106,Wednesday,16,8,0.0,0.0
10671_700,Wednesday,16,82,9.4,196.0
23945_100,Wednesday,16,126,75.7,600.0
10167_109,Wednesday,16,230,7.6,60.0
27278_700,Wednesday,16,27,66.7,180.0
17330_700,Wednesday,16,498,-6.4,180.0
17308_700,Wednesday,16,167,2.5,120.0
22712_700,Wednesday,16,249,48.0,370.0
17348_700,Wednesday,16,860,10.6,300.0
17369_700,Wednesday,16,194,334.9,840.0
18354_700,Wednesday,16,36,77.2,290.0
22699_700,Wednesday,16,15,-19.4,129.0
17342_700,Wednesday,16,730,461.9,1740.0
1921_700,Wednesday,16,413,79.5,636.0
17377_700,Wednesday,16,98,119.4,480.0
17376_700,Wednesday,16,48,65.0,120.0
18343_700,Wednesday,16,95,73.1,226.0
10141_109,Wednesday,16,397,11.9,120.0
17461_700,Wednesday,16,521,28.9,600.0
15273_700,Wednesday,16,140,5.2,131.0
15277_700,Wednesday,16,610,75.4,593.0
17529_700,Wednesday,16,580,103.2,1260.0
7361_700,Wednesday,16,435,19.2,233.0
27292_700,Wednesday,16,105,222.9,720.0
24044_100,Wednesday,16,10,0.0,0.0
21947_700,Wednesday,16,142,5.6,497.0
17424_900,Wednesday,16,377,44.7,540.0
18949_109,Wednesday,16,165,12.0,120.0
3713_700,Wednesday,16,130,-18.1,219.0
10674_700,Wednesday,16,236,0.0,0.0
1546_700,Wednesday,16,633,9.7,198.0
17355_700,Wednesday,16,373,107.6,780.0
1547_700,Wednesday,16,351,3.4,143.0
27966_700,Wednesday,16,38,74.7,234.0
1920_700,Wednesday,16,158,28.7,222.0
5633_900,Wednesday,16,710,13.9,218.0
10226_109,Wednesday,16,223,4.3,60.0
15274_700,Wednesday,16,991,26.2,362.0
10155_109,Wednesday,16,181,9.9,120.0
26785_106,Wednesday,16,114,5.8,60.0
26786_106,Wednesday,16,64,13.8,106.0
17318_700,Wednesday,16,351,643.1,2040.0
27275_700,Wednesday,16,375,81.6,600.0
27291_700,Wednesday,16,196,44.7,360.0
1923_700,Wednesday,16,697,46.1,1342.0
22240_109,Wednesday,16,197,11.0,120.0
18368_700,Wednesday,16,51,20.3,112.0
18898_700,Wednesday,16,129,64.0,194.0
18916_700,Wednesday,16,33,261.9,338.0
22698_700,Wednesday,16,81,-2.4,110.0
18884_700,Wednesday,16,32,47.7,105.0
17373_700,Wednesday,16,180,8.0,120.0
18367_700,Wednesday,16,96,87.1,411.0
18900_700,Wednesday,16,82,226.6,473.0
18911_700,Wednesday,16,143,84.9,272.0
17325_700,Wednesday,16,476,175.2,960.0
27915_700,Wednesday,16,135,14.5,133.0
22709_700,Wednesday,16,64,50.3,223.0
22692_700,Wednesday,16,118,81.7,497.0
17331_700,Wednesday,16,168,-10.4,60.0
17341_700,Wednesday,16,596,82.9,540.0
17350_700,Wednesday,16,348,133.3,840.0
17380_700,Wednesday,16,153,42.4,360.0
17407_700,Wednesday,16,30,0.0,0.0
17455_700,Wednesday,16,1086,23.4,840.0
5232_700,Wednesday,16,90,220.9,422.0
17465_700,Wednesday,16,682,252.0,1380.0
17533_700,Wednesday,16,649,4.4,780.0
4264_700,Wednesday,16,19,32.5,72.0
17401_700,Wednesday,16,29,167.6,480.0
17315_700,Wednesday,16,244,224.0,1980.0
27293_700,Wednesday,16,111,80.0,420.0
17338_900,Wednesday,16,223,-8.3,60.0
10144_109,Wednesday,16,126,12.4,120.0
17418_900,Wednesday,16,95,19.6,120.0
1550_700,Wednesday,16,284,11.9,285.0
10682_700,Wednesday,16,170,3.7,254.0
343_900,Wednesday,16,380,3.0,72.0
27916_700,Wednesday,16,102,30.9,234.0
1551_700,Wednesday,16,615,36.2,1138.0
19066_100,Wednesday,16,156,328.5,1080.0
10149_109,Wednesday,16,181,20.2,180.0
17292_700,Wednesday,16,411,432.3,1740.0
5635_900,Wednesday,16,1819,18.3,303.0
10163_109,Wednesday,16,256,28.8,180.0
17441_700,Wednesday,16,1370,380.0,2220.0
10170_109,Wednesday,16,294,27.1,120.0
17460_900,Wednesday,16,975,39.1,480.0
27952_700,Wednesday,16,267,93.7,436.0
27307_700,Wednesday,16,14,21.4,60.0
15276_700,Wednesday,16,260,21.5,222.0
17414_700,Wednesday,16,100,-7.8,180.0
1549_700,Wednesday,16,779,19.9,244.0
18889_700,Wednesday,16,30,112.8,329.0
13438_900,Wednesday,16,345,1.8,74.0
20812_100,Wednesday,16,16,3.7,60.0
17521_400,Wednesday,16,564,8.6,120.0
17531_700,Wednesday,16,154,-1.6,180.0
17537_700,Wednesday,16,106,4.0,180.0
29166_700,Wednesday,16,2,566.0,1110.0
28311_100,Wednesday,16,23,41.7,240.0
17463_900,Wednesday,16,172,2.1,60.0
17462_700,Wednesday,16,381,297.8,1620.0
4258_700,Wednesday,16,81,104.9,269.0
13543_700,Wednesday,16,39,202.2,438.0
10157_109,Wednesday,16,297,15.4,120.0
17297_700,Wednesday,16,332,64.9,600.0
18920_700,Wednesday,16,161,83.7,292.0
17356_700,Wednesday,16,515,58.8,360.0
4497_700,Wednesday,16,34,105.0,202.0
18359_700,Wednesday,16,162,19.1,131.0
17744_700,Wednesday,16,76,18.9,240.0
17302_700,Wednesday,16,294,41.2,360.0
17352_900,Wednesday,16,105,42.9,300.0
22691_700,Wednesday,16,215,128.1,880.0
16915_700,Wednesday,16,176,7.1,117.0
4456_700,Wednesday,16,198,14.1,272.0
17366_700,Wednesday,16,348,122.9,480.0
18893_700,Wednesday,16,10,224.9,250.0
17326_700,Wednesday,16,142,-7.2,180.0
17328_700,Wednesday,16,228,315.0,1020.0
17379_700,Wednesday,16,239,120.3,660.0
1922_700,Wednesday,16,80,295.5,920.0
13107_700,Wednesday,16,65,72.9,259.0
17464_700,Wednesday,16,184,65.2,480.0
17527_700,Wednesday,16,12,200.0,600.0
17335_700,Wednesday,16,838,260.4,1860.0
17538_700,Wednesday,16,731,130.3,960.0
24049_100,Wednesday,16,66,14.5,240.0
17535_700,Wednesday,16,344,100.6,480.0
4508_700,Wednesday,16,6,24.8,70.0
10676_700,Wednesday,16,232,-6.2,69.0
24043_100,Wednesday,16,28,45.0,240.0
4232_700,Wednesday,16,25,79.3,91.0
10150_109,Wednesday,16,17,21.2,120.0
340_900,Wednesday,16,493,12.5,268.0
5251_700,Wednesday,16,27,192.4,225.0
28799_700,Wednesday,16,25,33.0,99.0
17347_700,Wednesday,16,436,0.8,180.0
27960_700,Wednesday,16,10,382.1,460.0
17360_700,Wednesday,16,507,43.7,420.0
17384_700,Wednesday,16,105,26.3,120.0
18361_700,Wednesday,16,148,7.4,76.0
16733_700,Wednesday,16,78,25.5,122.0
4477_700,Wednesday,16,169,13.9,193.0
16774_700,Wednesday,16,41,48.3,102.0
18899_700,Wednesday,16,75,288.5,640.0
17365_700,Wednesday,16,211,36.4,180.0
1971_700,Wednesday,16,161,32.1,231.0
26783_106,Wednesday,16,105,0.0,0.0
17296_700,Wednesday,16,115,266.1,1080.0
17320_700,Wednesday,16,430,-6.6,360.0
17304_700,Wednesday,16,530,418.9,1500.0
22693_700,Wednesday,16,43,34.4,283.0
18374_700,Wednesday,16,257,26.1,240.0
22701_700,Wednesday,16,87,56.8,453.0
17416_900,Wednesday,16,416,17.3,300.0
10142_109,Wednesday,16,263,14.1,180.0
17381_700,Wednesday,16,404,84.1,660.0
5252_700,Wednesday,16,50,114.2,324.0
1558_900,Wednesday,16,492,4.1,182.0
17295_700,Wednesday,16,206,21.3,300.0
17305_700,Wednesday,16,671,44.0,480.0
18969_100,Wednesday,16,4,0.0,0.0
17536_700,Wednesday,16,135,13.8,180.0
17448_700,Wednesday,16,775,51.6,600.0
21726_700,Wednesday,16,71,9.9,63.0
10672_700,Wednesday,16,16,370.7,424.0
22687_700,Wednesday,16,90,1.9,149.0
17290_700,Wednesday,16,436,94.4,480.0
22705_700,Wednesday,16,10,0.0,0.0
22739_700,Wednesday,16,95,4.2,59.0
17372_700,Wednesday,16,248,-21.5,300.0
17457_700,Wednesday,16,584,276.0,1620.0
17458_700,Wednesday,16,305,70.2,2220.0
27290_700,Wednesday,16,218,87.0,540.0
24056_100,Wednesday,16,55,1.1,180.0
27310_700,Wednesday,16,34,0.0,0.0
27300_700,Wednesday,16,193,38.9,300.0
10162_109,Wednesday,16,253,12.3,120.0
10166_109,Wednesday,16,43,9.8,60.0
10684_700,Wednesday,16,71,-2.0,0.0
18350_700,Wednesday,16,132,31.1,130.0
18360_700,Wednesday,16,168,104.2,542.0
26748_100,Wednesday,16,6,160.0,300.0
22710_700,Wednesday,16,66,-16.2,57.0
22715_700,Wednesday,16,17,0.0,0.0
17449_700,Wednesday,16,1254,161.2,1200.0
17324_900,Wednesday,16,306,54.7,360.0
28572_109,Wednesday,16,5,0.0,0.0
17530_700,Wednesday,16,374,269.2,2040.0
17444_900,Wednesday,16,112,31.6,240.0
1548_700,Wednesday,16,1123,34.3,719.0
17459_900,Wednesday,16,697,30.6,300.0
1870_700,Wednesday,16,109,677.7,3649.0
1882_900,Wednesday,16,40,24.4,135.0
24045_100,Wednesday,16,100,-1.2,180.0
19079_700,Wednesday,16,28,189.4,271.0
17370_700,Wednesday,16,220,82.6,600.0
24864_109,Wednesday,16,44,10.9,120.0
17293_700,Wednesday,16,104,16.2,120.0
4518_700,Wednesday,16,20,18.4,62.0
1933_700,Wednesday,16,30,273.6,385.0
17346_700,Wednesday,16,212,25.8,240.0
17336_700,Wednesday,16,34,47.6,120.0
17319_700,Wednesday,16,524,73.6,600.0
22724_700,Wednesday,16,22,466.8,1230.0
17532_700,Wednesday,16,406,63.1,540.0
10912_700,Wednesday,16,21,348.7,432.0
17310_700,Wednesday,16,359,42.8,480.0
17413_700,Wednesday,16,34,5.3,120.0
27959_700,Wednesday,16,120,90.1,261.0
10678_700,Wednesday,16,81,0.0,0.0
1930_700,Wednesday,16,175,24.1,214.0
22451_700,Wednesday,16,79,303.9,538.0
18927_700,Wednesday,16,26,236.8,358.0
17333_700,Wednesday,16,375,297.6,1740.0
17367_700,Wednesday,16,488,72.8,360.0
17619_700,Wednesday,16,122,627.0,2880.0
19131_700,Wednesday,16,53,79.2,201.0
1934_700,Wednesday,16,21,69.8,182.0
17364_700,Wednesday,16,505,505.2,1920.0
17451_700,Wednesday,16,381,79.2,420.0
17339_700,Wednesday,16,624,147.9,1020.0
22714_700,Wednesday,16,228,18.6,197.0
13127_700,Wednesday,16,101,720.8,1096.0
13105_700,Wednesday,16,90,136.1,327.0
27280_700,Wednesday,16,43,0.0,0.0
17437_700,Wednesday,16,174,287.2,1080.0
27285_700,Wednesday,16,11,0.0,0.0
28109_700,Wednesday,16,29,0.0,0.0
17375_700,Wednesday,16,52,20.8,60.0
16734_700,Wednesday,16,56,67.9,200.0
27951_700,Wednesday,16,62,149.8,503.0
10143_109,Wednesday,16,218,30.6,240.0
17442_900,Wednesday,16,638,47.4,540.0
10229_109,Wednesday,16,35,0.0,60.0
26787_106,Wednesday,16,15,0.0,0.0
17316_700,Wednesday,16,282,89.6,480.0
17512_400,Wednesday,16,20,6.0,60.0
1939_700,Wednesday,16,145,75.9,280.0
1883_900,Wednesday,16,32,0.0,0.0
17361_700,Wednesday,16,274,-8.5,240.0
3975_700,Wednesday,16,172,66.8,297.0
26454_700,Wednesday,16,38,-2.7,8.0
18909_700,Wednesday,16,256,233.2,861.0
22686_700,Wednesday,16,79,79.2,339.0
17334_700,Wednesday,16,429,303.1,1320.0
13729_700,Wednesday,16,8,19.0,63.0
17354_700,Wednesday,16,213,84.2,420.0
13116_700,Wednesday,16,72,700.6,999.0
24052_100,Wednesday,16,40,27.0,240.0
27947_700,Wednesday,16,176,51.2,460.0
1924_700,Wednesday,16,185,14.6,353.0
4224_700,Wednesday,16,33,10.4,82.0
1929_700,Wednesday,16,104,58.1,162.0
17322_700,Wednesday,16,194,51.3,600.0
22719_700,Wednesday,16,12,0.0,0.0
29150_700,Wednesday,16,41,22.1,189.0
10276_109,Wednesday,16,107,6.2,60.0
17385_700,Wednesday,16,57,146.3,420.0
13108_700,Wednesday,16,33,78.5,331.0
19681_100,Wednesday,16,20,303.0,480.0
26793_106,Wednesday,16,18,0.0,0.0
10165_109,Wednesday,16,46,6.5,60.0
1955_700,Wednesday,16,379,51.2,585.0
17351_700,Wednesday,16,112,691.6,1740.0
17300_700,Wednesday,16,270,52.7,540.0
20369_100,Wednesday,16,6,0.0,0.0
22703_700,Wednesday,16,98,28.7,243.0
22722_700,Wednesday,16,65,1.6,161.0
13888_700,Wednesday,16,23,406.3,473.0
17390_700,Wednesday,16,107,58.3,300.0
4222_700,Wednesday,16,13,50.9,122.0
21750_700,Wednesday,16,30,127.2,255.0
17417_900,Wednesday,16,204,40.0,240.0
5244_3,Wednesday,16,10,218.1,263.0
10158_109,Wednesday,16,160,16.1,120.0
26784_106,Wednesday,16,70,63.4,360.0
18926_700,Wednesday,16,45,43.9,97.0
17317_700,Wednesday,16,199,92.0,300.0
27569_700,Wednesday,16,5,0.0,0.0
4229_700,Wednesday,16,27,77.8,118.0
19103_700,Wednesday,16,37,56.3,143.0
18908_700,Wednesday,16,71,71.2,150.0
21284_700,Wednesday,16,150,154.0,420.0
18931_700,Wednesday,16,344,109.2,223.0
6620_700,Wednesday,16,55,37.7,135.0
20813_100,Wednesday,16,32,1.9,60.0
23724_700,Wednesday,16,27,26.3,51.0
27279_700,Wednesday,16,46,0.0,0.0
1928_700,Wednesday,16,184,21.1,200.0
1871_700,Wednesday,16,78,15.0,564.0
17321_700,Wednesday,16,99,42.4,240.0
4493_700,Wednesday,16,60,202.4,286.0
17445_700,Wednesday,16,253,388.5,1380.0
28800_700,Wednesday,16,36,82.8,127.0
17298_700,Wednesday,16,45,108.0,480.0
17311_700,Wednesday,16,401,22.6,300.0
17343_700,Wednesday,16,70,16.3,120.0
15959_700,Wednesday,16,162,8.0,124.0
5234_700,Wednesday,16,40,98.4,231.0
13118_700,Wednesday,16,77,32.6,333.0
27269_700,Wednesday,16,31,9.7,180.0
29144_700,Wednesday,16,14,95.0,168.0
17323_700,Wednesday,16,280,27.9,240.0
5243_700,Wednesday,16,37,11.1,34.0
19059_100,Wednesday,16,41,-1.5,120.0
19127_700,Wednesday,16,99,162.4,285.0
22684_700,Wednesday,16,102,46.5,178.0
1931_700,Wednesday,16,128,-1.3,121.0
22717_700,Wednesday,16,66,65.4,457.0
6626_700,Wednesday,16,40,77.5,205.0
17344_700,Wednesday,16,56,36.4,120.0
27299_700,Wednesday,16,57,0.0,0.0
27270_700,Wednesday,16,14,0.0,0.0
1938_700,Wednesday,16,202,57.2,267.0
4250_700,Wednesday,16,74,308.4,616.0
18923_700,Wednesday,16,57,172.5,365.0
4505_700,Wednesday,16,30,61.8,137.0
17357_700,Wednesday,16,60,1.0,60.0
5246_700,Wednesday,16,33,115.1,261.0
10227_109,Wednesday,16,224,25.2,240.0
4237_700,Wednesday,16,35,18.9,123.0
27963_700,Wednesday,16,128,87.6,423.0
27965_700,Wednesday,16,79,61.5,362.0
18345_700,Wednesday,16,16,110.3,286.0
28259_100,Wednesday,16,124,106.5,840.0
19019_700,Wednesday,16,33,-9.1,120.0
29146_700,Wednesday,16,12,50.1,189.0
1879_900,Wednesday,16,30,16.9,103.0
17419_900,Wednesday,16,101,39.2,240.0
17427_900,Wednesday,16,150,-2.8,60.0
17400_700,Wednesday,16,66,370.9,960.0
27954_700,Wednesday,16,199,83.9,442.0
5262_700,Wednesday,16,46,111.7,272.0
18369_700,Wednesday,16,186,225.6,612.0
22624_700,Wednesday,16,9,77.9,78.0
18913_700,Wednesday,16,103,60.3,137.0
18905_700,Wednesday,16,7,38.4,66.0
18917_700,Wednesday,16,65,73.2,186.0
22725_700,Wednesday,16,36,0.0,0.0
17279_700,Wednesday,16,100,95.4,360.0
14754_700,Wednesday,16,19,144.7,156.0
5238_700,Wednesday,16,155,422.0,988.0
4270_700,Wednesday,16,31,169.9,284.0
19063_100,Wednesday,16,13,-18.5,0.0
17391_700,Wednesday,16,24,2.5,60.0
24641_900,Wednesday,16,88,21.8,180.0
10224_109,Wednesday,16,196,10.1,120.0
4242_700,Wednesday,16,131,163.4,518.0
1936_700,Wednesday,16,23,33.1,127.0
17374_900,Wednesday,16,52,-21.9,0.0
10159_109,Wednesday,16,49,23.3,180.0
26789_106,Wednesday,16,8,0.0,0.0
23944_100,Wednesday,16,10,12.0,180.0
27935_700,Wednesday,16,55,109.9,258.0
5255_700,Wednesday,16,37,125.9,197.0
18929_700,Wednesday,16,85,72.5,202.0
22694_700,Wednesday,16,28,16.9,207.0
22609_700,Wednesday,16,240,421.3,1260.0
17383_700,Wednesday,16,68,44.1,120.0
1880_900,Wednesday,16,2,35.0,70.0
27274_700,Wednesday,16,55,13.1,180.0
19211_700,Wednesday,16,24,206.5,252.0
18940_700,Wednesday,16,16,18.1,29.0
22695_700,Wednesday,16,56,38.6,199.0
5259_700,Wednesday,16,29,5.0,47.0
22453_700,Wednesday,16,23,187.1,366.0
1925_700,Wednesday,16,320,16.7,304.0
18364_700,Wednesday,16,94,67.4,206.0
4520_700,Wednesday,16,46,182.7,421.0
18892_700,Wednesday,16,23,73.3,153.0
17313_700,Wednesday,16,178,81.9,480.0
17345_700,Wednesday,16,288,38.1,360.0
18370_700,Wednesday,16,264,224.0,1183.0
4502_700,Wednesday,16,25,117.9,174.0
17340_700,Wednesday,16,556,146.4,900.0
22707_700,Wednesday,16,34,443.4,1809.0
1877_700,Wednesday,16,29,77.2,80.0
18357_700,Wednesday,16,19,46.8,145.0
13133_700,Wednesday,16,77,94.5,266.0
27286_700,Wednesday,16,50,332.4,780.0
18930_700,Wednesday,16,40,138.8,263.0
18351_700,Wednesday,16,11,339.5,388.0
19113_700,Wednesday,16,22,39.9,65.0
22689_700,Wednesday,16,72,207.2,688.0
6625_700,Wednesday,16,27,47.6,141.0
4267_700,Wednesday,16,18,166.8,198.0
4498_700,Wednesday,16,48,246.0,497.0
5233_700,Wednesday,16,88,159.0,316.0
18897_700,Wednesday,16,48,62.2,132.0
19111_700,Wednesday,16,38,262.9,439.0
27937_700,Wednesday,16,102,69.9,316.0
27268_700,Wednesday,16,15,0.0,0.0
22723_700,Wednesday,16,52,22.6,81.0
18355_700,Wednesday,16,43,43.2,151.0
17420_900,Wednesday,16,190,24.3,180.0
22704_700,Wednesday,16,13,0.0,0.0
13114_700,Wednesday,16,41,295.2,714.0
4271_700,Wednesday,16,9,96.1,136.0
19065_100,Wednesday,16,14,282.9,540.0
17411_700,Wednesday,16,25,768.0,1020.0
17301_900,Wednesday,16,131,8.2,120.0
18358_700,Wednesday,16,121,362.6,2651.0
1935_700,Wednesday,16,59,0.0,0.0
4249_700,Wednesday,16,90,231.1,366.0
5258_700,Wednesday,16,21,83.0,239.0
4509_700,Wednesday,16,18,54.8,70.0
17409_700,Wednesday,16,70,137.1,660.0
18362_700,Wednesday,16,14,53.3,122.0
4265_700,Wednesday,16,68,427.1,1007.0
10913_700,Wednesday,16,39,151.5,287.0
24057_100,Wednesday,16,58,15.5,360.0
27946_700,Wednesday,16,35,31.2,209.0
4239_700,Wednesday,16,26,18.9,96.0
17289_700,Wednesday,16,198,916.1,3420.0
28804_700,Wednesday,16,16,378.4,414.0
18933_700,Wednesday,16,24,220.8,290.0
27276_700,Wednesday,16,139,170.1,780.0
20810_700,Wednesday,16,18,0.0,0.0
27945_700,Wednesday,16,154,66.0,473.0
4225_700,Wednesday,16,18,39.2,96.0
19112_700,Wednesday,16,20,-15.7,20.0
27948_700,Wednesday,16,72,207.3,520.0
4511_700,Wednesday,16,68,71.2,160.0
20845_700,Wednesday,16,43,89.3,161.0
28571_109,Wednesday,16,9,26.7,60.0
11536_109,Wednesday,16,32,3.8,60.0
24759_700,Wednesday,16,127,714.2,3661.0
5248_700,Wednesday,16,22,7.7,62.0
6618_700,Wednesday,16,43,201.1,327.0
4262_700,Wednesday,16,15,51.3,66.0
22696_700,Wednesday,16,25,86.2,126.0
27941_700,Wednesday,16,45,136.3,462.0
13126_700,Wednesday,16,63,127.0,393.0
20969_700,Wednesday,16,11,182.1,233.0
24042_100,Wednesday,16,56,10.7,120.0
27968_700,Wednesday,16,47,307.3,1244.0
22702_700,Wednesday,16,66,13.0,106.0
22706_700,Wednesday,16,72,0.8,7.0
17412_700,Wednesday,16,84,100.0,480.0
14753_700,Wednesday,16,56,2166.3,4430.0
5237_700,Wednesday,16,59,229.7,382.0
24055_100,Wednesday,16,48,133.8,1200.0
18921_700,Wednesday,16,39,65.0,136.0
17329_700,Wednesday,16,212,230.1,960.0
18363_700,Wednesday,16,59,110.8,263.0
18891_700,Wednesday,16,18,49.4,68.0
13418_700,Wednesday,16,43,-7.1,69.0
18341_700,Wednesday,16,39,-11.5,14.0
28712_700,Wednesday,16,10,0.0,0.0
27277_700,Wednesday,16,78,0.0,0.0
18347_700,Wednesday,16,17,118.2,348.0
19118_700,Wednesday,16,66,161.2,224.0
24048_100,Wednesday,16,10,-36.0,0.0
15624_700,Wednesday,16,27,124.5,351.0
29171_700,Wednesday,16,9,0.0,0.0
29153_700,Wednesday,16,40,12.4,75.0
26788_106,Wednesday,16,60,7.3,80.0
17534_700,Wednesday,16,80,177.8,720.0
4221_700,Wednesday,16,23,106.8,127.0
20930_700,Wednesday,16,107,270.6,420.0
18353_700,Wednesday,16,61,37.5,142.0
4251_700,Wednesday,16,72,187.5,320.0
17410_700,Wednesday,16,42,145.7,300.0
22708_700,Wednesday,16,171,12.0,94.0
22700_700,Wednesday,16,45,49.7,258.0
22726_700,Wednesday,16,62,11.3,87.0
27958_700,Wednesday,16,50,21.9,173.0
29104_700,Wednesday,16,11,378.0,711.0
27296_700,Wednesday,16,102,187.6,780.0
4226_700,Wednesday,16,38,30.1,125.0
18934_700,Wednesday,16,12,16.2,66.0
22711_700,Wednesday,16,51,652.6,2130.0
22718_700,Wednesday,16,3,0.0,0.0
18344_700,Wednesday,16,42,126.3,265.0
10673_700,Wednesday,16,28,0.0,0.0
15025_700,Wednesday,16,35,95.1,415.0
13122_700,Wednesday,16,26,3.8,100.0
16735_700,Wednesday,16,58,78.9,169.0
13443_700,Wednesday,16,16,3.0,3.0
17435_700,Wednesday,16,49,-29.4,120.0
15068_3,Wednesday,16,14,67.6,73.0
27942_700,Wednesday,16,17,75.6,148.0
23414_700,Wednesday,16,254,108.2,720.0
18945_700,Wednesday,16,90,93.3,538.0
17393_700,Wednesday,16,84,184.3,540.0
17402_700,Wednesday,16,18,0.0,0.0
18349_700,Wednesday,16,26,-12.4,0.0
22690_700,Wednesday,16,75,22.0,129.0
9696_700,Wednesday,16,9,127.8,138.0
17332_700,Wednesday,16,6,0.0,0.0
13889_700,Wednesday,16,50,37.2,65.0
27949_700,Wednesday,16,10,0.0,0.0
18935_700,Wednesday,16,33,135.7,351.0
29169_700,Wednesday,16,43,104.8,157.0
29163_700,Wednesday,16,12,59.0,59.0
18886_700,Wednesday,16,11,64.1,66.0
22454_700,Wednesday,16,12,113.8,205.0
27289_700,Wednesday,16,57,0.0,0.0
18895_700,Wednesday,16,44,275.7,470.0
19106_700,Wednesday,16,31,180.2,262.0
1881_900,Wednesday,16,15,16.9,132.0
19155_109,Wednesday,16,63,189.5,600.0
27294_700,Wednesday,16,1,0.0,0.0
27957_700,Wednesday,16,38,0.0,0.0
4235_700,Wednesday,16,23,372.3,374.0
21159_700,Wednesday,16,9,20.0,60.0
27943_700,Wednesday,16,71,92.2,411.0
18932_700,Wednesday,16,16,114.2,212.0
4519_700,Wednesday,16,30,9.0,31.0
15027_700,Wednesday,16,18,60.3,214.0
5236_700,Wednesday,16,106,252.5,823.0
25907_700,Wednesday,16,14,-11.5,0.0
28806_700,Wednesday,16,70,113.0,256.0
18922_700,Wednesday,16,115,68.7,148.0
13110_700,Wednesday,16,85,194.6,377.0
27934_700,Wednesday,16,108,509.8,1150.0
4266_700,Wednesday,16,20,62.1,87.0
15029_700,Wednesday,16,14,101.1,191.0
24046_100,Wednesday,16,24,97.5,540.0
29157_700,Wednesday,16,17,46.0,130.0
18352_700,Wednesday,16,30,40.1,134.0
1872_700,Wednesday,16,11,115.7,252.0
16349_100,Wednesday,16,28,447.9,1440.0
29103_700,Wednesday,16,34,48.0,96.0
17387_700,Wednesday,16,26,90.0,180.0
17392_700,Wednesday,16,24,52.5,240.0
13132_700,Wednesday,16,14,95.1,123.0
13106_700,Wednesday,16,16,28.0,28.0
4223_700,Wednesday,16,57,85.3,228.0
4257_700,Wednesday,16,30,158.5,326.0
13120_700,Wednesday,16,50,228.7,384.0
5239_700,Wednesday,16,76,125.0,286.0
27969_700,Wednesday,16,102,115.8,443.0
26780_700,Wednesday,16,78,49.2,240.0
4517_700,Wednesday,16,17,58.4,71.0
1874_700,Wednesday,16,5,22.8,64.0
18937_700,Wednesday,16,91,55.6,148.0
27967_700,Wednesday,16,49,30.7,210.0
5269_700,Wednesday,16,17,132.6,220.0
22721_700,Wednesday,16,11,12.5,27.0
29143_700,Wednesday,16,21,7.0,7.0
19126_700,Wednesday,16,117,177.8,422.0
19114_700,Wednesday,16,22,135.8,193.0
24718_700,Wednesday,16,8,727.4,1624.0
29161_700,Wednesday,16,14,63.3,144.0
28801_700,Wednesday,16,14,28.1,70.0
18939_700,Wednesday,16,151,297.9,970.0
17403_700,Wednesday,16,17,10.6,120.0
20479_700,Wednesday,16,20,138.7,452.0
10683_700,Wednesday,16,2,-139.0,130.0
18906_700,Wednesday,16,36,94.2,249.0
18904_700,Wednesday,16,22,146.9,279.0
10679_700,Wednesday,16,86,140.5,692.0
29156_700,Wednesday,16,15,17.9,67.0
19110_700,Wednesday,16,14,129.4,157.0
17399_700,Wednesday,16,27,0.0,0.0
6629_700,Wednesday,16,26,804.0,850.0
29152_700,Wednesday,16,12,49.4,230.0
29160_700,Wednesday,16,22,31.5,93.0
28399_700,Wednesday,16,17,64.9,157.0
27964_700,Wednesday,16,35,237.0,309.0
13113_700,Wednesday,16,113,144.5,620.0
16345_100,Wednesday,16,39,-9.2,60.0
18365_700,Wednesday,16,22,0.0,0.0
14733_700,Wednesday,16,15,97.9,146.0
19133_700,Wednesday,16,48,146.9,355.0
29101_700,Wednesday,16,36,301.4,714.0
5254_700,Wednesday,16,47,187.9,316.0
4254_700,Wednesday,16,24,213.5,313.0
24715_700,Wednesday,16,8,-36.2,65.0
27953_700,Wednesday,16,36,35.2,63.0
27950_700,Wednesday,16,8,0.0,0.0
18346_700,Wednesday,16,9,345.3,408.0
18348_700,Wednesday,16,23,124.9,281.0
19123_700,Wednesday,16,6,35.5,92.0
19104_700,Wednesday,16,27,49.9,275.0
10911_700,Wednesday,16,16,-9.2,0.0
5235_700,Wednesday,16,31,61.5,143.0
27283_700,Wednesday,16,20,69.0,300.0
27956_700,Wednesday,16,24,35.2,418.0
4504_700,Wednesday,16,32,299.0,512.0
5241_700,Wednesday,16,158,100.6,355.0
29141_700,Wednesday,16,40,118.1,258.0
19062_100,Wednesday,16,12,400.0,720.0
6621_700,Wednesday,16,33,23.7,79.0
5260_700,Wednesday,16,10,36.4,116.0
1878_700,Wednesday,16,20,-85.8,1.0
18342_700,Wednesday,16,41,2.2,71.0
27939_700,Wednesday,16,36,27.0,54.0
13111_700,Wednesday,16,13,68.3,136.0
4243_700,Wednesday,16,66,416.3,1253.0
18915_700,Wednesday,16,39,63.8,77.0
18907_700,Wednesday,16,15,59.7,64.0
19105_700,Wednesday,16,20,100.4,216.0
18371_700,Wednesday,16,35,85.1,222.0
29145_700,Wednesday,16,40,184.3,321.0
13115_700,Wednesday,16,35,107.8,126.0
19124_700,Wednesday,16,27,20.9,33.0
28802_700,Wednesday,16,17,92.9,197.0
19121_700,Wednesday,16,62,208.8,407.0
4244_700,Wednesday,16,33,83.2,134.0
27288_700,Wednesday,16,53,0.0,0.0
5257_3,Wednesday,16,21,26.2,29.0
5337_700,Wednesday,16,123,47.6,386.0
22804_700,Wednesday,16,244,20.2,802.0
5340_700,Wednesday,16,122,25.0,194.0
5332_700,Wednesday,16,94,17.4,173.0
5333_700,Wednesday,16,105,0.0,0.0
5335_700,Wednesday,16,120,119.3,815.0
5338_700,Wednesday,16,21,108.8,356.0
5339_700,Wednesday,16,185,49.3,491.0
5344_700,Wednesday,16,31,18.6,120.0
5341_700,Wednesday,16,68,1.3,36.0
5342_700,Wednesday,16,91,110.3,418.0
5345_700,Wednesday,16,108,20.7,149.0
5346_700,Wednesday,16,80,16.3,100.0
5350_700,Wednesday,16,154,20.3,235.0
5343_700,Wednesday,16,121,97.0,355.0
5355_700,Wednesday,16,94,24.4,163.0
5364_700,Wednesday,16,141,2.6,70.0
5348_700,Wednesday,16,22,105.8,165.0
5366_700,Wednesday,16,51,14.6,193.0
5352_700,Wednesday,16,28,0.0,0.0
25529_700,Wednesday,16,48,37.3,649.0
5354_700,Wednesday,16,38,11.7,91.0
5353_700,Wednesday,16,148,47.7,424.0
5356_700,Wednesday,16,16,18.7,64.0
5362_700,Wednesday,16,45,13.3,60.0
5370_700,Wednesday,16,106,79.6,344.0
5363_700,Wednesday,16,60,7.2,180.0
5365_700,Wednesday,16,151,3.7,60.0
5371_700,Wednesday,16,154,1.1,81.0
5368_700,Wednesday,16,94,0.0,0.0
5369_700,Wednesday,16,178,54.0,379.0
5336_700,Wednesday,16,101,-7.2,115.0
16009_700,Wednesday,16,179,147.6,1410.0
5384_700,Wednesday,16,247,29.3,157.0
5382_700,Wednesday,16,6,0.0,0.0
5372_700,Wednesday,16,128,2.8,60.0
5376_700,Wednesday,16,88,27.2,268.0
5377_700,Wednesday,16,99,44.0,288.0
5378_700,Wednesday,16,201,104.5,809.0
5379_700,Wednesday,16,207,15.9,168.0
5380_700,Wednesday,16,150,50.1,540.0
5381_700,Wednesday,16,206,9.5,93.0
10296_700,Wednesday,16,27,69.1,133.0
4261_700,Wednesday,16,38,279.1,529.0
5351_700,Wednesday,16,37,167.7,537.0
5358_700,Wednesday,16,23,90.3,267.0
16354_700,Wednesday,16,44,72.2,225.0
4268_700,Wednesday,16,33,36.4,141.0
23444_700,Wednesday,16,33,90.6,194.0
27936_700,Wednesday,16,48,2.8,384.0
4503_700,Wednesday,16,43,152.3,330.0
4228_700,Wednesday,16,15,39.7,212.0
23435_700,Wednesday,16,9,211.0,233.0
4241_700,Wednesday,16,14,31.4,33.0
19115_700,Wednesday,16,8,76.9,77.0
15020_700,Wednesday,16,15,103.6,200.0
13123_700,Wednesday,16,32,97.0,97.0
13125_700,Wednesday,16,26,194.0,194.0
1926_700,Wednesday,16,40,73.0,221.0
21749_700,Wednesday,16,17,22.1,66.0
15711_700,Wednesday,16,24,107.2,134.0
4514_700,Wednesday,16,59,213.1,377.0
5250_700,Wednesday,16,33,263.3,379.0
7251_700,Wednesday,16,14,439.7,528.0
18902_700,Wednesday,16,18,123.9,124.0
17415_700,Wednesday,16,34,5.3,120.0
5247_700,Wednesday,16,41,364.2,576.0
29140_700,Wednesday,16,32,274.4,390.0
4492_700,Wednesday,16,9,273.6,289.0
5359_700,Wednesday,16,10,954.0,1104.0
4238_700,Wednesday,16,20,242.9,247.0
5265_700,Wednesday,16,11,18.7,66.0
5266_700,Wednesday,16,18,77.3,137.0
6617_700,Wednesday,16,37,254.8,582.0
19705_700,Wednesday,16,27,335.6,1380.0
10914_700,Wednesday,16,19,43.6,63.0
29162_700,Wednesday,16,27,63.6,95.0
13134_700,Wednesday,16,14,531.0,531.0
5263_3,Wednesday,16,6,0.0,0.0
4515_700,Wednesday,16,17,69.9,70.0
20364_700,Wednesday,16,41,213.3,402.0
6624_700,Wednesday,16,19,4.3,65.0
18914_700,Wednesday,16,20,106.2,131.0
4507_700,Wednesday,16,22,70.0,70.0
19244_700,Wednesday,16,14,204.1,251.0
4521_700,Wednesday,16,66,163.9,388.0
5253_700,Wednesday,16,27,52.5,91.0
4501_700,Wednesday,16,10,159.3,337.0
17389_700,Wednesday,16,10,-24.0,0.0
17406_700,Wednesday,16,13,60.0,120.0
29167_700,Wednesday,16,20,177.6,335.0
27955_700,Wednesday,16,11,-50.5,0.0
25904_700,Wednesday,16,18,-43.9,0.0
12043_700,Wednesday,16,13,76.8,91.0
27938_700,Wednesday,16,16,272.2,383.0
18339_700,Wednesday,16,10,27.5,66.0
4231_700,Wednesday,16,6,23.8,24.0
4227_700,Wednesday,16,16,12.9,29.0
29102_700,Wednesday,16,37,80.1,1934.0
4495_700,Wednesday,16,14,110.9,111.0
24053_100,Wednesday,19,179,21.1,540
28311_100,Wednesday,19,54,1.1,180
19058_100,Wednesday,19,201,145.7,1740
24025_100,Wednesday,19,207,329.3,2580
22717_700,Wednesday,19,17,0.0,0
19059_100,Wednesday,19,27,-6.7,0
18350_700,Wednesday,19,70,30.1,192
20810_700,Wednesday,19,18,0.0,0
18344_700,Wednesday,19,63,69.5,261
10141_109,Wednesday,19,357,12.3,120
24050_100,Wednesday,19,44,2.7,240
24057_100,Wednesday,19,58,13.4,180
24055_100,Wednesday,19,40,49.5,540
27276_700,Wednesday,19,133,0.0,0
28109_700,Wednesday,19,38,0.0,0
27275_700,Wednesday,19,370,0.0,0
27279_700,Wednesday,19,34,0.0,0
21947_700,Wednesday,19,76,-0.2,75
27291_700,Wednesday,19,86,0.0,0
343_900,Wednesday,19,150,-2.2,59
1921_700,Wednesday,19,145,5.7,226
3713_700,Wednesday,19,71,-46.8,0
10674_700,Wednesday,19,42,0.0,0
1971_700,Wednesday,19,133,9.2,1242
4477_700,Wednesday,19,88,14.0,252
10676_700,Wednesday,19,165,5.8,661
1955_700,Wednesday,19,235,-8.0,273
10673_700,Wednesday,19,28,0.0,0
1925_700,Wednesday,19,188,1485.9,4310
1931_700,Wednesday,19,35,9.9,136
1945_700,Wednesday,19,144,-11.7,83
1928_700,Wednesday,19,90,-55.7,71
1924_700,Wednesday,19,99,0.7,68
1923_700,Wednesday,19,280,0.3,134
1938_700,Wednesday,19,160,3.0,71
27280_700,Wednesday,19,44,0.0,0
27300_700,Wednesday,19,119,3.0,60
26785_106,Wednesday,19,88,0.0,0
20813_100,Wednesday,19,12,0.0,0
340_900,Wednesday,19,196,-3.1,71
27277_700,Wednesday,19,95,0.0,0
27296_700,Wednesday,19,47,103.4,300
27290_700,Wednesday,19,77,0.0,0
22708_700,Wednesday,19,66,0.0,0
26790_106,Wednesday,19,72,0.0,0
17456_700,Wednesday,19,809,54.6,2700
26783_106,Wednesday,19,90,0.0,0
22804_700,Wednesday,19,142,13.0,156
5344_700,Wednesday,19,12,0.0,0
5353_700,Wednesday,19,75,0.0,0
5363_700,Wednesday,19,60,5.4,60
5365_700,Wednesday,19,61,49.9,147
16009_700,Wednesday,19,107,3.1,91
5380_700,Wednesday,19,60,31.0,120
5370_700,Wednesday,19,87,9.0,60
5381_700,Wednesday,19,174,7.5,142
27288_700,Wednesday,19,106,6.5,105
5371_700,Wednesday,19,47,-8.3,0
5378_700,Wednesday,19,142,-7.3,97
5366_700,Wednesday,19,19,20.3,60
5339_700,Wednesday,19,110,-7.8,568
25529_700,Wednesday,19,17,0.0,0
5376_700,Wednesday,19,71,0.4,31
5377_700,Wednesday,19,59,0.0,0
17295_700,Wednesday,19,190,5.4,120
1929_700,Wednesday,19,52,3.2,135
26784_106,Wednesday,19,62,0.0,0
5372_700,Wednesday,19,58,13.7,135
5369_700,Wednesday,19,82,41.8,184
337_700,Wednesday,19,68,0.0,0
22691_700,Wednesday,19,96,0.0,0
22714_700,Wednesday,19,92,0.0,0
26788_106,Wednesday,19,60,0.0,0
5335_700,Wednesday,19,16,0.0,0
5379_700,Wednesday,19,171,-2.4,169
5345_700,Wednesday,19,117,23.8,294
10682_700,Wednesday,19,78,2.4,130
26787_106,Wednesday,19,15,0.0,0
17350_700,Wednesday,19,318,69.1,420
17533_700,Wednesday,19,401,-3.3,300
336_700,Wednesday,19,90,0.0,0
5384_700,Wednesday,19,176,38.6,170
17455_700,Wednesday,19,935,-2.7,300
17529_700,Wednesday,19,452,367.3,3120
17448_700,Wednesday,19,577,15.1,300
17360_700,Wednesday,19,278,38.6,300
17333_700,Wednesday,19,177,-0.3,60
17458_700,Wednesday,19,278,-6.5,0
17372_700,Wednesday,19,315,30.3,1620
17514_400,Wednesday,19,755,-73.3,360
17330_700,Wednesday,19,350,103.9,540
5382_700,Wednesday,19,24,22.5,60
17532_700,Wednesday,19,289,13.9,120
17442_900,Wednesday,19,564,-0.3,240
26786_106,Wednesday,19,44,0.0,0
17361_700,Wednesday,19,261,-2.5,360
18908_700,Wednesday,19,91,1889.0,4075
17447_700,Wednesday,19,335,-0.5,120
17351_700,Wednesday,19,126,0.0,60
27951_700,Wednesday,19,22,1210.4,1824
17323_700,Wednesday,19,212,-545.9,60
17440_900,Wednesday,19,763,69.8,900
26791_106,Wednesday,19,4,0.0,0
13110_700,Wednesday,19,7,35.1,120
17452_900,Wednesday,19,824,0.7,240
17296_700,Wednesday,19,92,229.6,1260
17365_700,Wednesday,19,167,-4.0,60
26793_106,Wednesday,19,18,0.0,0
17364_700,Wednesday,19,446,603.4,1980
27952_700,Wednesday,19,176,27.4,224
17324_900,Wednesday,19,188,-0.3,60
17525_400,Wednesday,19,540,0.1,60
17422_900,Wednesday,19,316,-0.2,60
17348_700,Wednesday,19,297,26.7,540
17518_400,Wednesday,19,522,0.9,180
17515_400,Wednesday,19,570,0.5,180
17523_400,Wednesday,19,1280,0.3,180
17342_700,Wednesday,19,587,720.7,3000
20364_700,Wednesday,19,42,69.6,140
27292_700,Wednesday,19,29,0.0,0
18898_700,Wednesday,19,66,127.0,224
17460_900,Wednesday,19,935,-0.3,600
5607_700,Wednesday,19,54,0.0,0
17345_700,Wednesday,19,128,1.4,180
17352_900,Wednesday,19,84,0.0,0
17521_400,Wednesday,19,470,0.8,60
17400_700,Wednesday,19,110,-358.9,0
17302_700,Wednesday,19,293,11.1,420
17326_700,Wednesday,19,138,1.7,120
17334_700,Wednesday,19,236,70.9,420
17346_700,Wednesday,19,156,133.8,780
17449_700,Wednesday,19,1113,189.6,1020
17290_700,Wednesday,19,337,2.7,60
4514_700,Wednesday,19,26,24.1,66
17355_700,Wednesday,19,264,57.7,300
17356_700,Wednesday,19,259,10.2,300
16354_700,Wednesday,19,31,113.2,289
17441_700,Wednesday,19,884,-1.5,120
17322_700,Wednesday,19,92,5.9,120
17526_400,Wednesday,19,315,0.8,120
17338_900,Wednesday,19,208,-1.2,60
18939_700,Wednesday,19,98,71.5,196
5332_700,Wednesday,19,60,-0.8,56
1930_700,Wednesday,19,92,783.1,1967
17538_700,Wednesday,19,429,13.6,180
6629_700,Wednesday,19,25,13.7,65
26748_100,Wednesday,19,5,108.0,180
18374_700,Wednesday,19,252,5.0,60
4495_700,Wednesday,19,14,69.9,70
13116_700,Wednesday,19,3,42.0,126
17459_900,Wednesday,19,643,6.2,780
17463_900,Wednesday,19,178,-0.3,60
18923_700,Wednesday,19,51,68.0,145
17424_900,Wednesday,19,402,6.6,420
18945_700,Wednesday,19,89,66.8,207
18906_700,Wednesday,19,41,115.3,173
23444_700,Wednesday,19,14,25.7,60
17331_700,Wednesday,19,154,7.0,60
17312_700,Wednesday,19,100,-1.8,0
15273_700,Wednesday,19,82,0.0,0
15277_700,Wednesday,19,392,0.3,185
15274_700,Wednesday,19,558,10.4,270
7361_700,Wednesday,19,245,9.2,219
16859_700,Wednesday,19,134,0.0,0
1546_700,Wednesday,19,343,1.1,90
1547_700,Wednesday,19,262,-1.1,66
1548_700,Wednesday,19,811,11.5,200
1549_700,Wednesday,19,304,1.3,150
5596_700,Wednesday,19,187,0.9,117
1550_700,Wednesday,19,101,3.0,181
1551_700,Wednesday,19,321,3.8,302
15276_700,Wednesday,19,249,0.1,108
4456_700,Wednesday,19,124,1.5,124
7362_900,Wednesday,19,206,9.8,118
5633_900,Wednesday,19,710,2.8,117
13438_900,Wednesday,19,407,0.2,62
1556_900,Wednesday,19,390,0.3,71
5635_900,Wednesday,19,1201,6.0,164
16915_700,Wednesday,19,151,0.5,63
15959_700,Wednesday,19,140,0.9,63
17537_700,Wednesday,19,85,-4.9,120
21726_700,Wednesday,19,58,7.9,138
17462_700,Wednesday,19,313,-1.3,60
17438_900,Wednesday,19,203,-1.5,0
17369_700,Wednesday,19,151,14.7,120
17368_700,Wednesday,19,190,-1.6,60
17416_900,Wednesday,19,375,-3.2,120
17306_700,Wednesday,19,684,55.5,600
17451_700,Wednesday,19,269,-0.4,120
17374_900,Wednesday,19,52,0.0,0
10142_109,Wednesday,19,188,14.4,120
24056_100,Wednesday,19,38,-14.2,60
17418_900,Wednesday,19,114,0.5,60
17444_900,Wednesday,19,112,-0.0,120
17420_900,Wednesday,19,165,0.4,60
17370_700,Wednesday,19,176,-3.1,60
17457_700,Wednesday,19,543,4.2,420
24641_900,Wednesday,19,77,3.1,120
4281_700,Wednesday,19,41,18.6,83
17450_700,Wednesday,19,160,6.0,60
17378_700,Wednesday,19,297,82.0,1200
17301_900,Wednesday,19,145,0.8,60
23945_100,Wednesday,19,105,136.6,1140
17393_700,Wednesday,19,83,38.3,120
17310_700,Wednesday,19,240,9.5,120
13106_700,Wednesday,19,3,20.7,61
18899_700,Wednesday,19,55,91.3,212
17425_900,Wednesday,19,280,-1.5,60
10144_109,Wednesday,19,146,10.3,120
18909_700,Wednesday,19,198,64.2,205
17289_700,Wednesday,19,97,469.5,3180
18920_700,Wednesday,19,154,62.7,273
17453_700,Wednesday,19,486,61.5,2040
17409_700,Wednesday,19,41,8.8,180
17299_700,Wednesday,19,174,36.9,180
17367_700,Wednesday,19,318,8.5,240
17339_700,Wednesday,19,485,-0.6,180
17347_700,Wednesday,19,331,-1.8,60
17328_700,Wednesday,19,182,-2.3,120
17398_700,Wednesday,19,59,22.4,420
17446_900,Wednesday,19,171,-5.3,0
10149_109,Wednesday,19,184,36.5,240
28805_700,Wednesday,19,29,41.2,124
17464_700,Wednesday,19,181,-3.0,60
5246_700,Wednesday,19,33,71.7,131
4242_700,Wednesday,19,132,99.9,243
1879_900,Wednesday,19,4,72.0,127
18922_700,Wednesday,19,89,142.7,216
17341_700,Wednesday,19,515,6.2,420
17419_900,Wednesday,19,117,0.0,0
17465_700,Wednesday,19,542,9.3,240
17535_700,Wednesday,19,277,0.4,120
27289_700,Wednesday,19,51,58.8,180
17414_700,Wednesday,19,53,19.2,60
24715_700,Wednesday,19,4,0.0,0
26789_106,Wednesday,19,8,0.0,0
17461_700,Wednesday,19,445,15.6,180
17417_900,Wednesday,19,198,0.6,180
17316_700,Wednesday,19,186,1.9,180
13115_700,Wednesday,19,3,66.0,198
28260_900,Wednesday,19,67,-1.8,0
17304_700,Wednesday,19,402,299.0,1020
17376_700,Wednesday,19,46,24.8,180
17516_400,Wednesday,19,35,1.7,60
10145_109,Wednesday,19,206,56.2,540
10158_109,Wednesday,19,145,103.0,480
17327_700,Wednesday,19,86,173.0,900
10165_109,Wednesday,19,41,36.6,180
22240_109,Wednesday,19,206,105.1,720
5238_700,Wednesday,19,83,64.5,138
28572_109,Wednesday,19,5,24.0,60
24045_100,Wednesday,19,106,-5.1,60
10166_109,Wednesday,19,42,48.6,240
17297_700,Wednesday,19,269,32.1,120
10170_109,Wednesday,19,289,69.1,660
18351_700,Wednesday,19,88,2.0,172
18353_700,Wednesday,19,33,0.0,0
18354_700,Wednesday,19,60,17.1,132
18359_700,Wednesday,19,36,-14.6,15
18349_700,Wednesday,19,20,9.2,138
18361_700,Wednesday,19,92,0.2,54
18357_700,Wednesday,19,16,0.0,0
1870_700,Wednesday,19,3,49.3,74
10157_109,Wednesday,19,288,80.8,540
23415_700,Wednesday,19,479,85.9,1020
18370_700,Wednesday,19,72,-39.5,190
18352_700,Wednesday,19,20,0.0,0
18360_700,Wednesday,19,135,42.1,337
18369_700,Wednesday,19,10,0.0,0
17319_700,Wednesday,19,415,11.0,240
17281_700,Wednesday,19,69,7.0,60
13136_700,Wednesday,19,10,18.8,128
24759_700,Wednesday,19,122,7.9,180
10223_109,Wednesday,19,243,34.3,300
10226_109,Wednesday,19,245,8.1,120
17359_700,Wednesday,19,157,120.8,660
17294_700,Wednesday,19,118,11.2,60
18917_700,Wednesday,19,24,62.9,78
16345_100,Wednesday,19,39,0.0,0
4222_700,Wednesday,19,10,0.5,15
25905_700,Wednesday,19,17,33.4,63
5342_700,Wednesday,19,19,48.2,181
17527_700,Wednesday,19,9,0.0,0
17279_700,Wednesday,19,98,7.3,360
17308_700,Wednesday,19,82,12.4,120
17402_700,Wednesday,19,12,0.0,0
17382_700,Wednesday,19,45,0.0,0
17343_700,Wednesday,19,70,-3.4,0
20969_700,Wednesday,19,6,32.8,33
17530_700,Wednesday,19,270,58.4,480
4243_700,Wednesday,19,61,69.2,166
15020_700,Wednesday,19,3,24.3,73
17349_700,Wednesday,19,354,55.6,420
17445_700,Wednesday,19,239,591.7,2760
17536_700,Wednesday,19,129,10.7,180
17383_700,Wednesday,19,68,-0.9,0
17314_700,Wednesday,19,256,-1.2,120
4223_700,Wednesday,19,56,55.2,125
17512_400,Wednesday,19,20,0.0,0
5233_700,Wednesday,19,59,162.8,392
17437_700,Wednesday,19,114,158.4,2280
17421_900,Wednesday,19,54,3.3,60
18911_700,Wednesday,19,47,41.4,83
17320_700,Wednesday,19,343,1.0,120
19705_700,Wednesday,19,33,85.5,480
5241_700,Wednesday,19,91,42.8,158
22726_700,Wednesday,19,17,0.0,0
17362_700,Wednesday,19,268,220.3,1380
22712_700,Wednesday,19,50,0.0,0
17381_700,Wednesday,19,308,5.1,180
28259_100,Wednesday,19,93,65.2,480
1880_900,Wednesday,19,3,18.0,59
17412_700,Wednesday,19,55,5.5,120
18926_700,Wednesday,19,30,80.4,289
17373_700,Wednesday,19,179,0.3,120
17344_700,Wednesday,19,52,16.2,60
23944_100,Wednesday,19,11,0.0,0
17531_700,Wednesday,19,50,18.0,60
17443_700,Wednesday,19,38,366.3,2280
17520_700,Wednesday,19,125,4.3,240
27934_700,Wednesday,19,47,59.3,202
18889_700,Wednesday,19,11,54.3,89
17454_700,Wednesday,19,175,27.8,240
17435_700,Wednesday,19,58,3.1,60
1872_700,Wednesday,19,11,-23.4,116
17391_700,Wednesday,19,19,0.0,0
18341_700,Wednesday,19,10,-12.6,0
17377_700,Wednesday,19,73,95.3,300
17388_700,Wednesday,19,11,0.0,0
5252_700,Wednesday,19,47,56.8,137
22754_700,Wednesday,19,357,2.0,180
17744_700,Wednesday,19,61,4.9,120
17315_700,Wednesday,19,170,16.9,240
19065_100,Wednesday,19,16,78.8,180
19066_100,Wednesday,19,158,184.6,1200
23414_700,Wednesday,19,96,31.9,120
20930_700,Wednesday,19,71,52.2,256
10229_109,Wednesday,19,34,45.9,240
10162_109,Wednesday,19,272,43.0,420
10163_109,Wednesday,19,281,81.4,360
10143_109,Wednesday,19,216,26.1,180
19063_100,Wednesday,19,13,-4.6,60
17293_700,Wednesday,19,70,2.6,120
10155_109,Wednesday,19,199,29.5,240
28806_700,Wednesday,19,49,104.7,138
18927_700,Wednesday,19,19,78.3,139
17415_700,Wednesday,19,32,0.0,0
5249_700,Wednesday,19,188,217.6,3180
17309_700,Wednesday,19,135,21.3,60
17366_700,Wednesday,19,207,1.2,240
23154_700,Wednesday,19,45,-5.3,0
4239_700,Wednesday,19,27,76.6,206
17311_700,Wednesday,19,303,-1.4,120
17340_700,Wednesday,19,208,-22.8,120
17379_700,Wednesday,19,94,-12.8,0
18930_700,Wednesday,19,18,57.2,69
17384_700,Wednesday,19,40,3.0,120
17313_700,Wednesday,19,122,15.7,240
17305_700,Wednesday,19,383,32.1,120
17325_700,Wednesday,19,235,0.5,60
5368_700,Wednesday,19,31,0.0,0
18935_700,Wednesday,19,23,53.7,63
5236_700,Wednesday,19,11,-23.9,0
18921_700,Wednesday,19,3,-136.7,0
18916_700,Wednesday,19,33,58.4,198
18931_700,Wednesday,19,114,77.3,210
6622_700,Wednesday,19,14,64.9,65
17387_700,Wednesday,19,24,85.0,240
28712_700,Wednesday,19,11,0.0,0
17336_700,Wednesday,19,33,-1.8,0
17335_700,Wednesday,19,292,-11.1,120
17298_700,Wednesday,19,30,-6.0,0
18932_700,Wednesday,19,2,-30.5,0
17380_700,Wednesday,19,126,-1.9,60
17385_700,Wednesday,19,42,80.0,120
22451_700,Wednesday,19,20,53.5,140
19127_700,Wednesday,19,51,46.9,128
18913_700,Wednesday,19,79,51.8,127
18937_700,Wednesday,19,78,33.0,93
17413_700,Wednesday,19,34,-0.0,60
17392_700,Wednesday,19,24,0.0,0
4249_700,Wednesday,19,22,0.0,0
4259_700,Wednesday,19,68,26.9,147
19019_700,Wednesday,19,22,0.0,0
17292_700,Wednesday,19,233,60.8,300
17363_700,Wednesday,19,95,23.4,240
17427_900,Wednesday,19,150,-4.8,0
22390_700,Wednesday,19,59,7.1,60
17401_700,Wednesday,19,13,46.2,120
27945_700,Wednesday,19,60,18.9,260
17303_700,Wednesday,19,369,41.3,360
18900_700,Wednesday,19,95,76.1,278
17300_700,Wednesday,19,220,66.5,300
17318_700,Wednesday,19,203,572.5,1920
18892_700,Wednesday,19,6,53.0,64
17353_700,Wednesday,19,32,-15.0,60
4287_700,Wednesday,19,60,90.4,200
29160_700,Wednesday,19,22,64.0,71
5242_700,Wednesday,19,13,50.0,140
26780_700,Wednesday,19,78,4.6,180
1558_900,Wednesday,19,42,13.6,168
18969_100,Wednesday,19,4,0.0,0
9696_700,Wednesday,19,12,-5.1,140
17407_700,Wednesday,19,30,0.0,0
22609_700,Wednesday,19,147,12.7,120
17329_700,Wednesday,19,143,-2.5,120
5237_700,Wednesday,19,41,229.3,351
29150_700,Wednesday,19,2,67.0,71
4265_700,Wednesday,19,47,98.6,207
19079_700,Wednesday,19,28,131.5,385
7251_700,Wednesday,19,13,34.1,37
5352_700,Wednesday,19,10,48.0,60
17321_700,Wednesday,19,71,-4.2,0
22739_700,Wednesday,19,26,0.0,0
19126_700,Wednesday,19,51,191.0,394
18355_700,Wednesday,19,21,12.8,150
26454_700,Wednesday,19,6,5.0,37
4264_700,Wednesday,19,39,24.1,90
28571_109,Wednesday,19,10,30.0,60
5243_3,Wednesday,19,33,61.7,160
18949_109,Wednesday,19,154,20.3,180
10148_109,Wednesday,19,290,19.9,240
10224_109,Wednesday,19,245,41.6,300
10227_109,Wednesday,19,244,23.9,240
10167_109,Wednesday,19,185,7.5,120
4221_700,Wednesday,19,43,160.6,246
5239_700,Wednesday,19,60,83.7,159
24044_100,Wednesday,19,5,0.0,0
24046_100,Wednesday,19,32,7.5,120
24043_100,Wednesday,19,42,-21.4,60
21284_700,Wednesday,19,103,315.7,1620
27569_700,Wednesday,19,8,0.0,0
24052_100,Wednesday,19,37,19.5,240
24047_100,Wednesday,19,10,-6.0,60
19156_109,Wednesday,19,27,8.9,120
13113_700,Wednesday,19,19,17.7,206
4238_700,Wednesday,19,20,114.2,213
4244_700,Wednesday,19,22,128.0,141
4245_700,Wednesday,19,5,61.6,62
13108_700,Wednesday,19,2,30.5,61
13105_700,Wednesday,19,2,70.5,141
17375_700,Wednesday,19,49,-1.2,60
22453_700,Wednesday,19,11,103.9,199
1882_900,Wednesday,19,16,5.5,126
17317_700,Wednesday,19,158,114.7,900
17403_700,Wednesday,19,7,0.0,0
17354_700,Wednesday,19,169,-2.5,240
18367_700,Wednesday,19,36,102.9,210
17332_700,Wednesday,19,6,0.0,0
21750_700,Wednesday,19,20,-8.2,4
4240_700,Wednesday,19,6,59.0,71
20479_700,Wednesday,19,14,95.1,858
17357_700,Wednesday,19,30,2.0,60
5248_700,Wednesday,19,32,35.9,210
13107_700,Wednesday,19,4,66.0,137
13443_700,Wednesday,19,1,66.0,66
5351_700,Wednesday,19,16,66.1,144
17406_700,Wednesday,19,26,-6.9,0
29141_700,Wednesday,19,10,19.2,128
27959_700,Wednesday,19,52,230.9,318
22775_700,Wednesday,19,9,201.9,211
15624_700,Wednesday,19,4,45.2,120
13122_700,Wednesday,19,1,65.0,65
17307_700,Wednesday,19,37,270.8,600
4503_700,Wednesday,19,20,5.2,10
19118_700,Wednesday,19,63,49.0,84
17395_700,Wednesday,19,8,0.0,0
16349_100,Wednesday,19,20,0.0,0
18929_700,Wednesday,19,22,22.2,62
18934_700,Wednesday,19,14,67.9,68
5337_700,Wednesday,19,20,4.8,25
18915_700,Wednesday,19,18,502.8,521
20369_100,Wednesday,19,6,0.0,0
1874_700,Wednesday,19,3,26.7,63
1871_700,Wednesday,19,17,32.5,189
5235_700,Wednesday,19,28,140.0,361
5362_700,Wednesday,19,17,96.1,343
18914_700,Wednesday,19,1,0.0,0
13133_700,Wednesday,19,5,13.2,66
5232_700,Wednesday,19,27,91.4,207
24048_100,Wednesday,19,11,147.3,420
24042_100,Wednesday,19,56,10.7,180
19155_109,Wednesday,19,59,1092.2,2100
3975_700,Wednesday,19,24,-11.0,75
27915_700,Wednesday,19,6,128.2,240
24049_100,Wednesday,19,11,5.5,60
19062_100,Wednesday,19,11,10.9,120
28802_700,Wednesday,19,17,196.1,262
18895_700,Wednesday,19,20,26.9,68
25489_700,Wednesday,19,8,15.6,44
19119_700,Wednesday,19,25,644.1,941
